[23Mai2026 12:22:49.136] [main/INFO] [cpw.mods.modlauncher.Launcher/MODLAUNCHER]: ModLauncher running: args [--launchTarget, forgeclientdev, --version, 21.1.224, --assetIndex, 17, --assetsDir, C:\\Users\\Laats\\.gradle\\caches\\neoformruntime\\assets, --gameDir, ., --fml.fmlVersion, 4.0.42, --fml.mcVersion, 1.21.1, --fml.neoForgeVersion, 21.1.224, --fml.neoFormVersion, 20240808.144430]
[23Mai2026 12:22:49.139] [main/INFO] [cpw.mods.modlauncher.Launcher/MODLAUNCHER]: JVM identified as Microsoft OpenJDK 64-Bit Server VM 21.0.9+10-LTS
[23Mai2026 12:22:49.140] [main/INFO] [cpw.mods.modlauncher.Launcher/MODLAUNCHER]: ModLauncher 11.0.5+main.901c6ea8 starting: java version 21.0.9 by Microsoft; OS Windows 10 arch amd64 version 10.0
[23Mai2026 12:22:49.160] [main/DEBUG] [cpw.mods.modlauncher.LaunchServiceHandler/MODLAUNCHER]: Found launch services [minecraft,forgeclient,forgedatauserdev,testharness,forgeserverdev,forgeserveruserdev,forgejunitdev,forgeclientdev,forgeclientuserdev,forgeserver,forgejunituserdev,forgedatadev]
[23Mai2026 12:22:49.182] [main/DEBUG] [cpw.mods.modlauncher.LaunchPluginHandler/MODLAUNCHER]: Found launch plugins: [mixin,slf4jfixer,runtime_enum_extender,accesstransformer,runtimedistcleaner]
[23Mai2026 12:22:49.192] [main/DEBUG] [cpw.mods.modlauncher.TransformationServicesHandler/MODLAUNCHER]: Discovering transformation services
[23Mai2026 12:22:49.197] [main/DEBUG] [net.neoforged.fml.loading.FMLPaths/CORE]: Path GAMEDIR is D:\# Minecraft Modding\Spawner\SimpleGPS\run
[23Mai2026 12:22:49.197] [main/DEBUG] [net.neoforged.fml.loading.FMLPaths/CORE]: Path MODSDIR is D:\# Minecraft Modding\Spawner\SimpleGPS\run\mods
[23Mai2026 12:22:49.197] [main/DEBUG] [net.neoforged.fml.loading.FMLPaths/CORE]: Path CONFIGDIR is D:\# Minecraft Modding\Spawner\SimpleGPS\run\config
[23Mai2026 12:22:49.197] [main/DEBUG] [net.neoforged.fml.loading.FMLPaths/CORE]: Path FMLCONFIG is D:\# Minecraft Modding\Spawner\SimpleGPS\run\config\fml.toml
[23Mai2026 12:22:49.278] [main/DEBUG] [net.neoforged.fml.loading.targets.CommonLaunchHandler/CORE]: Got mod coordinates simplegps%%D:\# Minecraft Modding\Spawner\SimpleGPS\build\classes\java\main;simplegps%%D:\# Minecraft Modding\Spawner\SimpleGPS\build\resources\main from env
[23Mai2026 12:22:49.280] [main/DEBUG] [net.neoforged.fml.loading.targets.CommonLaunchHandler/CORE]: Found supplied mod coordinates [{simplegps=[D:\# Minecraft Modding\Spawner\SimpleGPS\build\classes\java\main, D:\# Minecraft Modding\Spawner\SimpleGPS\build\resources\main]}]
[23Mai2026 12:22:49.283] [main/DEBUG] [cpw.mods.modlauncher.TransformationServicesHandler/MODLAUNCHER]: Found additional transformation services from discovery services: 
[23Mai2026 12:22:49.292] [main/INFO] [net.neoforged.fml.loading.ImmediateWindowHandler/]: Loading ImmediateWindowProvider fmlearlywindow
[23Mai2026 12:22:49.484] [main/INFO] [EARLYDISPLAY/]: Trying GL version 4.6
[23Mai2026 12:22:49.632] [main/INFO] [EARLYDISPLAY/]: Requested GL version 4.6 got version 4.6
[23Mai2026 12:22:49.678] [main/DEBUG] [cpw.mods.modlauncher.TransformationServicesHandler/MODLAUNCHER]: Found transformer services : [mixin,fml]
[23Mai2026 12:22:49.678] [main/DEBUG] [cpw.mods.modlauncher.TransformationServicesHandler/MODLAUNCHER]: Transformation services loading
[23Mai2026 12:22:49.678] [main/DEBUG] [cpw.mods.modlauncher.TransformationServiceDecorator/MODLAUNCHER]: Loading service mixin
[23Mai2026 12:22:49.679] [main/DEBUG] [cpw.mods.modlauncher.TransformationServiceDecorator/MODLAUNCHER]: Loaded service mixin
[23Mai2026 12:22:49.679] [main/DEBUG] [cpw.mods.modlauncher.TransformationServiceDecorator/MODLAUNCHER]: Loading service fml
[23Mai2026 12:22:49.679] [main/DEBUG] [net.neoforged.fml.loading.FMLLoader/CORE]: FML 4.0.42 loading
[23Mai2026 12:22:49.679] [main/DEBUG] [net.neoforged.fml.loading.FMLLoader/CORE]: FML found ModLauncher version : 11.0.5+main.901c6ea8
[23Mai2026 12:22:49.680] [main/DEBUG] [net.neoforged.fml.loading.FMLLoader/CORE]: FML found AccessTransformer version : 10.0.1+139da711
[23Mai2026 12:22:49.680] [main/DEBUG] [net.neoforged.fml.loading.FMLLoader/CORE]: FML found EventBus version : null
[23Mai2026 12:22:49.680] [main/DEBUG] [net.neoforged.fml.loading.FMLLoader/CORE]: Found Runtime Dist Cleaner
[23Mai2026 12:22:49.681] [main/DEBUG] [cpw.mods.modlauncher.TransformationServiceDecorator/MODLAUNCHER]: Loaded service fml
[23Mai2026 12:22:49.681] [main/DEBUG] [cpw.mods.modlauncher.TransformationServicesHandler/MODLAUNCHER]: Configuring option handling for services
[23Mai2026 12:22:49.692] [main/DEBUG] [net.neoforged.fml.loading.FMLServiceProvider/CORE]: Received command line version data  : VersionInfo[neoForgeVersion=21.1.224, fmlVersion=4.0.42, mcVersion=1.21.1, neoFormVersion=20240808.144430]
[23Mai2026 12:22:49.692] [main/DEBUG] [cpw.mods.modlauncher.TransformationServicesHandler/MODLAUNCHER]: Transformation services initializing
[23Mai2026 12:22:49.692] [main/DEBUG] [cpw.mods.modlauncher.TransformationServiceDecorator/MODLAUNCHER]: Initializing transformation service mixin
[23Mai2026 12:22:49.702] [main/DEBUG] [mixin/]: MixinService [ModLauncher] was successfully booted in cpw.mods.cl.ModuleClassLoader@2de8284b
[23Mai2026 12:22:49.713] [main/INFO] [mixin/]: SpongePowered MIXIN Subsystem Version=0.8.7 Source=union:/C:/Users/Laats/.gradle/caches/modules-2/files-2.1/net.fabricmc/sponge-mixin/0.15.2+mixin.0.8.7/2af2f021d8e02a0220dc27a7a72b4666d66d44ca/sponge-mixin-0.15.2+mixin.0.8.7.jar%23138!/ Service=ModLauncher Env=CLIENT
[23Mai2026 12:22:49.716] [main/DEBUG] [mixin/]: Initialising Mixin Platform Manager
[23Mai2026 12:22:49.716] [main/DEBUG] [mixin/]: Adding mixin platform agents for container ModLauncher Root Container(ModLauncher:4f56a0a2)
[23Mai2026 12:22:49.716] [main/DEBUG] [mixin/]: Instancing new MixinPlatformAgentMinecraftForge for ModLauncher Root Container(ModLauncher:4f56a0a2)
[23Mai2026 12:22:49.717] [main/DEBUG] [mixin/]: MixinPlatformAgentMinecraftForge rejected container ModLauncher Root Container(ModLauncher:4f56a0a2)
[23Mai2026 12:22:49.717] [main/DEBUG] [mixin/]: Instancing new MixinPlatformAgentDefault for ModLauncher Root Container(ModLauncher:4f56a0a2)
[23Mai2026 12:22:49.717] [main/DEBUG] [mixin/]: MixinPlatformAgentDefault accepted container ModLauncher Root Container(ModLauncher:4f56a0a2)
[23Mai2026 12:22:49.720] [main/DEBUG] [cpw.mods.modlauncher.TransformationServiceDecorator/MODLAUNCHER]: Initialized transformation service mixin
[23Mai2026 12:22:49.720] [main/DEBUG] [cpw.mods.modlauncher.TransformationServiceDecorator/MODLAUNCHER]: Initializing transformation service fml
[23Mai2026 12:22:49.720] [main/DEBUG] [net.neoforged.fml.loading.FMLServiceProvider/CORE]: Setting up basic FML game directories
[23Mai2026 12:22:49.720] [main/DEBUG] [net.neoforged.fml.loading.FMLPaths/CORE]: Path GAMEDIR is D:\# Minecraft Modding\Spawner\SimpleGPS\run
[23Mai2026 12:22:49.720] [main/DEBUG] [net.neoforged.fml.loading.FMLPaths/CORE]: Path MODSDIR is D:\# Minecraft Modding\Spawner\SimpleGPS\run\mods
[23Mai2026 12:22:49.721] [main/DEBUG] [net.neoforged.fml.loading.FMLPaths/CORE]: Path CONFIGDIR is D:\# Minecraft Modding\Spawner\SimpleGPS\run\config
[23Mai2026 12:22:49.721] [main/DEBUG] [net.neoforged.fml.loading.FMLPaths/CORE]: Path FMLCONFIG is D:\# Minecraft Modding\Spawner\SimpleGPS\run\config\fml.toml
[23Mai2026 12:22:49.721] [main/DEBUG] [net.neoforged.fml.loading.FMLServiceProvider/CORE]: Loading configuration
[23Mai2026 12:22:49.724] [main/DEBUG] [net.neoforged.fml.loading.FMLServiceProvider/CORE]: Preparing launch handler
[23Mai2026 12:22:49.724] [main/DEBUG] [net.neoforged.fml.loading.FMLLoader/CORE]: Using forgeclientdev as launch service
[23Mai2026 12:22:49.725] [main/DEBUG] [cpw.mods.modlauncher.TransformationServiceDecorator/MODLAUNCHER]: Initialized transformation service fml
[23Mai2026 12:22:49.725] [main/DEBUG] [cpw.mods.modlauncher.TransformationServicesHandler/MODLAUNCHER]: Transformation services begin scanning
[23Mai2026 12:22:49.726] [main/DEBUG] [cpw.mods.modlauncher.TransformationServiceDecorator/MODLAUNCHER]: Beginning scan trigger - transformation service mixin
[23Mai2026 12:22:49.726] [main/DEBUG] [cpw.mods.modlauncher.TransformationServiceDecorator/MODLAUNCHER]: End scan trigger - transformation service mixin
[23Mai2026 12:22:49.726] [main/DEBUG] [cpw.mods.modlauncher.TransformationServiceDecorator/MODLAUNCHER]: Beginning scan trigger - transformation service fml
[23Mai2026 12:22:49.726] [main/DEBUG] [net.neoforged.fml.loading.FMLServiceProvider/CORE]: Initiating mod scan
[23Mai2026 12:22:49.726] [main/DEBUG] [net.neoforged.fml.loading.targets.CommonLaunchHandler/CORE]: Got mod coordinates simplegps%%D:\# Minecraft Modding\Spawner\SimpleGPS\build\classes\java\main;simplegps%%D:\# Minecraft Modding\Spawner\SimpleGPS\build\resources\main from env
[23Mai2026 12:22:49.726] [main/DEBUG] [net.neoforged.fml.loading.targets.CommonLaunchHandler/CORE]: Found supplied mod coordinates [{simplegps=[D:\# Minecraft Modding\Spawner\SimpleGPS\build\classes\java\main, D:\# Minecraft Modding\Spawner\SimpleGPS\build\resources\main]}]
[23Mai2026 12:22:49.728] [main/DEBUG] [net.neoforged.fml.loading.targets.CommonDevLaunchHandler/]: Launching with NeoForge from D:\# Minecraft Modding\Spawner\SimpleGPS\build\moddev\artifacts\neoforge-21.1.224.jar
[23Mai2026 12:22:49.738] [main/DEBUG] [net.neoforged.fml.util.ServiceLoaderUtil/CORE]: Found 4 implementations of IModFileCandidateLocator:
[23Mai2026 12:22:49.739] [main/DEBUG] [net.neoforged.fml.util.ServiceLoaderUtil/CORE]: 	       0 - [built-in] net.neoforged.fml.loading.moddiscovery.locators.NeoForgeDevProvider from loader-4.0.42.jar
[23Mai2026 12:22:49.739] [main/DEBUG] [net.neoforged.fml.util.ServiceLoaderUtil/CORE]: 	       0 - net.neoforged.fml.loading.moddiscovery.locators.ModsFolderLocator from loader-4.0.42.jar
[23Mai2026 12:22:49.739] [main/DEBUG] [net.neoforged.fml.util.ServiceLoaderUtil/CORE]: 	       0 - net.neoforged.fml.loading.moddiscovery.locators.MavenDirectoryLocator from loader-4.0.42.jar
[23Mai2026 12:22:49.740] [main/DEBUG] [net.neoforged.fml.util.ServiceLoaderUtil/CORE]: 	   -1000 - [built-in] net.neoforged.fml.loading.moddiscovery.locators.UserdevLocator from loader-4.0.42.jar
[23Mai2026 12:22:49.741] [main/DEBUG] [net.neoforged.fml.util.ServiceLoaderUtil/CORE]: Found 2 implementations of IModFileReader:
[23Mai2026 12:22:49.741] [main/DEBUG] [net.neoforged.fml.util.ServiceLoaderUtil/CORE]: 	       0 - net.neoforged.fml.loading.moddiscovery.readers.JarModsDotTomlModFileReader from loader-4.0.42.jar
[23Mai2026 12:22:49.741] [main/DEBUG] [net.neoforged.fml.util.ServiceLoaderUtil/CORE]: 	   -1000 - net.neoforged.fml.loading.moddiscovery.readers.NestedLibraryModReader from loader-4.0.42.jar
[23Mai2026 12:22:49.742] [main/DEBUG] [net.neoforged.fml.util.ServiceLoaderUtil/CORE]: Found 1 implementations of IDependencyLocator:
[23Mai2026 12:22:49.742] [main/DEBUG] [net.neoforged.fml.util.ServiceLoaderUtil/CORE]: 	       0 - net.neoforged.fml.loading.moddiscovery.locators.JarInJarDependencyLocator from loader-4.0.42.jar
[23Mai2026 12:22:49.826] [main/DEBUG] [net.neoforged.fml.loading.moddiscovery.ModFileInfo/LOADING]: Found valid mod file neoforge-21.1.224.jar with {minecraft} mods - versions {1.21.1}
[23Mai2026 12:22:49.832] [main/DEBUG] [net.neoforged.fml.loading.moddiscovery.ModFileParser/LOADING]: Considering mod file candidate D:\# Minecraft Modding\Spawner\SimpleGPS\build\moddev\artifacts\neoforge-21.1.224.jar
[23Mai2026 12:22:49.844] [main/DEBUG] [net.neoforged.fml.loading.moddiscovery.ModFileInfo/LOADING]: Found valid mod file neoforge-21.1.224.jar with {neoforge} mods - versions {21.1.224}
[23Mai2026 12:22:49.850] [main/DEBUG] [net.neoforged.fml.loading.moddiscovery.ModFileParser/LOADING]: Considering mod file candidate D:\# Minecraft Modding\Spawner\SimpleGPS\run\mods\Astral_1.9.2.1_1.21.1_NeoForge.jar
[23Mai2026 12:22:49.855] [main/DEBUG] [net.neoforged.fml.loading.moddiscovery.ModFileInfo/LOADING]: Found valid mod file Astral_1.9.2.1_1.21.1_NeoForge.jar with {astral_dimension} mods - versions {1.9.2.1}
[23Mai2026 12:22:49.857] [main/DEBUG] [net.neoforged.fml.loading.moddiscovery.ModFileParser/LOADING]: Considering mod file candidate D:\# Minecraft Modding\Spawner\SimpleGPS\run\mods\geckolib-neoforge-1.21.1-4.8.2.jar
[23Mai2026 12:22:49.859] [main/DEBUG] [net.neoforged.fml.loading.moddiscovery.ModFileInfo/LOADING]: Found valid mod file geckolib-neoforge-1.21.1-4.8.2.jar with {geckolib} mods - versions {4.8.2}
[23Mai2026 12:22:49.863] [main/DEBUG] [net.neoforged.fml.loading.moddiscovery.ModFileParser/LOADING]: Considering mod file candidate D:\# Minecraft Modding\Spawner\SimpleGPS\run\mods\journeymap-neoforge-1.21.1-6.0.0-beta.52.jar
[23Mai2026 12:22:49.865] [main/DEBUG] [net.neoforged.fml.loading.moddiscovery.ModFileInfo/LOADING]: Found valid mod file journeymap-neoforge-1.21.1-6.0.0-beta.52.jar with {journeymap} mods - versions {1.21.1-6.0.0-beta.52}
[23Mai2026 12:22:49.867] [main/DEBUG] [net.neoforged.fml.loading.moddiscovery.ModFileParser/LOADING]: Considering mod file candidate D:\# Minecraft Modding\Spawner\SimpleGPS\run\mods\reliquary-1.21.1-2.0.62.1310.jar
[23Mai2026 12:22:49.869] [main/DEBUG] [net.neoforged.fml.loading.moddiscovery.ModFileInfo/LOADING]: Found valid mod file reliquary-1.21.1-2.0.62.1310.jar with {reliquary} mods - versions {2.0.62}
[23Mai2026 12:22:49.873] [main/DEBUG] [net.neoforged.fml.loading.moddiscovery.ModFileParser/LOADING]: Considering mod file candidate D:\# Minecraft Modding\Spawner\SimpleGPS\run\mods\the_bumblezone-7.11.6+1.21.1-neoforge.jar
[23Mai2026 12:22:49.875] [main/DEBUG] [net.neoforged.fml.loading.moddiscovery.ModFileInfo/LOADING]: Found valid mod file the_bumblezone-7.11.6+1.21.1-neoforge.jar with {the_bumblezone} mods - versions {7.11.6+1.21.1-neoforge}
[23Mai2026 12:22:49.878] [main/DEBUG] [net.neoforged.fml.loading.moddiscovery.ModFileParser/LOADING]: Considering mod file candidate D:\# Minecraft Modding\Spawner\SimpleGPS\run\mods\The_Undergarden-1.21.1-0.9.3.jar
[23Mai2026 12:22:49.883] [main/DEBUG] [net.neoforged.fml.loading.moddiscovery.ModFileInfo/LOADING]: Found valid mod file The_Undergarden-1.21.1-0.9.3.jar with {undergarden} mods - versions {0.9.3}
[23Mai2026 12:22:49.888] [main/DEBUG] [net.neoforged.fml.loading.moddiscovery.ModFileParser/LOADING]: Considering mod file candidate D:\# Minecraft Modding\Spawner\SimpleGPS\run\mods\twilightforest-1.21.1-4.7.3196-universal.jar
[23Mai2026 12:22:49.889] [main/DEBUG] [net.neoforged.fml.loading.moddiscovery.ModFileInfo/LOADING]: Found valid mod file twilightforest-1.21.1-4.7.3196-universal.jar with {twilightforest} mods - versions {4.7.3196}
[23Mai2026 12:22:49.891] [main/DEBUG] [net.neoforged.fml.loading.moddiscovery.ModListHandler/CORE]: Found mod coordinates from lists: []
[23Mai2026 12:22:49.892] [main/DEBUG] [net.neoforged.fml.loading.moddiscovery.ModFileParser/LOADING]: Considering mod file candidate D:\# Minecraft Modding\Spawner\SimpleGPS\build\classes\java\main
[23Mai2026 12:22:49.894] [main/DEBUG] [net.neoforged.fml.loading.moddiscovery.ModFileInfo/LOADING]: Found valid mod file main with {simplegps} mods - versions {1.21.1-1.0.4}
[23Mai2026 12:22:49.903] [main/DEBUG] [net.neoforged.fml.loading.moddiscovery.ModFileParser/LOADING]: Considering mod file candidate D:\# Minecraft Modding\Spawner\SimpleGPS\build\moddev\artifacts\neoforge-21.1.224.jar
[23Mai2026 12:22:49.904] [main/DEBUG] [net.neoforged.fml.loading.moddiscovery.ModFileInfo/LOADING]: Found valid mod file neoforge-21.1.224.jar with {neoforge} mods - versions {21.1.224}
[23Mai2026 12:22:49.905] [pool-2-thread-1/INFO] [EARLYDISPLAY/]: GL info: NVIDIA GeForce RTX 3050/PCIe/SSE2 GL version 4.6.0 NVIDIA 596.49, NVIDIA Corporation
[23Mai2026 12:22:49.922] [main/DEBUG] [net.neoforged.fml.loading.moddiscovery.ModDiscoverer/]: Skipping C:\Users\Laats\.gradle\caches\modules-2\files-2.1\net.neoforged.fancymodloader\earlydisplay\4.0.42\46555dbfff14e9e052f1f693aed14d542a74e111\earlydisplay-4.0.42.jar because it was already located earlier
[23Mai2026 12:22:49.922] [main/DEBUG] [net.neoforged.fml.loading.moddiscovery.ModDiscoverer/]: Skipping C:\Users\Laats\.gradle\caches\modules-2\files-2.1\net.neoforged.fancymodloader\loader\4.0.42\76e15f98bf676fb44b36c5e776f52a55581ec43a\loader-4.0.42.jar because it was already located earlier
[23Mai2026 12:22:49.922] [main/DEBUG] [net.neoforged.fml.loading.moddiscovery.ModDiscoverer/]: Skipping C:\Users\Laats\.gradle\caches\modules-2\files-2.1\net.neoforged.accesstransformers\at-modlauncher\10.0.1\5aba50202aceead086bc09fbc2751c9f05cb4890\at-modlauncher-10.0.1.jar because it was already located earlier
[23Mai2026 12:22:49.922] [main/DEBUG] [net.neoforged.fml.loading.moddiscovery.ModDiscoverer/]: Skipping C:\Users\Laats\.gradle\caches\modules-2\files-2.1\net.neoforged\accesstransformers\10.0.1\fd83b5725f76eae9115e9355fa1c456a6a441400\accesstransformers-10.0.1.jar because it was already located earlier
[23Mai2026 12:22:49.922] [main/DEBUG] [net.neoforged.fml.loading.moddiscovery.ModDiscoverer/]: Skipping C:\Users\Laats\.gradle\caches\modules-2\files-2.1\net.neoforged\bus\8.0.5\5b2d33285ab5d1554e9798ad98c40d6ea3868bd5\bus-8.0.5.jar because it was already located earlier
[23Mai2026 12:22:49.923] [main/DEBUG] [net.neoforged.fml.loading.moddiscovery.ModDiscoverer/]: Skipping C:\Users\Laats\.gradle\caches\modules-2\files-2.1\net.neoforged\coremods\7.0.3\9147e6f638b4272b3bd5fc8f92ad37802512c6c\coremods-7.0.3.jar because it was already located earlier
[23Mai2026 12:22:49.923] [main/DEBUG] [net.neoforged.fml.loading.moddiscovery.ModDiscoverer/]: Skipping C:\Users\Laats\.gradle\caches\modules-2\files-2.1\cpw.mods\modlauncher\11.0.5\b8f0d49294f733fdb6173931b263553e943dc950\modlauncher-11.0.5.jar because it was already located earlier
[23Mai2026 12:22:49.923] [main/DEBUG] [net.neoforged.fml.loading.moddiscovery.ModDiscoverer/]: Skipping C:\Users\Laats\.gradle\caches\modules-2\files-2.1\net.neoforged\mergetool\2.0.0\52fe1949be64e3303aabaaa21e315f551db9c9f4\mergetool-2.0.0-api.jar because it was already located earlier
[23Mai2026 12:22:49.923] [main/DEBUG] [net.neoforged.fml.loading.moddiscovery.ModDiscoverer/]: Skipping C:\Users\Laats\.gradle\caches\modules-2\files-2.1\com.electronwill.night-config\toml\3.8.3\90b2fd6efcb4a7d5b9810cf78f9d824994d717f2\toml-3.8.3.jar because it was already located earlier
[23Mai2026 12:22:49.923] [main/DEBUG] [net.neoforged.fml.loading.moddiscovery.ModDiscoverer/]: Skipping C:\Users\Laats\.gradle\caches\modules-2\files-2.1\com.electronwill.night-config\core\3.8.3\b442a95f09e349927f5a945ecb594455870fcf4f\core-3.8.3.jar because it was already located earlier
[23Mai2026 12:22:49.923] [main/DEBUG] [net.neoforged.fml.loading.moddiscovery.ModDiscoverer/]: Skipping C:\Users\Laats\.gradle\caches\modules-2\files-2.1\net.neoforged\JarJarSelector\0.4.1\fb3cc7a58af22ad2880adb98af6d518128c47dae\JarJarSelector-0.4.1.jar because it was already located earlier
[23Mai2026 12:22:49.923] [main/DEBUG] [net.neoforged.fml.loading.moddiscovery.ModDiscoverer/]: Skipping C:\Users\Laats\.gradle\caches\modules-2\files-2.1\net.neoforged\JarJarMetadata\0.4.1\f8da03683dc81694556dc3e177c5e3bb77ae6fcb\JarJarMetadata-0.4.1.jar because it was already located earlier
[23Mai2026 12:22:49.923] [main/DEBUG] [net.neoforged.fml.loading.moddiscovery.ModDiscoverer/]: Skipping C:\Users\Laats\.gradle\caches\modules-2\files-2.1\org.apache.maven\maven-artifact\3.8.5\4433f50c07debefaed0553bd0068f4f48d449313\maven-artifact-3.8.5.jar because it was already located earlier
[23Mai2026 12:22:49.923] [main/DEBUG] [net.neoforged.fml.loading.moddiscovery.ModDiscoverer/]: Skipping C:\Users\Laats\.gradle\caches\modules-2\files-2.1\net.jodah\typetools\0.6.3\a01aaa6ddaea9ec07ec4f209487b7a46a526283a\typetools-0.6.3.jar because it was already located earlier
[23Mai2026 12:22:49.924] [main/DEBUG] [net.neoforged.fml.loading.moddiscovery.ModDiscoverer/]: Skipping C:\Users\Laats\.gradle\caches\modules-2\files-2.1\net.minecrell\terminalconsoleappender\1.3.0\b562e9bb61235c9520e26282cdee71f8f802d1fc\terminalconsoleappender-1.3.0.jar because it was already located earlier
[23Mai2026 12:22:49.924] [main/DEBUG] [net.neoforged.fml.loading.moddiscovery.ModDiscoverer/]: Skipping C:\Users\Laats\.gradle\caches\modules-2\files-2.1\net.fabricmc\sponge-mixin\0.15.2+mixin.0.8.7\2af2f021d8e02a0220dc27a7a72b4666d66d44ca\sponge-mixin-0.15.2+mixin.0.8.7.jar because it was already located earlier
[23Mai2026 12:22:49.924] [main/DEBUG] [net.neoforged.fml.loading.moddiscovery.ModDiscoverer/]: Skipping C:\Users\Laats\.gradle\caches\modules-2\files-2.1\org.openjdk.nashorn\nashorn-core\15.4\f67f5ffaa5f5130cf6fb9b133da00c7df3b532a5\nashorn-core-15.4.jar because it was already located earlier
[23Mai2026 12:22:49.924] [main/DEBUG] [net.neoforged.fml.loading.moddiscovery.ModDiscoverer/]: Skipping C:\Users\Laats\.gradle\caches\modules-2\files-2.1\org.apache.commons\commons-lang3\3.14.0\1ed471194b02f2c6cb734a0cd6f6f107c673afae\commons-lang3-3.14.0.jar because it was already located earlier
[23Mai2026 12:22:49.924] [main/DEBUG] [net.neoforged.fml.loading.moddiscovery.ModDiscoverer/]: Skipping C:\Users\Laats\.gradle\caches\modules-2\files-2.1\net.sf.jopt-simple\jopt-simple\5.0.4\4fdac2fbe92dfad86aa6e9301736f6b4342a3f5c\jopt-simple-5.0.4.jar because it was already located earlier
[23Mai2026 12:22:49.924] [main/DEBUG] [net.neoforged.fml.loading.moddiscovery.ModDiscoverer/]: Skipping C:\Users\Laats\.gradle\caches\modules-2\files-2.1\commons-io\commons-io\2.15.1\f11560da189ab563a5c8e351941415430e9304ea\commons-io-2.15.1.jar because it was already located earlier
[23Mai2026 12:22:49.924] [main/DEBUG] [net.neoforged.fml.loading.moddiscovery.ModDiscoverer/]: Skipping C:\Users\Laats\.gradle\caches\modules-2\files-2.1\com.mojang\logging\1.2.7\24cb95ffb0e3433fd6e844c04e68009e504ca1c0\logging-1.2.7.jar because it was already located earlier
[23Mai2026 12:22:49.925] [main/DEBUG] [net.neoforged.fml.loading.moddiscovery.ModDiscoverer/]: Skipping C:\Users\Laats\.gradle\caches\modules-2\files-2.1\org.apache.logging.log4j\log4j-slf4j2-impl\2.22.1\d7e6693c2606cb7e7335047d7bb96dec52db5665\log4j-slf4j2-impl-2.22.1.jar because it was already located earlier
[23Mai2026 12:22:49.925] [main/DEBUG] [net.neoforged.fml.loading.moddiscovery.ModDiscoverer/]: Skipping C:\Users\Laats\.gradle\caches\modules-2\files-2.1\org.apache.logging.log4j\log4j-core\2.22.1\7183a25510a02ad00cc6a95d3b3d2a7d3c5a8dc4\log4j-core-2.22.1.jar because it was already located earlier
[23Mai2026 12:22:49.925] [main/DEBUG] [net.neoforged.fml.loading.moddiscovery.ModDiscoverer/]: Skipping C:\Users\Laats\.gradle\caches\modules-2\files-2.1\org.apache.logging.log4j\log4j-api\2.22.1\bea6fede6328fabafd7e68363161a7ea6605abd1\log4j-api-2.22.1.jar because it was already located earlier
[23Mai2026 12:22:49.925] [main/DEBUG] [net.neoforged.fml.loading.moddiscovery.ModDiscoverer/]: Skipping C:\Users\Laats\.gradle\caches\modules-2\files-2.1\com.google.guava\guava\32.1.2-jre\5e64ec7e056456bef3a4bc4c6fdaef71e8ab6318\guava-32.1.2-jre.jar because it was already located earlier
[23Mai2026 12:22:49.925] [main/DEBUG] [net.neoforged.fml.loading.moddiscovery.ModDiscoverer/]: Skipping C:\Users\Laats\.gradle\caches\modules-2\files-2.1\com.google.code.gson\gson\2.10.1\b3add478d4382b78ea20b1671390a858002feb6c\gson-2.10.1.jar because it was already located earlier
[23Mai2026 12:22:49.925] [main/DEBUG] [net.neoforged.fml.loading.moddiscovery.ModDiscoverer/]: Skipping C:\Users\Laats\.gradle\caches\modules-2\files-2.1\org.slf4j\slf4j-api\2.0.9\7cf2726fdcfbc8610f9a71fb3ed639871f315340\slf4j-api-2.0.9.jar because it was already located earlier
[23Mai2026 12:22:49.925] [main/DEBUG] [net.neoforged.fml.loading.moddiscovery.ModDiscoverer/]: Skipping C:\Users\Laats\.gradle\caches\modules-2\files-2.1\org.antlr\antlr4-runtime\4.13.1\17125bae1d965624e265ef49552f6465a2bfa307\antlr4-runtime-4.13.1.jar because it was already located earlier
[23Mai2026 12:22:49.925] [main/DEBUG] [net.neoforged.fml.loading.moddiscovery.ModDiscoverer/]: Skipping C:\Users\Laats\.gradle\caches\modules-2\files-2.1\net.minecraftforge\srgutils\0.4.15\ca408b131759478f164e010fae0d73997e125fb5\srgutils-0.4.15.jar because it was already located earlier
[23Mai2026 12:22:49.925] [main/DEBUG] [net.neoforged.fml.loading.moddiscovery.ModDiscoverer/]: Skipping C:\Users\Laats\.gradle\caches\modules-2\files-2.1\org.codehaus.plexus\plexus-utils\3.3.0\cf43b5391de623b36fe066a21127baef82c64022\plexus-utils-3.3.0.jar because it was already located earlier
[23Mai2026 12:22:49.925] [main/DEBUG] [net.neoforged.fml.loading.moddiscovery.ModDiscoverer/]: Skipping C:\Users\Laats\.gradle\caches\modules-2\files-2.1\org.jline\jline-reader\3.20.0\8f15415b022a25b473e8e16c28ae913186ffb9c4\jline-reader-3.20.0.jar because it was already located earlier
[23Mai2026 12:22:49.925] [main/DEBUG] [net.neoforged.fml.loading.moddiscovery.ModDiscoverer/]: Skipping C:\Users\Laats\.gradle\caches\modules-2\files-2.1\com.machinezoo.noexception\noexception\1.7.1\b65330c98e38a1f915fa54a6e5eca496505e3f0a\noexception-1.7.1.jar because it was already located earlier
[23Mai2026 12:22:49.926] [main/DEBUG] [net.neoforged.fml.loading.moddiscovery.ModDiscoverer/]: Skipping C:\Users\Laats\.gradle\caches\modules-2\files-2.1\com.github.oshi\oshi-core\6.4.10\b1d8ab82d11d92fd639b56d639f8f46f739dd5fa\oshi-core-6.4.10.jar because it was already located earlier
[23Mai2026 12:22:49.926] [main/DEBUG] [net.neoforged.fml.loading.moddiscovery.ModDiscoverer/]: Skipping C:\Users\Laats\.gradle\caches\modules-2\files-2.1\com.google.guava\failureaccess\1.0.1\1dcf1de382a0bf95a3d8b0849546c88bac1292c9\failureaccess-1.0.1.jar because it was already located earlier
[23Mai2026 12:22:49.926] [main/DEBUG] [net.neoforged.fml.loading.moddiscovery.ModDiscoverer/]: Skipping C:\Users\Laats\.gradle\caches\modules-2\files-2.1\com.ibm.icu\icu4j\73.2\61ad4ef7f9131fcf6d25c34b817f90d6da06c9e9\icu4j-73.2.jar because it was already located earlier
[23Mai2026 12:22:49.926] [main/DEBUG] [net.neoforged.fml.loading.moddiscovery.ModDiscoverer/]: Skipping C:\Users\Laats\.gradle\caches\modules-2\files-2.1\com.mojang\authlib\6.0.54\de8bc95660e1b2fe8793fd427a7a10dcec5b3ea7\authlib-6.0.54.jar because it was already located earlier
[23Mai2026 12:22:49.926] [main/DEBUG] [net.neoforged.fml.loading.moddiscovery.ModDiscoverer/]: Skipping C:\Users\Laats\.gradle\caches\modules-2\files-2.1\com.mojang\blocklist\1.0.10\5c685c5ffa94c4cd39496c7184c1d122e515ecef\blocklist-1.0.10.jar because it was already located earlier
[23Mai2026 12:22:49.926] [main/DEBUG] [net.neoforged.fml.loading.moddiscovery.ModDiscoverer/]: Skipping C:\Users\Laats\.gradle\caches\modules-2\files-2.1\com.mojang\brigadier\1.3.10\d15b53a14cf20fdcaa98f731af5dda654452c010\brigadier-1.3.10.jar because it was already located earlier
[23Mai2026 12:22:49.926] [main/DEBUG] [net.neoforged.fml.loading.moddiscovery.ModDiscoverer/]: Skipping C:\Users\Laats\.gradle\caches\modules-2\files-2.1\com.mojang\datafixerupper\8.0.16\67d4de6d7f95d89bcf5862995fb854ebaec02a34\datafixerupper-8.0.16.jar because it was already located earlier
[23Mai2026 12:22:49.926] [main/DEBUG] [net.neoforged.fml.loading.moddiscovery.ModDiscoverer/]: Skipping C:\Users\Laats\.gradle\caches\modules-2\files-2.1\com.mojang\patchy\2.2.10\da05971b07cbb379d002cf7eaec6a2048211fefc\patchy-2.2.10.jar because it was already located earlier
[23Mai2026 12:22:49.926] [main/DEBUG] [net.neoforged.fml.loading.moddiscovery.ModDiscoverer/]: Skipping C:\Users\Laats\.gradle\caches\modules-2\files-2.1\com.mojang\text2speech\1.17.9\3cad216e3a7f0c19b4b394388bc9ffc446f13b14\text2speech-1.17.9.jar because it was already located earlier
[23Mai2026 12:22:49.927] [main/DEBUG] [net.neoforged.fml.loading.moddiscovery.ModDiscoverer/]: Skipping C:\Users\Laats\.gradle\caches\modules-2\files-2.1\commons-codec\commons-codec\1.16.0\4e3eb3d79888d76b54e28b350915b5dc3919c9de\commons-codec-1.16.0.jar because it was already located earlier
[23Mai2026 12:22:49.927] [main/DEBUG] [net.neoforged.fml.loading.moddiscovery.ModDiscoverer/]: Skipping C:\Users\Laats\.gradle\caches\modules-2\files-2.1\commons-logging\commons-logging\1.2\4bfc12adfe4842bf07b657f0369c4cb522955686\commons-logging-1.2.jar because it was already located earlier
[23Mai2026 12:22:49.927] [main/DEBUG] [net.neoforged.fml.loading.moddiscovery.ModDiscoverer/]: Skipping C:\Users\Laats\.gradle\caches\modules-2\files-2.1\io.netty\netty-buffer\4.1.97.Final\f8f3d8644afa5e6e1a40a3a6aeb9d9aa970ecb4f\netty-buffer-4.1.97.Final.jar because it was already located earlier
[23Mai2026 12:22:49.927] [main/DEBUG] [net.neoforged.fml.loading.moddiscovery.ModDiscoverer/]: Skipping C:\Users\Laats\.gradle\caches\modules-2\files-2.1\io.netty\netty-codec\4.1.97.Final\384ba4d75670befbedb45c4d3b497a93639c206d\netty-codec-4.1.97.Final.jar because it was already located earlier
[23Mai2026 12:22:49.927] [main/DEBUG] [net.neoforged.fml.loading.moddiscovery.ModDiscoverer/]: Skipping C:\Users\Laats\.gradle\caches\modules-2\files-2.1\io.netty\netty-common\4.1.97.Final\7cceacaf11df8dc63f23d0fb58e9d4640fc88404\netty-common-4.1.97.Final.jar because it was already located earlier
[23Mai2026 12:22:49.927] [main/DEBUG] [net.neoforged.fml.loading.moddiscovery.ModDiscoverer/]: Skipping C:\Users\Laats\.gradle\caches\modules-2\files-2.1\io.netty\netty-handler\4.1.97.Final\abb86c6906bf512bf2b797a41cd7d2e8d3cd7c36\netty-handler-4.1.97.Final.jar because it was already located earlier
[23Mai2026 12:22:49.927] [main/DEBUG] [net.neoforged.fml.loading.moddiscovery.ModDiscoverer/]: Skipping C:\Users\Laats\.gradle\caches\modules-2\files-2.1\io.netty\netty-resolver\4.1.97.Final\cec8348108dc76c47cf87c669d514be52c922144\netty-resolver-4.1.97.Final.jar because it was already located earlier
[23Mai2026 12:22:49.927] [main/DEBUG] [net.neoforged.fml.loading.moddiscovery.ModDiscoverer/]: Skipping C:\Users\Laats\.gradle\caches\modules-2\files-2.1\io.netty\netty-transport-classes-epoll\4.1.97.Final\795da37ded759e862457a82d9d92c4d39ce8ecee\netty-transport-classes-epoll-4.1.97.Final.jar because it was already located earlier
[23Mai2026 12:22:49.927] [main/DEBUG] [net.neoforged.fml.loading.moddiscovery.ModDiscoverer/]: Skipping C:\Users\Laats\.gradle\caches\modules-2\files-2.1\io.netty\netty-transport-native-unix-common\4.1.97.Final\d469d84265ab70095b01b40886cabdd433b6e664\netty-transport-native-unix-common-4.1.97.Final.jar because it was already located earlier
[23Mai2026 12:22:49.927] [main/DEBUG] [net.neoforged.fml.loading.moddiscovery.ModDiscoverer/]: Skipping C:\Users\Laats\.gradle\caches\modules-2\files-2.1\io.netty\netty-transport\4.1.97.Final\f37380d23c9bb079bc702910833b2fd532c9abd0\netty-transport-4.1.97.Final.jar because it was already located earlier
[23Mai2026 12:22:49.927] [main/DEBUG] [net.neoforged.fml.loading.moddiscovery.ModDiscoverer/]: Skipping C:\Users\Laats\.gradle\caches\modules-2\files-2.1\it.unimi.dsi\fastutil\8.5.12\c24946d46824bd528054bface3231d2ecb7e95e8\fastutil-8.5.12.jar because it was already located earlier
[23Mai2026 12:22:49.928] [main/DEBUG] [net.neoforged.fml.loading.moddiscovery.ModDiscoverer/]: Skipping C:\Users\Laats\.gradle\caches\modules-2\files-2.1\net.java.dev.jna\jna-platform\5.14.0\28934d48aed814f11e4c584da55c49fa7032b31b\jna-platform-5.14.0.jar because it was already located earlier
[23Mai2026 12:22:49.928] [main/DEBUG] [net.neoforged.fml.loading.moddiscovery.ModDiscoverer/]: Skipping C:\Users\Laats\.gradle\caches\modules-2\files-2.1\net.java.dev.jna\jna\5.14.0\67bf3eaea4f0718cb376a181a629e5f88fa1c9dd\jna-5.14.0.jar because it was already located earlier
[23Mai2026 12:22:49.928] [main/DEBUG] [net.neoforged.fml.loading.moddiscovery.ModDiscoverer/]: Skipping C:\Users\Laats\.gradle\caches\modules-2\files-2.1\org.apache.commons\commons-compress\1.26.0\659feffdd12280201c8aacb8f7be94f9a883c824\commons-compress-1.26.0.jar because it was already located earlier
[23Mai2026 12:22:49.928] [main/DEBUG] [net.neoforged.fml.loading.moddiscovery.ModDiscoverer/]: Skipping C:\Users\Laats\.gradle\caches\modules-2\files-2.1\org.apache.httpcomponents\httpclient\4.5.13\e5f6cae5ca7ecaac1ec2827a9e2d65ae2869cada\httpclient-4.5.13.jar because it was already located earlier
[23Mai2026 12:22:49.928] [main/DEBUG] [net.neoforged.fml.loading.moddiscovery.ModDiscoverer/]: Skipping C:\Users\Laats\.gradle\caches\modules-2\files-2.1\org.apache.httpcomponents\httpcore\4.4.16\51cf043c87253c9f58b539c9f7e44c8894223850\httpcore-4.4.16.jar because it was already located earlier
[23Mai2026 12:22:49.928] [main/DEBUG] [net.neoforged.fml.loading.moddiscovery.ModDiscoverer/]: Skipping C:\Users\Laats\.gradle\caches\modules-2\files-2.1\org.jcraft\jorbis\0.0.17\8872d22b293e8f5d7d56ff92be966e6dc28ebdc6\jorbis-0.0.17.jar because it was already located earlier
[23Mai2026 12:22:49.928] [main/DEBUG] [net.neoforged.fml.loading.moddiscovery.ModDiscoverer/]: Skipping C:\Users\Laats\.gradle\caches\modules-2\files-2.1\org.joml\joml\1.10.5\22566d58af70ad3d72308bab63b8339906deb649\joml-1.10.5.jar because it was already located earlier
[23Mai2026 12:22:49.928] [main/DEBUG] [net.neoforged.fml.loading.moddiscovery.ModDiscoverer/]: Skipping C:\Users\Laats\.gradle\caches\modules-2\files-2.1\org.lwjgl\lwjgl-freetype\3.3.3\a0db6c84a8becc8ca05f9dbfa985edc348a824c7\lwjgl-freetype-3.3.3.jar because it was already located earlier
[23Mai2026 12:22:49.933] [main/DEBUG] [net.neoforged.fml.loading.moddiscovery.ModDiscoverer/]: Skipping C:\Users\Laats\.gradle\caches\modules-2\files-2.1\org.lwjgl\lwjgl-freetype\3.3.3\15a8c1de7f51d07a92eae7ce1222557073a0c0c3\lwjgl-freetype-3.3.3-natives-windows-x86.jar because it was already located earlier
[23Mai2026 12:22:49.933] [main/DEBUG] [net.neoforged.fml.loading.moddiscovery.ModDiscoverer/]: Skipping C:\Users\Laats\.gradle\caches\modules-2\files-2.1\org.lwjgl\lwjgl-glfw\3.3.3\efa1eb78c5ccd840e9f329717109b5e892d72f8e\lwjgl-glfw-3.3.3.jar because it was already located earlier
[23Mai2026 12:22:49.937] [main/DEBUG] [net.neoforged.fml.loading.moddiscovery.ModDiscoverer/]: Skipping C:\Users\Laats\.gradle\caches\modules-2\files-2.1\org.lwjgl\lwjgl-glfw\3.3.3\32334f3fd5270a59bad9939a93115acb6de36dcf\lwjgl-glfw-3.3.3-natives-windows-x86.jar because it was already located earlier
[23Mai2026 12:22:49.937] [main/DEBUG] [net.neoforged.fml.loading.moddiscovery.ModDiscoverer/]: Skipping C:\Users\Laats\.gradle\caches\modules-2\files-2.1\org.lwjgl\lwjgl-jemalloc\3.3.3\b543467b7ff3c6920539a88ee602d34098628be5\lwjgl-jemalloc-3.3.3.jar because it was already located earlier
[23Mai2026 12:22:49.937] [main/DEBUG] [net.neoforged.fml.loading.moddiscovery.ModDiscoverer/]: Skipping C:\Users\Laats\.gradle\caches\modules-2\files-2.1\org.lwjgl\lwjgl-jemalloc\3.3.3\426222fc027602a5f21b9c0fe79cde6a4c7a011f\lwjgl-jemalloc-3.3.3-natives-windows.jar because it was already located earlier
[23Mai2026 12:22:49.941] [main/DEBUG] [net.neoforged.fml.loading.moddiscovery.ModDiscoverer/]: Skipping C:\Users\Laats\.gradle\caches\modules-2\files-2.1\org.lwjgl\lwjgl-openal\3.3.3\daada81ceb5fc0c291fbfdd4433cb8d9423577f2\lwjgl-openal-3.3.3.jar because it was already located earlier
[23Mai2026 12:22:49.945] [main/DEBUG] [net.neoforged.fml.loading.moddiscovery.ModDiscoverer/]: Skipping C:\Users\Laats\.gradle\caches\modules-2\files-2.1\org.lwjgl\lwjgl-openal\3.3.3\87b8d5050e3adb46bb58fe1cb2669a4a48fce10d\lwjgl-openal-3.3.3-natives-windows-x86.jar because it was already located earlier
[23Mai2026 12:22:49.945] [main/DEBUG] [net.neoforged.fml.loading.moddiscovery.ModDiscoverer/]: Skipping C:\Users\Laats\.gradle\caches\modules-2\files-2.1\org.lwjgl\lwjgl-opengl\3.3.3\2f6b0147078396a58979125a4c947664e98293a\lwjgl-opengl-3.3.3.jar because it was already located earlier
[23Mai2026 12:22:49.947] [main/DEBUG] [net.neoforged.fml.loading.moddiscovery.ModDiscoverer/]: Skipping C:\Users\Laats\.gradle\caches\modules-2\files-2.1\org.lwjgl\lwjgl-opengl\3.3.3\65e956d3735a1abdc82eff4baec1b61174697d4b\lwjgl-opengl-3.3.3-natives-windows-arm64.jar because it was already located earlier
[23Mai2026 12:22:49.949] [main/DEBUG] [net.neoforged.fml.loading.moddiscovery.ModDiscoverer/]: Skipping C:\Users\Laats\.gradle\caches\modules-2\files-2.1\org.lwjgl\lwjgl-stb\3.3.3\25dd6161988d7e65f71d5065c99902402ee32746\lwjgl-stb-3.3.3.jar because it was already located earlier
[23Mai2026 12:22:49.949] [main/DEBUG] [net.neoforged.fml.loading.moddiscovery.ModDiscoverer/]: Skipping C:\Users\Laats\.gradle\caches\modules-2\files-2.1\org.lwjgl\lwjgl-stb\3.3.3\1d9facdf6541de114b0f963be33505b7679c78cb\lwjgl-stb-3.3.3-natives-windows.jar because it was already located earlier
[23Mai2026 12:22:49.954] [main/DEBUG] [net.neoforged.fml.loading.moddiscovery.ModDiscoverer/]: Skipping C:\Users\Laats\.gradle\caches\modules-2\files-2.1\org.lwjgl\lwjgl-tinyfd\3.3.3\82d755ca94b102e9ca77283b9e2dc46d1b15fbe5\lwjgl-tinyfd-3.3.3.jar because it was already located earlier
[23Mai2026 12:22:49.954] [main/DEBUG] [net.neoforged.fml.loading.moddiscovery.ModDiscoverer/]: Skipping C:\Users\Laats\.gradle\caches\modules-2\files-2.1\org.lwjgl\lwjgl-tinyfd\3.3.3\a6697981b0449a5087c1d546fc08b4f73e8f98c9\lwjgl-tinyfd-3.3.3-natives-windows.jar because it was already located earlier
[23Mai2026 12:22:49.958] [main/DEBUG] [net.neoforged.fml.loading.moddiscovery.ModDiscoverer/]: Skipping C:\Users\Laats\.gradle\caches\modules-2\files-2.1\org.lwjgl\lwjgl\3.3.3\29589b5f87ed335a6c7e7ee6a5775f81f97ecb84\lwjgl-3.3.3.jar because it was already located earlier
[23Mai2026 12:22:49.962] [main/DEBUG] [net.neoforged.fml.loading.moddiscovery.ModDiscoverer/]: Skipping C:\Users\Laats\.gradle\caches\modules-2\files-2.1\org.lwjgl\lwjgl\3.3.3\9e670718e050aeaeea0c2d5b907cffb142f2e58f\lwjgl-3.3.3-natives-windows-x86.jar because it was already located earlier
[23Mai2026 12:22:49.963] [main/DEBUG] [net.neoforged.fml.loading.moddiscovery.ModDiscoverer/]: Skipping C:\Users\Laats\.gradle\caches\modules-2\files-2.1\org.lz4\lz4-java\1.8.0\4b986a99445e49ea5fbf5d149c4b63f6ed6c6780\lz4-java-1.8.0.jar because it was already located earlier
[23Mai2026 12:22:49.963] [main/DEBUG] [net.neoforged.fml.loading.moddiscovery.ModDiscoverer/]: Skipping C:\Users\Laats\.gradle\caches\modules-2\files-2.1\org.jline\jline-terminal\3.20.0\d0ddcc708ddf527a3454c941b7b9225cc83a15ff\jline-terminal-3.20.0.jar because it was already located earlier
[23Mai2026 12:22:49.963] [main/DEBUG] [net.neoforged.fml.loading.moddiscovery.ModDiscoverer/]: Skipping C:\Users\Laats\.gradle\caches\modules-2\files-2.1\com.google.guava\listenablefuture\9999.0-empty-to-avoid-conflict-with-guava\b421526c5f297295adef1c886e5246c39d4ac629\listenablefuture-9999.0-empty-to-avoid-conflict-with-guava.jar because it was already located earlier
[23Mai2026 12:22:49.963] [main/DEBUG] [net.neoforged.fml.loading.moddiscovery.ModDiscoverer/]: Skipping C:\Users\Laats\.gradle\caches\modules-2\files-2.1\com.google.code.findbugs\jsr305\3.0.2\25ea2e8b0c338a877313bd4672d3fe056ea78f0d\jsr305-3.0.2.jar because it was already located earlier
[23Mai2026 12:22:49.963] [main/DEBUG] [net.neoforged.fml.loading.moddiscovery.ModDiscoverer/]: Skipping C:\Users\Laats\.gradle\caches\modules-2\files-2.1\org.checkerframework\checker-qual\3.33.0\de2b60b62da487644fc11f734e73c8b0b431238f\checker-qual-3.33.0.jar because it was already located earlier
[23Mai2026 12:22:49.963] [main/DEBUG] [net.neoforged.fml.loading.moddiscovery.ModDiscoverer/]: Skipping C:\Users\Laats\.gradle\caches\modules-2\files-2.1\com.google.errorprone\error_prone_annotations\2.18.0\89b684257096f548fa39a7df9fdaa409d4d4df91\error_prone_annotations-2.18.0.jar because it was already located earlier
[23Mai2026 12:22:49.963] [main/DEBUG] [net.neoforged.fml.loading.moddiscovery.ModDiscoverer/]: Skipping C:\Users\Laats\.gradle\caches\modules-2\files-2.1\com.google.j2objc\j2objc-annotations\2.8\c85270e307e7b822f1086b93689124b89768e273\j2objc-annotations-2.8.jar because it was already located earlier
[23Mai2026 12:22:49.964] [main/DEBUG] [net.neoforged.fml.loading.UniqueModListBuilder/]: Found 2 mods for first modid neoforge, selecting most recent based on version data
[23Mai2026 12:22:49.965] [main/DEBUG] [net.neoforged.fml.loading.UniqueModListBuilder/]: Selected file neoforge-21.1.224.jar for modid neoforge with version 21.1.224
[23Mai2026 12:22:50.034] [main/DEBUG] [net.neoforged.fml.loading.moddiscovery.ModFileParser/LOADING]: Considering mod file candidate 
[23Mai2026 12:22:50.036] [main/DEBUG] [net.neoforged.fml.loading.moddiscovery.ModFileInfo/LOADING]: Found valid mod file journeymap-api-neoforge-2.0.0-1.21.1-SNAPSHOT.jar with {journeymap_api} mods - versions {2.0.0}
[23Mai2026 12:22:50.037] [main/DEBUG] [net.neoforged.fml.loading.moddiscovery.ModFileParser/LOADING]: Considering mod file candidate 
[23Mai2026 12:22:50.038] [main/DEBUG] [net.neoforged.fml.loading.moddiscovery.ModFileInfo/LOADING]: Found valid mod file common-networking-neoforge-1.0.18-1.21.1.jar with {commonnetworking} mods - versions {1.0.18-1.21.1}
[23Mai2026 12:22:50.052] [main/DEBUG] [net.neoforged.fml.loading.moddiscovery.ModFileParser/LOADING]: Considering mod file candidate 
[23Mai2026 12:22:50.054] [main/DEBUG] [net.neoforged.fml.loading.moddiscovery.ModFileInfo/LOADING]: Found valid mod file athena-neoforge-1.21-4.0.0.jar with {athena} mods - versions {4.0.0}
[23Mai2026 12:22:50.060] [main/DEBUG] [net.neoforged.fml.loading.moddiscovery.ModFileParser/LOADING]: Considering mod file candidate 
[23Mai2026 12:22:50.061] [main/DEBUG] [net.neoforged.fml.loading.moddiscovery.ModFileInfo/LOADING]: Found valid mod file resourcefullib-neoforge-1.21-3.0.11.jar with {resourcefullib} mods - versions {3.0.11}
[23Mai2026 12:22:50.108] [main/DEBUG] [net.neoforged.fml.loading.moddiscovery.ModFileParser/LOADING]: Considering mod file candidate 
[23Mai2026 12:22:50.109] [main/DEBUG] [net.neoforged.fml.loading.moddiscovery.ModFileInfo/LOADING]: Found valid mod file journeymap-api-neoforge-2.0.0-1.21.1-SNAPSHOT.jar with {journeymap_api} mods - versions {2.0.0}
[23Mai2026 12:22:50.118] [main/DEBUG] [net.neoforged.fml.loading.moddiscovery.ModFileParser/LOADING]: Considering mod file candidate 
[23Mai2026 12:22:50.119] [main/DEBUG] [net.neoforged.fml.loading.moddiscovery.ModFileInfo/LOADING]: Found valid mod file common-networking-neoforge-1.0.18-1.21.1.jar with {commonnetworking} mods - versions {1.0.18-1.21.1}
[23Mai2026 12:22:50.126] [main/DEBUG] [net.neoforged.fml.loading.moddiscovery.ModFileParser/LOADING]: Considering mod file candidate 
[23Mai2026 12:22:50.128] [main/DEBUG] [net.neoforged.fml.loading.moddiscovery.ModFileInfo/LOADING]: Found valid mod file resourcefullib-neoforge-1.21-3.0.11.jar with {resourcefullib} mods - versions {3.0.11}
[23Mai2026 12:22:50.130] [main/DEBUG] [net.neoforged.fml.loading.moddiscovery.ModFileParser/LOADING]: Considering mod file candidate 
[23Mai2026 12:22:50.130] [main/DEBUG] [net.neoforged.fml.loading.moddiscovery.ModFileInfo/LOADING]: Found valid mod file athena-neoforge-1.21-4.0.0.jar with {athena} mods - versions {4.0.0}
[23Mai2026 12:22:50.132] [main/INFO] [net.neoforged.fml.loading.moddiscovery.locators.JarInJarDependencyLocator/]: Found 10 dependencies adding them to mods collection
[23Mai2026 12:22:50.134] [main/INFO] [net.neoforged.fml.loading.moddiscovery.ModDiscoverer/]: 
     Mod List:
		Name Version (Mod Id)

		Astral Dimension 1.9.2.1 (astral_dimension)
		Athena 4.0.0 (athena)
		Common Networking 1.0.18-1.21.1 (commonnetworking)
		GeckoLib 4 4.8.2 (geckolib)
		Journeymap 1.21.1-6.0.0-beta.52 (journeymap)
		JourneyMap API 2.0.0 (journeymap_api)
		Minecraft 1.21.1 (minecraft)
		NeoForge 21.1.224 (neoforge)
		Reliquary Reincarnations 2.0.62 (reliquary)
		Resourceful Lib 3.0.11 (resourcefullib)
		SimpleGPS 1.21.1-1.0.4 (simplegps)
		The Bumblezone 7.11.6+1.21.1-neoforge (the_bumblezone)
		The Twilight Forest 4.7.3196 (twilightforest)
		The Undergarden 0.9.3 (undergarden)
[23Mai2026 12:22:50.135] [main/DEBUG] [net.neoforged.fml.loading.moddiscovery.ModFileInfo/LOADING]: Found valid mod file neoforge-21.1.224.jar with {minecraft} mods - versions {1.21.1}
[23Mai2026 12:22:50.138] [main/DEBUG] [net.neoforged.fml.loading.moddiscovery.ModFile/LOADING]: Loading mod file D:\# Minecraft Modding\Spawner\SimpleGPS\build\moddev\artifacts\neoforge-21.1.224.jar with languages [LanguageSpec[languageName=minecraft, acceptedVersions=1]]
[23Mai2026 12:22:50.139] [main/DEBUG] [net.neoforged.fml.loading.moddiscovery.ModFileParser/LOADING]: Considering mod file candidate 
[23Mai2026 12:22:50.140] [main/DEBUG] [net.neoforged.fml.loading.moddiscovery.ModFileInfo/LOADING]: Found valid mod file resourcefullib-neoforge-1.21-3.0.11.jar with {resourcefullib} mods - versions {3.0.11}
[23Mai2026 12:22:50.140] [main/DEBUG] [net.neoforged.fml.loading.moddiscovery.ModFile/LOADING]: Loading mod file  with languages [LanguageSpec[languageName=javafml, acceptedVersions=[1,)]]
[23Mai2026 12:22:50.141] [main/DEBUG] [net.neoforged.fml.loading.moddiscovery.ModFile/LOADING]: Found mixin config MixinConfig[config=resourcefullib.mixins.json, requiredMods=[]]
[23Mai2026 12:22:50.141] [main/DEBUG] [net.neoforged.fml.loading.moddiscovery.ModFileParser/LOADING]: Considering mod file candidate D:\# Minecraft Modding\Spawner\SimpleGPS\run\mods\geckolib-neoforge-1.21.1-4.8.2.jar
[23Mai2026 12:22:50.142] [main/DEBUG] [net.neoforged.fml.loading.moddiscovery.ModFileInfo/LOADING]: Found valid mod file geckolib-neoforge-1.21.1-4.8.2.jar with {geckolib} mods - versions {4.8.2}
[23Mai2026 12:22:50.142] [main/DEBUG] [net.neoforged.fml.loading.moddiscovery.ModFile/LOADING]: Loading mod file D:\# Minecraft Modding\Spawner\SimpleGPS\run\mods\geckolib-neoforge-1.21.1-4.8.2.jar with languages [LanguageSpec[languageName=javafml, acceptedVersions=[4,)]]
[23Mai2026 12:22:50.142] [main/DEBUG] [net.neoforged.fml.loading.moddiscovery.ModFile/LOADING]: Found mixin config MixinConfig[config=geckolib.mixins.json, requiredMods=[]]
[23Mai2026 12:22:50.143] [main/DEBUG] [net.neoforged.fml.loading.moddiscovery.ModFileParser/LOADING]: Considering mod file candidate 
[23Mai2026 12:22:50.143] [main/DEBUG] [net.neoforged.fml.loading.moddiscovery.ModFileInfo/LOADING]: Found valid mod file common-networking-neoforge-1.0.18-1.21.1.jar with {commonnetworking} mods - versions {1.0.18-1.21.1}
[23Mai2026 12:22:50.143] [main/DEBUG] [net.neoforged.fml.loading.moddiscovery.ModFile/LOADING]: Loading mod file  with languages [LanguageSpec[languageName=javafml, acceptedVersions=[2,)]]
[23Mai2026 12:22:50.144] [main/DEBUG] [net.neoforged.fml.loading.moddiscovery.ModFileParser/LOADING]: Considering mod file candidate D:\# Minecraft Modding\Spawner\SimpleGPS\run\mods\The_Undergarden-1.21.1-0.9.3.jar
[23Mai2026 12:22:50.145] [main/DEBUG] [net.neoforged.fml.loading.moddiscovery.ModFileInfo/LOADING]: Found valid mod file The_Undergarden-1.21.1-0.9.3.jar with {undergarden} mods - versions {0.9.3}
[23Mai2026 12:22:50.145] [main/DEBUG] [net.neoforged.fml.loading.moddiscovery.ModFile/LOADING]: Loading mod file D:\# Minecraft Modding\Spawner\SimpleGPS\run\mods\The_Undergarden-1.21.1-0.9.3.jar with languages [LanguageSpec[languageName=javafml, acceptedVersions=[4,)]]
[23Mai2026 12:22:50.145] [main/DEBUG] [net.neoforged.fml.loading.moddiscovery.ModFile/LOADING]: Found mixin config MixinConfig[config=undergarden.mixins.json, requiredMods=[]]
[23Mai2026 12:22:50.145] [main/DEBUG] [net.neoforged.fml.loading.moddiscovery.ModFileParser/LOADING]: Considering mod file candidate D:\# Minecraft Modding\Spawner\SimpleGPS\run\mods\the_bumblezone-7.11.6+1.21.1-neoforge.jar
[23Mai2026 12:22:50.146] [main/DEBUG] [net.neoforged.fml.loading.moddiscovery.ModFileInfo/LOADING]: Found valid mod file the_bumblezone-7.11.6+1.21.1-neoforge.jar with {the_bumblezone} mods - versions {7.11.6+1.21.1-neoforge}
[23Mai2026 12:22:50.146] [main/DEBUG] [net.neoforged.fml.loading.moddiscovery.ModFile/LOADING]: Loading mod file D:\# Minecraft Modding\Spawner\SimpleGPS\run\mods\the_bumblezone-7.11.6+1.21.1-neoforge.jar with languages [LanguageSpec[languageName=javafml, acceptedVersions=[2,)]]
[23Mai2026 12:22:50.146] [main/DEBUG] [net.neoforged.fml.loading.moddiscovery.ModFile/LOADING]: Found mixin config MixinConfig[config=the_bumblezone-neoforge.mixins.json, requiredMods=[]]
[23Mai2026 12:22:50.146] [main/DEBUG] [net.neoforged.fml.loading.moddiscovery.ModFile/LOADING]: Found mixin config MixinConfig[config=the_bumblezone-common.mixins.json, requiredMods=[]]
[23Mai2026 12:22:50.146] [main/DEBUG] [net.neoforged.fml.loading.moddiscovery.ModFileParser/LOADING]: Considering mod file candidate D:\# Minecraft Modding\Spawner\SimpleGPS\run\mods\Astral_1.9.2.1_1.21.1_NeoForge.jar
[23Mai2026 12:22:50.147] [main/DEBUG] [net.neoforged.fml.loading.moddiscovery.ModFileInfo/LOADING]: Found valid mod file Astral_1.9.2.1_1.21.1_NeoForge.jar with {astral_dimension} mods - versions {1.9.2.1}
[23Mai2026 12:22:50.147] [main/DEBUG] [net.neoforged.fml.loading.moddiscovery.ModFile/LOADING]: Loading mod file D:\# Minecraft Modding\Spawner\SimpleGPS\run\mods\Astral_1.9.2.1_1.21.1_NeoForge.jar with languages [LanguageSpec[languageName=javafml, acceptedVersions=[4,)]]
[23Mai2026 12:22:50.147] [main/DEBUG] [net.neoforged.fml.loading.moddiscovery.ModFileParser/LOADING]: Considering mod file candidate D:\# Minecraft Modding\Spawner\SimpleGPS\build\classes\java\main
[23Mai2026 12:22:50.149] [main/DEBUG] [net.neoforged.fml.loading.moddiscovery.ModFileInfo/LOADING]: Found valid mod file main with {simplegps} mods - versions {1.21.1-1.0.4}
[23Mai2026 12:22:50.149] [main/DEBUG] [net.neoforged.fml.loading.moddiscovery.ModFile/LOADING]: Loading mod file D:\# Minecraft Modding\Spawner\SimpleGPS\build\classes\java\main with languages [LanguageSpec[languageName=javafml, acceptedVersions=[4,)]]
[23Mai2026 12:22:50.150] [main/DEBUG] [net.neoforged.fml.loading.moddiscovery.ModFileParser/LOADING]: Considering mod file candidate 
[23Mai2026 12:22:50.150] [main/DEBUG] [net.neoforged.fml.loading.moddiscovery.ModFileInfo/LOADING]: Found valid mod file journeymap-api-neoforge-2.0.0-1.21.1-SNAPSHOT.jar with {journeymap_api} mods - versions {2.0.0}
[23Mai2026 12:22:50.150] [main/DEBUG] [net.neoforged.fml.loading.moddiscovery.ModFile/LOADING]: Loading mod file  with languages [LanguageSpec[languageName=javafml, acceptedVersions=[1,)]]
[23Mai2026 12:22:50.150] [main/DEBUG] [net.neoforged.fml.loading.moddiscovery.ModFileParser/LOADING]: Considering mod file candidate D:\# Minecraft Modding\Spawner\SimpleGPS\run\mods\reliquary-1.21.1-2.0.62.1310.jar
[23Mai2026 12:22:50.151] [main/DEBUG] [net.neoforged.fml.loading.moddiscovery.ModFileInfo/LOADING]: Found valid mod file reliquary-1.21.1-2.0.62.1310.jar with {reliquary} mods - versions {2.0.62}
[23Mai2026 12:22:50.151] [main/DEBUG] [net.neoforged.fml.loading.moddiscovery.ModFile/LOADING]: Loading mod file D:\# Minecraft Modding\Spawner\SimpleGPS\run\mods\reliquary-1.21.1-2.0.62.1310.jar with languages [LanguageSpec[languageName=javafml, acceptedVersions=[4,)]]
[23Mai2026 12:22:50.151] [main/DEBUG] [net.neoforged.fml.loading.moddiscovery.ModFileParser/LOADING]: Considering mod file candidate D:\# Minecraft Modding\Spawner\SimpleGPS\run\mods\twilightforest-1.21.1-4.7.3196-universal.jar
[23Mai2026 12:22:50.152] [main/DEBUG] [net.neoforged.fml.loading.moddiscovery.ModFileInfo/LOADING]: Found valid mod file twilightforest-1.21.1-4.7.3196-universal.jar with {twilightforest} mods - versions {4.7.3196}
[23Mai2026 12:22:50.152] [main/DEBUG] [net.neoforged.fml.loading.moddiscovery.ModFile/LOADING]: Loading mod file D:\# Minecraft Modding\Spawner\SimpleGPS\run\mods\twilightforest-1.21.1-4.7.3196-universal.jar with languages [LanguageSpec[languageName=javafml, acceptedVersions=[4,)]]
[23Mai2026 12:22:50.152] [main/DEBUG] [net.neoforged.fml.loading.moddiscovery.ModFileParser/LOADING]: Considering mod file candidate 
[23Mai2026 12:22:50.153] [main/DEBUG] [net.neoforged.fml.loading.moddiscovery.ModFileInfo/LOADING]: Found valid mod file athena-neoforge-1.21-4.0.0.jar with {athena} mods - versions {4.0.0}
[23Mai2026 12:22:50.153] [main/DEBUG] [net.neoforged.fml.loading.moddiscovery.ModFile/LOADING]: Loading mod file  with languages [LanguageSpec[languageName=javafml, acceptedVersions=[1,)]]
[23Mai2026 12:22:50.153] [main/DEBUG] [net.neoforged.fml.loading.moddiscovery.ModFile/LOADING]: Found mixin config MixinConfig[config=athena.mixins.json, requiredMods=[]]
[23Mai2026 12:22:50.153] [main/DEBUG] [net.neoforged.fml.loading.moddiscovery.ModFile/LOADING]: Found mixin config MixinConfig[config=athena-neoforge.mixins.json, requiredMods=[]]
[23Mai2026 12:22:50.153] [main/DEBUG] [net.neoforged.fml.loading.moddiscovery.ModFileParser/LOADING]: Considering mod file candidate D:\# Minecraft Modding\Spawner\SimpleGPS\build\moddev\artifacts\neoforge-21.1.224.jar
[23Mai2026 12:22:50.154] [main/DEBUG] [net.neoforged.fml.loading.moddiscovery.ModFileInfo/LOADING]: Found valid mod file neoforge-21.1.224.jar with {neoforge} mods - versions {21.1.224}
[23Mai2026 12:22:50.154] [main/DEBUG] [net.neoforged.fml.loading.moddiscovery.ModFile/LOADING]: Loading mod file D:\# Minecraft Modding\Spawner\SimpleGPS\build\moddev\artifacts\neoforge-21.1.224.jar with languages [LanguageSpec[languageName=javafml, acceptedVersions=[3,]]]
[23Mai2026 12:22:50.154] [main/DEBUG] [net.neoforged.fml.loading.moddiscovery.ModFile/LOADING]: Found mixin config MixinConfig[config=neoforge.mixins.json, requiredMods=[]]
[23Mai2026 12:22:50.154] [main/DEBUG] [net.neoforged.fml.loading.moddiscovery.ModFileParser/LOADING]: Considering mod file candidate D:\# Minecraft Modding\Spawner\SimpleGPS\run\mods\journeymap-neoforge-1.21.1-6.0.0-beta.52.jar
[23Mai2026 12:22:50.155] [main/DEBUG] [net.neoforged.fml.loading.moddiscovery.ModFileInfo/LOADING]: Found valid mod file journeymap-neoforge-1.21.1-6.0.0-beta.52.jar with {journeymap} mods - versions {1.21.1-6.0.0-beta.52}
[23Mai2026 12:22:50.155] [main/DEBUG] [net.neoforged.fml.loading.moddiscovery.ModFile/LOADING]: Loading mod file D:\# Minecraft Modding\Spawner\SimpleGPS\run\mods\journeymap-neoforge-1.21.1-6.0.0-beta.52.jar with languages [LanguageSpec[languageName=javafml, acceptedVersions=[1,)]]
[23Mai2026 12:22:50.155] [main/DEBUG] [net.neoforged.fml.loading.moddiscovery.ModFile/LOADING]: Found mixin config MixinConfig[config=journeymap.mixins.json, requiredMods=[]]
[23Mai2026 12:22:50.155] [main/DEBUG] [net.neoforged.fml.loading.moddiscovery.ModFile/LOADING]: Found mixin config MixinConfig[config=journeymap.neoforge.mixins.json, requiredMods=[]]
[23Mai2026 12:22:50.155] [main/DEBUG] [net.neoforged.fml.loading.moddiscovery.ModFile/LOADING]: Loading mod file  with languages []
[23Mai2026 12:22:50.157] [main/DEBUG] [cpw.mods.modlauncher.TransformationServiceDecorator/MODLAUNCHER]: End scan trigger - transformation service fml
[23Mai2026 12:22:50.174] [main/DEBUG] [net.neoforged.fml.util.ServiceLoaderUtil/CORE]: Found 3 implementations of IModLanguageLoader:
[23Mai2026 12:22:50.174] [main/DEBUG] [net.neoforged.fml.util.ServiceLoaderUtil/CORE]: 	net.neoforged.fml.javafmlmod.FMLJavaModLanguageProvider from loader-4.0.42.jar
[23Mai2026 12:22:50.175] [main/DEBUG] [net.neoforged.fml.util.ServiceLoaderUtil/CORE]: 	net.neoforged.fml.lowcodemod.LowCodeModLanguageProvider from loader-4.0.42.jar
[23Mai2026 12:22:50.175] [main/DEBUG] [net.neoforged.fml.util.ServiceLoaderUtil/CORE]: 	net.neoforged.fml.mclanguageprovider.MinecraftModLanguageProvider from loader-4.0.42.jar
[23Mai2026 12:22:50.175] [main/DEBUG] [net.neoforged.fml.loading.LanguageProviderLoader/CORE]: Found language provider javafml, version 4.0.42
[23Mai2026 12:22:50.176] [main/DEBUG] [net.neoforged.fml.loading.LanguageProviderLoader/CORE]: Found language provider lowcodefml, version 4.0.42
[23Mai2026 12:22:50.176] [main/DEBUG] [net.neoforged.fml.loading.LanguageProviderLoader/CORE]: Found language provider minecraft, version 4.0.42
[23Mai2026 12:22:50.181] [main/DEBUG] [net.neoforged.fml.loading.ModSorter/]: Configured system mods: [minecraft, neoforge]
[23Mai2026 12:22:50.182] [main/DEBUG] [net.neoforged.fml.loading.ModSorter/]: Found system mod: minecraft
[23Mai2026 12:22:50.182] [main/DEBUG] [net.neoforged.fml.loading.ModSorter/]: Found system mod: neoforge
[23Mai2026 12:22:50.185] [main/DEBUG] [net.neoforged.fml.loading.ModSorter/LOADING]: Found 26 mod requirements (24 mandatory, 2 optional)
[23Mai2026 12:22:50.187] [main/DEBUG] [net.neoforged.fml.loading.ModSorter/LOADING]: Found 0 mod requirements missing (0 mandatory, 0 optional)
[23Mai2026 12:22:50.317] [main/DEBUG] [mixin/]: Adding mixin platform agents for container net.neoforged.fml.loading.mixin.FMLMixinContainerHandle@328902d5
[23Mai2026 12:22:50.317] [main/DEBUG] [mixin/]: Instancing new MixinPlatformAgentMinecraftForge for net.neoforged.fml.loading.mixin.FMLMixinContainerHandle@328902d5
[23Mai2026 12:22:50.317] [main/DEBUG] [mixin/]: MixinPlatformAgentMinecraftForge rejected container net.neoforged.fml.loading.mixin.FMLMixinContainerHandle@328902d5
[23Mai2026 12:22:50.317] [main/DEBUG] [mixin/]: Instancing new MixinPlatformAgentDefault for net.neoforged.fml.loading.mixin.FMLMixinContainerHandle@328902d5
[23Mai2026 12:22:50.317] [main/DEBUG] [mixin/]: MixinPlatformAgentDefault accepted container net.neoforged.fml.loading.mixin.FMLMixinContainerHandle@328902d5
[23Mai2026 12:22:50.317] [main/DEBUG] [mixin/]: Instancing new FMLMixinPlatformAgent for net.neoforged.fml.loading.mixin.FMLMixinContainerHandle@328902d5
[23Mai2026 12:22:50.317] [main/DEBUG] [mixin/]: FMLMixinPlatformAgent accepted container net.neoforged.fml.loading.mixin.FMLMixinContainerHandle@328902d5
[23Mai2026 12:22:50.349] [main/DEBUG] [cpw.mods.modlauncher.TransformationServicesHandler/MODLAUNCHER]: Transformation services loading transformers
[23Mai2026 12:22:50.351] [main/DEBUG] [cpw.mods.modlauncher.TransformationServiceDecorator/MODLAUNCHER]: Initializing transformers for transformation service mixin
[23Mai2026 12:22:50.353] [main/DEBUG] [cpw.mods.modlauncher.TransformationServiceDecorator/MODLAUNCHER]: Initialized transformers for transformation service mixin
[23Mai2026 12:22:50.353] [main/DEBUG] [cpw.mods.modlauncher.TransformationServiceDecorator/MODLAUNCHER]: Initializing transformers for transformation service fml
[23Mai2026 12:22:50.353] [main/DEBUG] [net.neoforged.fml.loading.FMLServiceProvider/LOADING]: Loading coremod transformers
[23Mai2026 12:22:50.354] [main/DEBUG] [net.neoforged.fml.loading.FMLServiceProvider/CORE]: Not loading coremod script-engine since no mod requested it
[23Mai2026 12:22:50.359] [main/DEBUG] [net.neoforged.fml.util.ServiceLoaderUtil/CORE]: Found 2 implementations of ICoreMod:
[23Mai2026 12:22:50.359] [main/DEBUG] [net.neoforged.fml.util.ServiceLoaderUtil/CORE]: 	twilightforest.asm.TFCoreMod from twilightforest-1.21.1-4.7.3196-universal.jar > s.tf-asm-4.7.3196.jar
[23Mai2026 12:22:50.361] [main/DEBUG] [net.neoforged.fml.util.ServiceLoaderUtil/CORE]: 	net.neoforged.neoforge.coremods.NeoForgeCoreMod from neoforge-21.1.224.jar > net.neoforged.neoforge-coremods-21.1.224.jar
[23Mai2026 12:22:50.430] [main/DEBUG] [net.neoforged.fml.loading.FMLServiceProvider/CORE]: Adding [Target[className=net.minecraft.world.entity.LivingEntity, elementName=getVisibilityPercent, elementDescriptor=(Lnet/minecraft/world/entity/Entity;)D, targetType=cpw.mods.modlauncher.api.TargetType@56303b57]] transformer from core-mod twilightforest.asm.TFCoreMod@474fae39 in twilightforest-1.21.1-4.7.3196-universal.jar > s.tf-asm-4.7.3196.jar
[23Mai2026 12:22:50.430] [main/DEBUG] [net.neoforged.fml.loading.FMLServiceProvider/CORE]: Adding [Target[className=net.minecraft.client.renderer.entity.layers.HumanoidArmorLayer, elementName=renderArmorPiece, elementDescriptor=(Lcom/mojang/blaze3d/vertex/PoseStack;Lnet/minecraft/client/renderer/MultiBufferSource;Lnet/minecraft/world/entity/LivingEntity;Lnet/minecraft/world/entity/EquipmentSlot;ILnet/minecraft/client/model/HumanoidModel;FFFFFF)V, targetType=cpw.mods.modlauncher.api.TargetType@56303b57]] transformer from core-mod twilightforest.asm.TFCoreMod@474fae39 in twilightforest-1.21.1-4.7.3196-universal.jar > s.tf-asm-4.7.3196.jar
[23Mai2026 12:22:50.430] [main/DEBUG] [net.neoforged.fml.loading.FMLServiceProvider/CORE]: Adding [Target[className=net.minecraft.world.level.levelgen.Beardifier, elementName=, elementDescriptor=, targetType=cpw.mods.modlauncher.api.TargetType@49872d67]] transformer from core-mod twilightforest.asm.TFCoreMod@474fae39 in twilightforest-1.21.1-4.7.3196-universal.jar > s.tf-asm-4.7.3196.jar
[23Mai2026 12:22:50.430] [main/DEBUG] [net.neoforged.fml.loading.FMLServiceProvider/CORE]: Adding [Target[className=net.minecraft.world.level.levelgen.Beardifier, elementName=compute, elementDescriptor=(Lnet/minecraft/world/level/levelgen/DensityFunction$FunctionContext;)D, targetType=cpw.mods.modlauncher.api.TargetType@56303b57]] transformer from core-mod twilightforest.asm.TFCoreMod@474fae39 in twilightforest-1.21.1-4.7.3196-universal.jar > s.tf-asm-4.7.3196.jar
[23Mai2026 12:22:50.431] [main/DEBUG] [net.neoforged.fml.loading.FMLServiceProvider/CORE]: Adding [Target[className=net.minecraft.world.level.levelgen.NoiseBasedChunkGenerator, elementName=createNoiseChunk, elementDescriptor=(Lnet/minecraft/world/level/chunk/ChunkAccess;Lnet/minecraft/world/level/StructureManager;Lnet/minecraft/world/level/levelgen/blending/Blender;Lnet/minecraft/world/level/levelgen/RandomState;)Lnet/minecraft/world/level/levelgen/NoiseChunk;, targetType=cpw.mods.modlauncher.api.TargetType@56303b57]] transformer from core-mod twilightforest.asm.TFCoreMod@474fae39 in twilightforest-1.21.1-4.7.3196-universal.jar > s.tf-asm-4.7.3196.jar
[23Mai2026 12:22:50.431] [main/DEBUG] [net.neoforged.fml.loading.FMLServiceProvider/CORE]: Adding [Target[className=net.minecraft.world.item.WrittenBookItem, elementName=getName, elementDescriptor=(Lnet/minecraft/world/item/ItemStack;)Lnet/minecraft/network/chat/Component;, targetType=cpw.mods.modlauncher.api.TargetType@56303b57]] transformer from core-mod twilightforest.asm.TFCoreMod@474fae39 in twilightforest-1.21.1-4.7.3196-universal.jar > s.tf-asm-4.7.3196.jar
[23Mai2026 12:22:50.431] [main/DEBUG] [net.neoforged.fml.loading.FMLServiceProvider/CORE]: Adding [Target[className=net.minecraft.world.level.chunk.status.ChunkStatusTasks, elementName=generateSurface, elementDescriptor=(Lnet/minecraft/world/level/chunk/status/WorldGenContext;Lnet/minecraft/world/level/chunk/status/ChunkStep;Lnet/minecraft/util/StaticCache2D;Lnet/minecraft/world/level/chunk/ChunkAccess;)Ljava/util/concurrent/CompletableFuture;, targetType=cpw.mods.modlauncher.api.TargetType@56303b57]] transformer from core-mod twilightforest.asm.TFCoreMod@474fae39 in twilightforest-1.21.1-4.7.3196-universal.jar > s.tf-asm-4.7.3196.jar
[23Mai2026 12:22:50.431] [main/DEBUG] [net.neoforged.fml.loading.FMLServiceProvider/CORE]: Adding [Target[className=net.minecraft.world.level.Level, elementName=isRainingAt, elementDescriptor=(Lnet/minecraft/core/BlockPos;)Z, targetType=cpw.mods.modlauncher.api.TargetType@56303b57]] transformer from core-mod twilightforest.asm.TFCoreMod@474fae39 in twilightforest-1.21.1-4.7.3196-universal.jar > s.tf-asm-4.7.3196.jar
[23Mai2026 12:22:50.431] [main/DEBUG] [net.neoforged.fml.loading.FMLServiceProvider/CORE]: Adding [Target[className=net.minecraft.world.level.levelgen.structure.StructureStart, elementName=loadStaticStart, elementDescriptor=(Lnet/minecraft/world/level/levelgen/structure/pieces/StructurePieceSerializationContext;Lnet/minecraft/nbt/CompoundTag;J)Lnet/minecraft/world/level/levelgen/structure/StructureStart;, targetType=cpw.mods.modlauncher.api.TargetType@56303b57]] transformer from core-mod twilightforest.asm.TFCoreMod@474fae39 in twilightforest-1.21.1-4.7.3196-universal.jar > s.tf-asm-4.7.3196.jar
[23Mai2026 12:22:50.431] [main/DEBUG] [net.neoforged.fml.loading.FMLServiceProvider/CORE]: Adding [Target[className=net.minecraft.client.renderer.BiomeColors, elementName=lambda$static$0, elementDescriptor=(Lnet/minecraft/world/level/biome/Biome;DD)I, targetType=cpw.mods.modlauncher.api.TargetType@56303b57]] transformer from core-mod twilightforest.asm.TFCoreMod@474fae39 in twilightforest-1.21.1-4.7.3196-universal.jar > s.tf-asm-4.7.3196.jar
[23Mai2026 12:22:50.431] [main/DEBUG] [net.neoforged.fml.loading.FMLServiceProvider/CORE]: Adding [Target[className=net.minecraft.world.entity.decoration.LeashFenceKnotEntity, elementName=survives, elementDescriptor=()Z, targetType=cpw.mods.modlauncher.api.TargetType@56303b57]] transformer from core-mod twilightforest.asm.TFCoreMod@474fae39 in twilightforest-1.21.1-4.7.3196-universal.jar > s.tf-asm-4.7.3196.jar
[23Mai2026 12:22:50.431] [main/DEBUG] [net.neoforged.fml.loading.FMLServiceProvider/CORE]: Adding [Target[className=net.minecraft.world.level.chunk.ChunkGenerator, elementName=findNearestMapStructure, elementDescriptor=(Lnet/minecraft/server/level/ServerLevel;Lnet/minecraft/core/HolderSet;Lnet/minecraft/core/BlockPos;IZ)Lcom/mojang/datafixers/util/Pair;, targetType=cpw.mods.modlauncher.api.TargetType@56303b57]] transformer from core-mod twilightforest.asm.TFCoreMod@474fae39 in twilightforest-1.21.1-4.7.3196-universal.jar > s.tf-asm-4.7.3196.jar
[23Mai2026 12:22:50.432] [main/DEBUG] [net.neoforged.fml.loading.FMLServiceProvider/CORE]: Adding [Target[className=net.minecraft.client.renderer.LevelRenderer, elementName=renderLevel, elementDescriptor=(Lnet/minecraft/client/DeltaTracker;ZLnet/minecraft/client/Camera;Lnet/minecraft/client/renderer/GameRenderer;Lnet/minecraft/client/renderer/LightTexture;Lorg/joml/Matrix4f;Lorg/joml/Matrix4f;)V, targetType=cpw.mods.modlauncher.api.TargetType@56303b57]] transformer from core-mod twilightforest.asm.TFCoreMod@474fae39 in twilightforest-1.21.1-4.7.3196-universal.jar > s.tf-asm-4.7.3196.jar
[23Mai2026 12:22:50.432] [main/DEBUG] [net.neoforged.fml.loading.FMLServiceProvider/CORE]: Adding [Target[className=net.minecraft.client.renderer.entity.EntityRenderDispatcher, elementName=getRenderer, elementDescriptor=(Lnet/minecraft/world/entity/Entity;)Lnet/minecraft/client/renderer/entity/EntityRenderer;, targetType=cpw.mods.modlauncher.api.TargetType@56303b57]] transformer from core-mod twilightforest.asm.TFCoreMod@474fae39 in twilightforest-1.21.1-4.7.3196-universal.jar > s.tf-asm-4.7.3196.jar
[23Mai2026 12:22:50.432] [main/DEBUG] [net.neoforged.fml.loading.FMLServiceProvider/CORE]: Adding [Target[className=net.minecraft.server.level.ServerEntity, elementName=sendDirtyEntityData, elementDescriptor=()V, targetType=cpw.mods.modlauncher.api.TargetType@56303b57]] transformer from core-mod twilightforest.asm.TFCoreMod@474fae39 in twilightforest-1.21.1-4.7.3196-universal.jar > s.tf-asm-4.7.3196.jar
[23Mai2026 12:22:50.432] [main/DEBUG] [net.neoforged.fml.loading.FMLServiceProvider/CORE]: Adding [Target[className=net.minecraft.world.level.block.MushroomBlock, elementName=canSurvive, elementDescriptor=(Lnet/minecraft/world/level/block/state/BlockState;Lnet/minecraft/world/level/LevelReader;Lnet/minecraft/core/BlockPos;)Z, targetType=cpw.mods.modlauncher.api.TargetType@56303b57]] transformer from core-mod twilightforest.asm.TFCoreMod@474fae39 in twilightforest-1.21.1-4.7.3196-universal.jar > s.tf-asm-4.7.3196.jar
[23Mai2026 12:22:50.432] [main/DEBUG] [net.neoforged.fml.loading.FMLServiceProvider/CORE]: Adding [Target[className=net.minecraft.world.entity.PathfinderMob, elementName=shouldStayCloseToLeashHolder, elementDescriptor=()Z, targetType=cpw.mods.modlauncher.api.TargetType@56303b57]] transformer from core-mod twilightforest.asm.TFCoreMod@474fae39 in twilightforest-1.21.1-4.7.3196-universal.jar > s.tf-asm-4.7.3196.jar
[23Mai2026 12:22:50.456] [main/DEBUG] [net.neoforged.fml.loading.FMLServiceProvider/CORE]: Adding [Target[className=net.minecraft.world.level.biome.Biome, elementName=, elementDescriptor=, targetType=cpw.mods.modlauncher.api.TargetType@49872d67]] transformer from core-mod net.neoforged.neoforge.coremods.NeoForgeCoreMod@21f8e55f in neoforge-21.1.224.jar > net.neoforged.neoforge-coremods-21.1.224.jar
[23Mai2026 12:22:50.459] [main/DEBUG] [net.neoforged.fml.loading.FMLServiceProvider/CORE]: Adding [Target[className=net.minecraft.world.level.levelgen.structure.Structure, elementName=, elementDescriptor=, targetType=cpw.mods.modlauncher.api.TargetType@49872d67]] transformer from core-mod net.neoforged.neoforge.coremods.NeoForgeCoreMod@21f8e55f in neoforge-21.1.224.jar > net.neoforged.neoforge-coremods-21.1.224.jar
[23Mai2026 12:22:50.463] [main/DEBUG] [net.neoforged.fml.loading.FMLServiceProvider/CORE]: Adding [Target[className=net.minecraft.world.level.block.FlowerPotBlock, elementName=, elementDescriptor=, targetType=cpw.mods.modlauncher.api.TargetType@49872d67]] transformer from core-mod net.neoforged.neoforge.coremods.NeoForgeCoreMod@21f8e55f in neoforge-21.1.224.jar > net.neoforged.neoforge-coremods-21.1.224.jar
[23Mai2026 12:22:50.464] [main/DEBUG] [net.neoforged.fml.loading.FMLServiceProvider/CORE]: Adding [Target[className=net/minecraft/world/entity/ai/village/VillageSiege, elementName=, elementDescriptor=, targetType=cpw.mods.modlauncher.api.TargetType@49872d67], Target[className=net/minecraft/world/entity/monster/ZombieVillager, elementName=, elementDescriptor=, targetType=cpw.mods.modlauncher.api.TargetType@49872d67], Target[className=net/minecraft/world/level/levelgen/PatrolSpawner, elementName=, elementDescriptor=, targetType=cpw.mods.modlauncher.api.TargetType@49872d67], Target[className=net/minecraft/world/level/NaturalSpawner, elementName=, elementDescriptor=, targetType=cpw.mods.modlauncher.api.TargetType@49872d67], Target[className=net/minecraft/server/commands/SummonCommand, elementName=, elementDescriptor=, targetType=cpw.mods.modlauncher.api.TargetType@49872d67], Target[className=net/minecraft/world/level/levelgen/structure/structures/WoodlandMansionPieces$WoodlandMansionPiece, elementName=, elementDescriptor=, targetType=cpw.mods.modlauncher.api.TargetType@49872d67], Target[className=net/minecraft/world/entity/monster/Evoker$EvokerSummonSpellGoal, elementName=, elementDescriptor=, targetType=cpw.mods.modlauncher.api.TargetType@49872d67], Target[className=net/minecraft/world/entity/animal/horse/SkeletonTrapGoal, elementName=, elementDescriptor=, targetType=cpw.mods.modlauncher.api.TargetType@49872d67], Target[className=net/minecraft/world/entity/npc/CatSpawner, elementName=, elementDescriptor=, targetType=cpw.mods.modlauncher.api.TargetType@49872d67], Target[className=net/minecraft/server/commands/RaidCommand, elementName=, elementDescriptor=, targetType=cpw.mods.modlauncher.api.TargetType@49872d67], Target[className=net/minecraft/world/entity/EntityType, elementName=, elementDescriptor=, targetType=cpw.mods.modlauncher.api.TargetType@49872d67], Target[className=net/minecraft/world/entity/monster/Strider, elementName=, elementDescriptor=, targetType=cpw.mods.modlauncher.api.TargetType@49872d67], Target[className=net/minecraft/world/entity/raid/Raid, elementName=, elementDescriptor=, targetType=cpw.mods.modlauncher.api.TargetType@49872d67], Target[className=net/minecraft/world/level/levelgen/structure/templatesystem/StructureTemplate, elementName=, elementDescriptor=, targetType=cpw.mods.modlauncher.api.TargetType@49872d67], Target[className=net/minecraft/world/entity/npc/Villager, elementName=, elementDescriptor=, targetType=cpw.mods.modlauncher.api.TargetType@49872d67], Target[className=net/minecraft/world/level/levelgen/structure/structures/SwampHutPiece, elementName=, elementDescriptor=, targetType=cpw.mods.modlauncher.api.TargetType@49872d67], Target[className=net/minecraft/world/entity/monster/Zombie, elementName=, elementDescriptor=, targetType=cpw.mods.modlauncher.api.TargetType@49872d67], Target[className=net/minecraft/world/level/levelgen/structure/structures/OceanRuinPieces$OceanRuinPiece, elementName=, elementDescriptor=, targetType=cpw.mods.modlauncher.api.TargetType@49872d67], Target[className=net/minecraft/world/entity/monster/Spider, elementName=, elementDescriptor=, targetType=cpw.mods.modlauncher.api.TargetType@49872d67], Target[className=net/minecraft/world/level/levelgen/PhantomSpawner, elementName=, elementDescriptor=, targetType=cpw.mods.modlauncher.api.TargetType@49872d67], Target[className=net/minecraft/world/level/levelgen/structure/structures/OceanMonumentPieces$OceanMonumentPiece, elementName=, elementDescriptor=, targetType=cpw.mods.modlauncher.api.TargetType@49872d67], Target[className=net/minecraft/world/entity/animal/frog/Tadpole, elementName=, elementDescriptor=, targetType=cpw.mods.modlauncher.api.TargetType@49872d67]] transformer from core-mod net.neoforged.neoforge.coremods.NeoForgeCoreMod@21f8e55f in neoforge-21.1.224.jar > net.neoforged.neoforge-coremods-21.1.224.jar
[23Mai2026 12:22:50.469] [main/DEBUG] [cpw.mods.modlauncher.TransformStore/MODLAUNCHER]: Adding transformer twilightforest.asm.transformers.armor.ArmorVisibilityRenderingTransformer@4d178d55 to Target : cpw.mods.modlauncher.api.TargetType@56303b57 {Lnet/minecraft/world/entity/LivingEntity;} {getVisibilityPercent} {(Lnet/minecraft/world/entity/Entity;)D}
[23Mai2026 12:22:50.472] [main/DEBUG] [cpw.mods.modlauncher.TransformStore/MODLAUNCHER]: Adding transformer twilightforest.asm.transformers.armor.CancelArmorRenderingTransformer@72ee5d84 to Target : cpw.mods.modlauncher.api.TargetType@56303b57 {Lnet/minecraft/client/renderer/entity/layers/HumanoidArmorLayer;} {renderArmorPiece} {(Lcom/mojang/blaze3d/vertex/PoseStack;Lnet/minecraft/client/renderer/MultiBufferSource;Lnet/minecraft/world/entity/LivingEntity;Lnet/minecraft/world/entity/EquipmentSlot;ILnet/minecraft/client/model/HumanoidModel;FFFFFF)V}
[23Mai2026 12:22:50.472] [main/DEBUG] [cpw.mods.modlauncher.TransformStore/MODLAUNCHER]: Adding transformer twilightforest.asm.transformers.beardifier.BeardifierClassTransformer@68c7ef83 to Target : cpw.mods.modlauncher.api.TargetType@49872d67 {Lnet/minecraft/world/level/levelgen/Beardifier;} {} {V}
[23Mai2026 12:22:50.472] [main/DEBUG] [cpw.mods.modlauncher.TransformStore/MODLAUNCHER]: Adding transformer twilightforest.asm.transformers.beardifier.BeardifierComputeTransformer@6145b81e to Target : cpw.mods.modlauncher.api.TargetType@56303b57 {Lnet/minecraft/world/level/levelgen/Beardifier;} {compute} {(Lnet/minecraft/world/level/levelgen/DensityFunction$FunctionContext;)D}
[23Mai2026 12:22:50.472] [main/DEBUG] [cpw.mods.modlauncher.TransformStore/MODLAUNCHER]: Adding transformer twilightforest.asm.transformers.beardifier.InitializeCustomBeardifierFieldsDuringCreateNoiseChunkTransformer@64355120 to Target : cpw.mods.modlauncher.api.TargetType@56303b57 {Lnet/minecraft/world/level/levelgen/NoiseBasedChunkGenerator;} {createNoiseChunk} {(Lnet/minecraft/world/level/chunk/ChunkAccess;Lnet/minecraft/world/level/StructureManager;Lnet/minecraft/world/level/levelgen/blending/Blender;Lnet/minecraft/world/level/levelgen/RandomState;)Lnet/minecraft/world/level/levelgen/NoiseChunk;}
[23Mai2026 12:22:50.473] [main/DEBUG] [cpw.mods.modlauncher.TransformStore/MODLAUNCHER]: Adding transformer twilightforest.asm.transformers.book.ModifyWrittenBookNameTransformer@64b7225f to Target : cpw.mods.modlauncher.api.TargetType@56303b57 {Lnet/minecraft/world/item/WrittenBookItem;} {getName} {(Lnet/minecraft/world/item/ItemStack;)Lnet/minecraft/network/chat/Component;}
[23Mai2026 12:22:50.473] [main/DEBUG] [cpw.mods.modlauncher.TransformStore/MODLAUNCHER]: Adding transformer twilightforest.asm.transformers.chunk.ChunkStatusTaskTransformer@33db72bd to Target : cpw.mods.modlauncher.api.TargetType@56303b57 {Lnet/minecraft/world/level/chunk/status/ChunkStatusTasks;} {generateSurface} {(Lnet/minecraft/world/level/chunk/status/WorldGenContext;Lnet/minecraft/world/level/chunk/status/ChunkStep;Lnet/minecraft/util/StaticCache2D;Lnet/minecraft/world/level/chunk/ChunkAccess;)Ljava/util/concurrent/CompletableFuture;}
[23Mai2026 12:22:50.473] [main/DEBUG] [cpw.mods.modlauncher.TransformStore/MODLAUNCHER]: Adding transformer twilightforest.asm.transformers.cloud.IsRainingAtTransformer@7f92b990 to Target : cpw.mods.modlauncher.api.TargetType@56303b57 {Lnet/minecraft/world/level/Level;} {isRainingAt} {(Lnet/minecraft/core/BlockPos;)Z}
[23Mai2026 12:22:50.473] [main/DEBUG] [cpw.mods.modlauncher.TransformStore/MODLAUNCHER]: Adding transformer twilightforest.asm.transformers.conquered.StructureStartLoadStaticTransformer@31e04b13 to Target : cpw.mods.modlauncher.api.TargetType@56303b57 {Lnet/minecraft/world/level/levelgen/structure/StructureStart;} {loadStaticStart} {(Lnet/minecraft/world/level/levelgen/structure/pieces/StructurePieceSerializationContext;Lnet/minecraft/nbt/CompoundTag;J)Lnet/minecraft/world/level/levelgen/structure/StructureStart;}
[23Mai2026 12:22:50.473] [main/DEBUG] [cpw.mods.modlauncher.TransformStore/MODLAUNCHER]: Adding transformer twilightforest.asm.transformers.foliage.FoliageColorResolverTransformer@6c1832aa to Target : cpw.mods.modlauncher.api.TargetType@56303b57 {Lnet/minecraft/client/renderer/BiomeColors;} {lambda$static$0} {(Lnet/minecraft/world/level/biome/Biome;DD)I}
[23Mai2026 12:22:50.473] [main/DEBUG] [cpw.mods.modlauncher.TransformStore/MODLAUNCHER]: Adding transformer twilightforest.asm.transformers.lead.LeashFenceKnotSurvivesTransformer@4beeb0e to Target : cpw.mods.modlauncher.api.TargetType@56303b57 {Lnet/minecraft/world/entity/decoration/LeashFenceKnotEntity;} {survives} {()Z}
[23Mai2026 12:22:50.474] [main/DEBUG] [cpw.mods.modlauncher.TransformStore/MODLAUNCHER]: Adding transformer twilightforest.asm.transformers.map.ResolveNearestNonRandomSpreadMapStructureTransformer@6e8a9c30 to Target : cpw.mods.modlauncher.api.TargetType@56303b57 {Lnet/minecraft/world/level/chunk/ChunkGenerator;} {findNearestMapStructure} {(Lnet/minecraft/server/level/ServerLevel;Lnet/minecraft/core/HolderSet;Lnet/minecraft/core/BlockPos;IZ)Lcom/mojang/datafixers/util/Pair;}
[23Mai2026 12:22:50.474] [main/DEBUG] [cpw.mods.modlauncher.TransformStore/MODLAUNCHER]: Adding transformer twilightforest.asm.transformers.multipart.ResolveEntitiesForRendereringTransformer@5d01ea21 to Target : cpw.mods.modlauncher.api.TargetType@56303b57 {Lnet/minecraft/client/renderer/LevelRenderer;} {renderLevel} {(Lnet/minecraft/client/DeltaTracker;ZLnet/minecraft/client/Camera;Lnet/minecraft/client/renderer/GameRenderer;Lnet/minecraft/client/renderer/LightTexture;Lorg/joml/Matrix4f;Lorg/joml/Matrix4f;)V}
[23Mai2026 12:22:50.474] [main/DEBUG] [cpw.mods.modlauncher.TransformStore/MODLAUNCHER]: Adding transformer twilightforest.asm.transformers.multipart.ResolveEntityRendererTransformer@70211e49 to Target : cpw.mods.modlauncher.api.TargetType@56303b57 {Lnet/minecraft/client/renderer/entity/EntityRenderDispatcher;} {getRenderer} {(Lnet/minecraft/world/entity/Entity;)Lnet/minecraft/client/renderer/entity/EntityRenderer;}
[23Mai2026 12:22:50.474] [main/DEBUG] [cpw.mods.modlauncher.TransformStore/MODLAUNCHER]: Adding transformer twilightforest.asm.transformers.multipart.SendDirtytEntityDataTransformer@3b46dd8 to Target : cpw.mods.modlauncher.api.TargetType@56303b57 {Lnet/minecraft/server/level/ServerEntity;} {sendDirtyEntityData} {()V}
[23Mai2026 12:22:50.474] [main/DEBUG] [cpw.mods.modlauncher.TransformStore/MODLAUNCHER]: Adding transformer twilightforest.asm.transformers.shroom.ModifySoilDecisionForMushroomBlockSurvivabilityTransformer@39651a82 to Target : cpw.mods.modlauncher.api.TargetType@56303b57 {Lnet/minecraft/world/level/block/MushroomBlock;} {canSurvive} {(Lnet/minecraft/world/level/block/state/BlockState;Lnet/minecraft/world/level/LevelReader;Lnet/minecraft/core/BlockPos;)Z}
[23Mai2026 12:22:50.475] [main/DEBUG] [cpw.mods.modlauncher.TransformStore/MODLAUNCHER]: Adding transformer twilightforest.asm.transformers.mob.PathFinderUnrestrainedByLeash@6be7bf6d to Target : cpw.mods.modlauncher.api.TargetType@56303b57 {Lnet/minecraft/world/entity/PathfinderMob;} {shouldStayCloseToLeashHolder} {()Z}
[23Mai2026 12:22:50.475] [main/DEBUG] [cpw.mods.modlauncher.TransformStore/MODLAUNCHER]: Adding transformer net.neoforged.neoforge.coremods.ReplaceFieldWithGetterAccess@134c370e to Target : cpw.mods.modlauncher.api.TargetType@49872d67 {Lnet/minecraft/world/level/biome/Biome;} {} {V}
[23Mai2026 12:22:50.475] [main/DEBUG] [cpw.mods.modlauncher.TransformStore/MODLAUNCHER]: Adding transformer net.neoforged.neoforge.coremods.ReplaceFieldWithGetterAccess@33364212 to Target : cpw.mods.modlauncher.api.TargetType@49872d67 {Lnet/minecraft/world/level/levelgen/structure/Structure;} {} {V}
[23Mai2026 12:22:50.475] [main/DEBUG] [cpw.mods.modlauncher.TransformStore/MODLAUNCHER]: Adding transformer net.neoforged.neoforge.coremods.ReplaceFieldWithGetterAccess@2216effc to Target : cpw.mods.modlauncher.api.TargetType@49872d67 {Lnet/minecraft/world/level/block/FlowerPotBlock;} {} {V}
[23Mai2026 12:22:50.475] [main/DEBUG] [cpw.mods.modlauncher.TransformStore/MODLAUNCHER]: Adding transformer net.neoforged.neoforge.coremods.MethodRedirector@745c2004 to Target : cpw.mods.modlauncher.api.TargetType@49872d67 {Lnet/minecraft/world/entity/ai/village/VillageSiege;} {} {V}
[23Mai2026 12:22:50.475] [main/DEBUG] [cpw.mods.modlauncher.TransformStore/MODLAUNCHER]: Adding transformer net.neoforged.neoforge.coremods.MethodRedirector@745c2004 to Target : cpw.mods.modlauncher.api.TargetType@49872d67 {Lnet/minecraft/world/entity/monster/ZombieVillager;} {} {V}
[23Mai2026 12:22:50.475] [main/DEBUG] [cpw.mods.modlauncher.TransformStore/MODLAUNCHER]: Adding transformer net.neoforged.neoforge.coremods.MethodRedirector@745c2004 to Target : cpw.mods.modlauncher.api.TargetType@49872d67 {Lnet/minecraft/world/level/levelgen/PatrolSpawner;} {} {V}
[23Mai2026 12:22:50.476] [main/DEBUG] [cpw.mods.modlauncher.TransformStore/MODLAUNCHER]: Adding transformer net.neoforged.neoforge.coremods.MethodRedirector@745c2004 to Target : cpw.mods.modlauncher.api.TargetType@49872d67 {Lnet/minecraft/world/level/NaturalSpawner;} {} {V}
[23Mai2026 12:22:50.476] [main/DEBUG] [cpw.mods.modlauncher.TransformStore/MODLAUNCHER]: Adding transformer net.neoforged.neoforge.coremods.MethodRedirector@745c2004 to Target : cpw.mods.modlauncher.api.TargetType@49872d67 {Lnet/minecraft/server/commands/SummonCommand;} {} {V}
[23Mai2026 12:22:50.476] [main/DEBUG] [cpw.mods.modlauncher.TransformStore/MODLAUNCHER]: Adding transformer net.neoforged.neoforge.coremods.MethodRedirector@745c2004 to Target : cpw.mods.modlauncher.api.TargetType@49872d67 {Lnet/minecraft/world/level/levelgen/structure/structures/WoodlandMansionPieces$WoodlandMansionPiece;} {} {V}
[23Mai2026 12:22:50.476] [main/DEBUG] [cpw.mods.modlauncher.TransformStore/MODLAUNCHER]: Adding transformer net.neoforged.neoforge.coremods.MethodRedirector@745c2004 to Target : cpw.mods.modlauncher.api.TargetType@49872d67 {Lnet/minecraft/world/entity/monster/Evoker$EvokerSummonSpellGoal;} {} {V}
[23Mai2026 12:22:50.476] [main/DEBUG] [cpw.mods.modlauncher.TransformStore/MODLAUNCHER]: Adding transformer net.neoforged.neoforge.coremods.MethodRedirector@745c2004 to Target : cpw.mods.modlauncher.api.TargetType@49872d67 {Lnet/minecraft/world/entity/animal/horse/SkeletonTrapGoal;} {} {V}
[23Mai2026 12:22:50.476] [main/DEBUG] [cpw.mods.modlauncher.TransformStore/MODLAUNCHER]: Adding transformer net.neoforged.neoforge.coremods.MethodRedirector@745c2004 to Target : cpw.mods.modlauncher.api.TargetType@49872d67 {Lnet/minecraft/world/entity/npc/CatSpawner;} {} {V}
[23Mai2026 12:22:50.476] [main/DEBUG] [cpw.mods.modlauncher.TransformStore/MODLAUNCHER]: Adding transformer net.neoforged.neoforge.coremods.MethodRedirector@745c2004 to Target : cpw.mods.modlauncher.api.TargetType@49872d67 {Lnet/minecraft/server/commands/RaidCommand;} {} {V}
[23Mai2026 12:22:50.476] [main/DEBUG] [cpw.mods.modlauncher.TransformStore/MODLAUNCHER]: Adding transformer net.neoforged.neoforge.coremods.MethodRedirector@745c2004 to Target : cpw.mods.modlauncher.api.TargetType@49872d67 {Lnet/minecraft/world/entity/EntityType;} {} {V}
[23Mai2026 12:22:50.476] [main/DEBUG] [cpw.mods.modlauncher.TransformStore/MODLAUNCHER]: Adding transformer net.neoforged.neoforge.coremods.MethodRedirector@745c2004 to Target : cpw.mods.modlauncher.api.TargetType@49872d67 {Lnet/minecraft/world/entity/monster/Strider;} {} {V}
[23Mai2026 12:22:50.476] [main/DEBUG] [cpw.mods.modlauncher.TransformStore/MODLAUNCHER]: Adding transformer net.neoforged.neoforge.coremods.MethodRedirector@745c2004 to Target : cpw.mods.modlauncher.api.TargetType@49872d67 {Lnet/minecraft/world/entity/raid/Raid;} {} {V}
[23Mai2026 12:22:50.479] [main/DEBUG] [cpw.mods.modlauncher.TransformStore/MODLAUNCHER]: Adding transformer net.neoforged.neoforge.coremods.MethodRedirector@745c2004 to Target : cpw.mods.modlauncher.api.TargetType@49872d67 {Lnet/minecraft/world/level/levelgen/structure/templatesystem/StructureTemplate;} {} {V}
[23Mai2026 12:22:50.479] [main/DEBUG] [cpw.mods.modlauncher.TransformStore/MODLAUNCHER]: Adding transformer net.neoforged.neoforge.coremods.MethodRedirector@745c2004 to Target : cpw.mods.modlauncher.api.TargetType@49872d67 {Lnet/minecraft/world/entity/npc/Villager;} {} {V}
[23Mai2026 12:22:50.479] [main/DEBUG] [cpw.mods.modlauncher.TransformStore/MODLAUNCHER]: Adding transformer net.neoforged.neoforge.coremods.MethodRedirector@745c2004 to Target : cpw.mods.modlauncher.api.TargetType@49872d67 {Lnet/minecraft/world/level/levelgen/structure/structures/SwampHutPiece;} {} {V}
[23Mai2026 12:22:50.479] [main/DEBUG] [cpw.mods.modlauncher.TransformStore/MODLAUNCHER]: Adding transformer net.neoforged.neoforge.coremods.MethodRedirector@745c2004 to Target : cpw.mods.modlauncher.api.TargetType@49872d67 {Lnet/minecraft/world/entity/monster/Zombie;} {} {V}
[23Mai2026 12:22:50.480] [main/DEBUG] [cpw.mods.modlauncher.TransformStore/MODLAUNCHER]: Adding transformer net.neoforged.neoforge.coremods.MethodRedirector@745c2004 to Target : cpw.mods.modlauncher.api.TargetType@49872d67 {Lnet/minecraft/world/level/levelgen/structure/structures/OceanRuinPieces$OceanRuinPiece;} {} {V}
[23Mai2026 12:22:50.480] [main/DEBUG] [cpw.mods.modlauncher.TransformStore/MODLAUNCHER]: Adding transformer net.neoforged.neoforge.coremods.MethodRedirector@745c2004 to Target : cpw.mods.modlauncher.api.TargetType@49872d67 {Lnet/minecraft/world/entity/monster/Spider;} {} {V}
[23Mai2026 12:22:50.480] [main/DEBUG] [cpw.mods.modlauncher.TransformStore/MODLAUNCHER]: Adding transformer net.neoforged.neoforge.coremods.MethodRedirector@745c2004 to Target : cpw.mods.modlauncher.api.TargetType@49872d67 {Lnet/minecraft/world/level/levelgen/PhantomSpawner;} {} {V}
[23Mai2026 12:22:50.480] [main/DEBUG] [cpw.mods.modlauncher.TransformStore/MODLAUNCHER]: Adding transformer net.neoforged.neoforge.coremods.MethodRedirector@745c2004 to Target : cpw.mods.modlauncher.api.TargetType@49872d67 {Lnet/minecraft/world/level/levelgen/structure/structures/OceanMonumentPieces$OceanMonumentPiece;} {} {V}
[23Mai2026 12:22:50.481] [main/DEBUG] [cpw.mods.modlauncher.TransformStore/MODLAUNCHER]: Adding transformer net.neoforged.neoforge.coremods.MethodRedirector@745c2004 to Target : cpw.mods.modlauncher.api.TargetType@49872d67 {Lnet/minecraft/world/entity/animal/frog/Tadpole;} {} {V}
[23Mai2026 12:22:50.481] [main/DEBUG] [cpw.mods.modlauncher.TransformationServiceDecorator/MODLAUNCHER]: Initialized transformers for transformation service fml
[23Mai2026 12:22:51.081] [main/DEBUG] [mixin/]: Processing prepare() for PlatformAgent[MixinPlatformAgentDefault:ModLauncher Root Container(ModLauncher:4f56a0a2)]
[23Mai2026 12:22:51.082] [main/DEBUG] [mixin/]: Processing prepare() for PlatformAgent[MixinPlatformAgentDefault:net.neoforged.fml.loading.mixin.FMLMixinContainerHandle@328902d5]
[23Mai2026 12:22:51.082] [main/DEBUG] [mixin/]: Processing prepare() for PlatformAgent[FMLMixinPlatformAgent:null]
[23Mai2026 12:22:51.161] [main/DEBUG] [mixin/]: Compatibility level JAVA_17 specified by resourcefullib.mixins.json is higher than the maximum level supported by this version of mixin (JAVA_13).
[23Mai2026 12:22:51.168] [main/INFO] [mixin/]: Compatibility level set to JAVA_17
[23Mai2026 12:22:51.170] [main/DEBUG] [mixin/]: Mixin config undergarden.mixins.json does not specify "minVersion" or "requiredFeatures" property
[23Mai2026 12:22:51.171] [main/DEBUG] [mixin/]: Compatibility level JAVA_21 specified by the_bumblezone-neoforge.mixins.json is higher than the maximum level supported by this version of mixin (JAVA_13).
[23Mai2026 12:22:51.171] [main/INFO] [mixin/]: Compatibility level set to JAVA_21
[23Mai2026 12:22:51.172] [main/DEBUG] [mixin/]: Compatibility level JAVA_17 specified by the_bumblezone-common.mixins.json is higher than the maximum level supported by this version of mixin (JAVA_13).
[23Mai2026 12:22:51.174] [main/DEBUG] [mixin/]: Compatibility level JAVA_17 specified by athena.mixins.json is higher than the maximum level supported by this version of mixin (JAVA_13).
[23Mai2026 12:22:51.175] [main/DEBUG] [mixin/]: Compatibility level JAVA_17 specified by athena-neoforge.mixins.json is higher than the maximum level supported by this version of mixin (JAVA_13).
[23Mai2026 12:22:51.176] [main/DEBUG] [mixin/]: Compatibility level JAVA_17 specified by journeymap.mixins.json is higher than the maximum level supported by this version of mixin (JAVA_13).
[23Mai2026 12:22:51.177] [main/DEBUG] [mixin/]: Compatibility level JAVA_17 specified by journeymap.neoforge.mixins.json is higher than the maximum level supported by this version of mixin (JAVA_13).
[23Mai2026 12:22:51.181] [main/DEBUG] [mixin/]: Processing launch tasks for PlatformAgent[MixinPlatformAgentDefault:ModLauncher Root Container(ModLauncher:4f56a0a2)]
[23Mai2026 12:22:51.181] [main/DEBUG] [mixin/]: Adding mixin platform agents for container SecureJarResource(mixin_synthetic)
[23Mai2026 12:22:51.181] [main/DEBUG] [mixin/]: Instancing new MixinPlatformAgentMinecraftForge for SecureJarResource(mixin_synthetic)
[23Mai2026 12:22:51.181] [main/DEBUG] [mixin/]: MixinPlatformAgentMinecraftForge rejected container SecureJarResource(mixin_synthetic)
[23Mai2026 12:22:51.181] [main/DEBUG] [mixin/]: Instancing new MixinPlatformAgentDefault for SecureJarResource(mixin_synthetic)
[23Mai2026 12:22:51.181] [main/DEBUG] [mixin/]: MixinPlatformAgentDefault accepted container SecureJarResource(mixin_synthetic)
[23Mai2026 12:22:51.181] [main/DEBUG] [mixin/]: Instancing new FMLMixinPlatformAgent for SecureJarResource(mixin_synthetic)
[23Mai2026 12:22:51.181] [main/DEBUG] [mixin/]: FMLMixinPlatformAgent rejected container SecureJarResource(mixin_synthetic)
[23Mai2026 12:22:51.181] [main/DEBUG] [mixin/]: Processing prepare() for PlatformAgent[MixinPlatformAgentDefault:SecureJarResource(mixin_synthetic)]
[23Mai2026 12:22:51.181] [main/DEBUG] [mixin/]: Adding mixin platform agents for container SecureJarResource(minecraft)
[23Mai2026 12:22:51.181] [main/DEBUG] [mixin/]: Instancing new MixinPlatformAgentMinecraftForge for SecureJarResource(minecraft)
[23Mai2026 12:22:51.181] [main/DEBUG] [mixin/]: MixinPlatformAgentMinecraftForge rejected container SecureJarResource(minecraft)
[23Mai2026 12:22:51.181] [main/DEBUG] [mixin/]: Instancing new MixinPlatformAgentDefault for SecureJarResource(minecraft)
[23Mai2026 12:22:51.182] [main/DEBUG] [mixin/]: MixinPlatformAgentDefault accepted container SecureJarResource(minecraft)
[23Mai2026 12:22:51.182] [main/DEBUG] [mixin/]: Instancing new FMLMixinPlatformAgent for SecureJarResource(minecraft)
[23Mai2026 12:22:51.182] [main/DEBUG] [mixin/]: FMLMixinPlatformAgent rejected container SecureJarResource(minecraft)
[23Mai2026 12:22:51.182] [main/DEBUG] [mixin/]: Processing prepare() for PlatformAgent[MixinPlatformAgentDefault:SecureJarResource(minecraft)]
[23Mai2026 12:22:51.182] [main/DEBUG] [mixin/]: Adding mixin platform agents for container SecureJarResource(resourcefullib)
[23Mai2026 12:22:51.182] [main/DEBUG] [mixin/]: Instancing new MixinPlatformAgentMinecraftForge for SecureJarResource(resourcefullib)
[23Mai2026 12:22:51.182] [main/DEBUG] [mixin/]: MixinPlatformAgentMinecraftForge rejected container SecureJarResource(resourcefullib)
[23Mai2026 12:22:51.182] [main/DEBUG] [mixin/]: Instancing new MixinPlatformAgentDefault for SecureJarResource(resourcefullib)
[23Mai2026 12:22:51.182] [main/DEBUG] [mixin/]: MixinPlatformAgentDefault accepted container SecureJarResource(resourcefullib)
[23Mai2026 12:22:51.182] [main/DEBUG] [mixin/]: Instancing new FMLMixinPlatformAgent for SecureJarResource(resourcefullib)
[23Mai2026 12:22:51.182] [main/DEBUG] [mixin/]: FMLMixinPlatformAgent rejected container SecureJarResource(resourcefullib)
[23Mai2026 12:22:51.182] [main/DEBUG] [mixin/]: Processing prepare() for PlatformAgent[MixinPlatformAgentDefault:SecureJarResource(resourcefullib)]
[23Mai2026 12:22:51.182] [main/DEBUG] [mixin/]: Adding mixin platform agents for container SecureJarResource(geckolib)
[23Mai2026 12:22:51.182] [main/DEBUG] [mixin/]: Instancing new MixinPlatformAgentMinecraftForge for SecureJarResource(geckolib)
[23Mai2026 12:22:51.183] [main/DEBUG] [mixin/]: MixinPlatformAgentMinecraftForge rejected container SecureJarResource(geckolib)
[23Mai2026 12:22:51.183] [main/DEBUG] [mixin/]: Instancing new MixinPlatformAgentDefault for SecureJarResource(geckolib)
[23Mai2026 12:22:51.183] [main/DEBUG] [mixin/]: MixinPlatformAgentDefault accepted container SecureJarResource(geckolib)
[23Mai2026 12:22:51.183] [main/DEBUG] [mixin/]: Instancing new FMLMixinPlatformAgent for SecureJarResource(geckolib)
[23Mai2026 12:22:51.183] [main/DEBUG] [mixin/]: FMLMixinPlatformAgent rejected container SecureJarResource(geckolib)
[23Mai2026 12:22:51.183] [main/DEBUG] [mixin/]: Processing prepare() for PlatformAgent[MixinPlatformAgentDefault:SecureJarResource(geckolib)]
[23Mai2026 12:22:51.183] [main/DEBUG] [mixin/]: Registering mixin config: geckolib.mixins.json source=SecureJarResource(geckolib)
[23Mai2026 12:22:51.183] [main/DEBUG] [mixin/]: Adding mixin platform agents for container SecureJarResource(undergarden)
[23Mai2026 12:22:51.183] [main/DEBUG] [mixin/]: Instancing new MixinPlatformAgentMinecraftForge for SecureJarResource(undergarden)
[23Mai2026 12:22:51.183] [main/DEBUG] [mixin/]: MixinPlatformAgentMinecraftForge rejected container SecureJarResource(undergarden)
[23Mai2026 12:22:51.183] [main/DEBUG] [mixin/]: Instancing new MixinPlatformAgentDefault for SecureJarResource(undergarden)
[23Mai2026 12:22:51.183] [main/DEBUG] [mixin/]: MixinPlatformAgentDefault accepted container SecureJarResource(undergarden)
[23Mai2026 12:22:51.183] [main/DEBUG] [mixin/]: Instancing new FMLMixinPlatformAgent for SecureJarResource(undergarden)
[23Mai2026 12:22:51.183] [main/DEBUG] [mixin/]: FMLMixinPlatformAgent rejected container SecureJarResource(undergarden)
[23Mai2026 12:22:51.183] [main/DEBUG] [mixin/]: Processing prepare() for PlatformAgent[MixinPlatformAgentDefault:SecureJarResource(undergarden)]
[23Mai2026 12:22:51.183] [main/DEBUG] [mixin/]: Adding mixin platform agents for container SecureJarResource(commonnetworking)
[23Mai2026 12:22:51.184] [main/DEBUG] [mixin/]: Instancing new MixinPlatformAgentMinecraftForge for SecureJarResource(commonnetworking)
[23Mai2026 12:22:51.184] [main/DEBUG] [mixin/]: MixinPlatformAgentMinecraftForge rejected container SecureJarResource(commonnetworking)
[23Mai2026 12:22:51.184] [main/DEBUG] [mixin/]: Instancing new MixinPlatformAgentDefault for SecureJarResource(commonnetworking)
[23Mai2026 12:22:51.184] [main/DEBUG] [mixin/]: MixinPlatformAgentDefault accepted container SecureJarResource(commonnetworking)
[23Mai2026 12:22:51.184] [main/DEBUG] [mixin/]: Instancing new FMLMixinPlatformAgent for SecureJarResource(commonnetworking)
[23Mai2026 12:22:51.184] [main/DEBUG] [mixin/]: FMLMixinPlatformAgent rejected container SecureJarResource(commonnetworking)
[23Mai2026 12:22:51.184] [main/DEBUG] [mixin/]: Processing prepare() for PlatformAgent[MixinPlatformAgentDefault:SecureJarResource(commonnetworking)]
[23Mai2026 12:22:51.184] [main/DEBUG] [mixin/]: Adding mixin platform agents for container SecureJarResource(the_bumblezone)
[23Mai2026 12:22:51.184] [main/DEBUG] [mixin/]: Instancing new MixinPlatformAgentMinecraftForge for SecureJarResource(the_bumblezone)
[23Mai2026 12:22:51.184] [main/DEBUG] [mixin/]: MixinPlatformAgentMinecraftForge rejected container SecureJarResource(the_bumblezone)
[23Mai2026 12:22:51.184] [main/DEBUG] [mixin/]: Instancing new MixinPlatformAgentDefault for SecureJarResource(the_bumblezone)
[23Mai2026 12:22:51.184] [main/DEBUG] [mixin/]: MixinPlatformAgentDefault accepted container SecureJarResource(the_bumblezone)
[23Mai2026 12:22:51.185] [main/DEBUG] [mixin/]: Instancing new FMLMixinPlatformAgent for SecureJarResource(the_bumblezone)
[23Mai2026 12:22:51.185] [main/DEBUG] [mixin/]: FMLMixinPlatformAgent rejected container SecureJarResource(the_bumblezone)
[23Mai2026 12:22:51.185] [main/DEBUG] [mixin/]: Processing prepare() for PlatformAgent[MixinPlatformAgentDefault:SecureJarResource(the_bumblezone)]
[23Mai2026 12:22:51.185] [main/DEBUG] [mixin/]: Adding mixin platform agents for container SecureJarResource(simplegps)
[23Mai2026 12:22:51.185] [main/DEBUG] [mixin/]: Instancing new MixinPlatformAgentMinecraftForge for SecureJarResource(simplegps)
[23Mai2026 12:22:51.185] [main/DEBUG] [mixin/]: MixinPlatformAgentMinecraftForge rejected container SecureJarResource(simplegps)
[23Mai2026 12:22:51.185] [main/DEBUG] [mixin/]: Instancing new MixinPlatformAgentDefault for SecureJarResource(simplegps)
[23Mai2026 12:22:51.185] [main/DEBUG] [mixin/]: MixinPlatformAgentDefault accepted container SecureJarResource(simplegps)
[23Mai2026 12:22:51.185] [main/DEBUG] [mixin/]: Instancing new FMLMixinPlatformAgent for SecureJarResource(simplegps)
[23Mai2026 12:22:51.185] [main/DEBUG] [mixin/]: FMLMixinPlatformAgent rejected container SecureJarResource(simplegps)
[23Mai2026 12:22:51.185] [main/DEBUG] [mixin/]: Processing prepare() for PlatformAgent[MixinPlatformAgentDefault:SecureJarResource(simplegps)]
[23Mai2026 12:22:51.185] [main/DEBUG] [mixin/]: Adding mixin platform agents for container SecureJarResource(twilightforest)
[23Mai2026 12:22:51.186] [main/DEBUG] [mixin/]: Instancing new MixinPlatformAgentMinecraftForge for SecureJarResource(twilightforest)
[23Mai2026 12:22:51.186] [main/DEBUG] [mixin/]: MixinPlatformAgentMinecraftForge rejected container SecureJarResource(twilightforest)
[23Mai2026 12:22:51.186] [main/DEBUG] [mixin/]: Instancing new MixinPlatformAgentDefault for SecureJarResource(twilightforest)
[23Mai2026 12:22:51.186] [main/DEBUG] [mixin/]: MixinPlatformAgentDefault accepted container SecureJarResource(twilightforest)
[23Mai2026 12:22:51.186] [main/DEBUG] [mixin/]: Instancing new FMLMixinPlatformAgent for SecureJarResource(twilightforest)
[23Mai2026 12:22:51.186] [main/DEBUG] [mixin/]: FMLMixinPlatformAgent rejected container SecureJarResource(twilightforest)
[23Mai2026 12:22:51.186] [main/DEBUG] [mixin/]: Processing prepare() for PlatformAgent[MixinPlatformAgentDefault:SecureJarResource(twilightforest)]
[23Mai2026 12:22:51.186] [main/DEBUG] [mixin/]: Adding mixin platform agents for container SecureJarResource(reliquary)
[23Mai2026 12:22:51.186] [main/DEBUG] [mixin/]: Instancing new MixinPlatformAgentMinecraftForge for SecureJarResource(reliquary)
[23Mai2026 12:22:51.186] [main/DEBUG] [mixin/]: MixinPlatformAgentMinecraftForge rejected container SecureJarResource(reliquary)
[23Mai2026 12:22:51.186] [main/DEBUG] [mixin/]: Instancing new MixinPlatformAgentDefault for SecureJarResource(reliquary)
[23Mai2026 12:22:51.186] [main/DEBUG] [mixin/]: MixinPlatformAgentDefault accepted container SecureJarResource(reliquary)
[23Mai2026 12:22:51.187] [main/DEBUG] [mixin/]: Instancing new FMLMixinPlatformAgent for SecureJarResource(reliquary)
[23Mai2026 12:22:51.187] [main/DEBUG] [mixin/]: FMLMixinPlatformAgent rejected container SecureJarResource(reliquary)
[23Mai2026 12:22:51.187] [main/DEBUG] [mixin/]: Processing prepare() for PlatformAgent[MixinPlatformAgentDefault:SecureJarResource(reliquary)]
[23Mai2026 12:22:51.187] [main/DEBUG] [mixin/]: Adding mixin platform agents for container SecureJarResource(journeymap_api)
[23Mai2026 12:22:51.187] [main/DEBUG] [mixin/]: Instancing new MixinPlatformAgentMinecraftForge for SecureJarResource(journeymap_api)
[23Mai2026 12:22:51.187] [main/DEBUG] [mixin/]: MixinPlatformAgentMinecraftForge rejected container SecureJarResource(journeymap_api)
[23Mai2026 12:22:51.187] [main/DEBUG] [mixin/]: Instancing new MixinPlatformAgentDefault for SecureJarResource(journeymap_api)
[23Mai2026 12:22:51.187] [main/DEBUG] [mixin/]: MixinPlatformAgentDefault accepted container SecureJarResource(journeymap_api)
[23Mai2026 12:22:51.187] [main/DEBUG] [mixin/]: Instancing new FMLMixinPlatformAgent for SecureJarResource(journeymap_api)
[23Mai2026 12:22:51.187] [main/DEBUG] [mixin/]: FMLMixinPlatformAgent rejected container SecureJarResource(journeymap_api)
[23Mai2026 12:22:51.187] [main/DEBUG] [mixin/]: Processing prepare() for PlatformAgent[MixinPlatformAgentDefault:SecureJarResource(journeymap_api)]
[23Mai2026 12:22:51.187] [main/DEBUG] [mixin/]: Adding mixin platform agents for container SecureJarResource(athena)
[23Mai2026 12:22:51.187] [main/DEBUG] [mixin/]: Instancing new MixinPlatformAgentMinecraftForge for SecureJarResource(athena)
[23Mai2026 12:22:51.187] [main/DEBUG] [mixin/]: MixinPlatformAgentMinecraftForge rejected container SecureJarResource(athena)
[23Mai2026 12:22:51.187] [main/DEBUG] [mixin/]: Instancing new MixinPlatformAgentDefault for SecureJarResource(athena)
[23Mai2026 12:22:51.188] [main/DEBUG] [mixin/]: MixinPlatformAgentDefault accepted container SecureJarResource(athena)
[23Mai2026 12:22:51.188] [main/DEBUG] [mixin/]: Instancing new FMLMixinPlatformAgent for SecureJarResource(athena)
[23Mai2026 12:22:51.188] [main/DEBUG] [mixin/]: FMLMixinPlatformAgent rejected container SecureJarResource(athena)
[23Mai2026 12:22:51.188] [main/DEBUG] [mixin/]: Processing prepare() for PlatformAgent[MixinPlatformAgentDefault:SecureJarResource(athena)]
[23Mai2026 12:22:51.188] [main/DEBUG] [mixin/]: Adding mixin platform agents for container SecureJarResource(journeymap)
[23Mai2026 12:22:51.188] [main/DEBUG] [mixin/]: Instancing new MixinPlatformAgentMinecraftForge for SecureJarResource(journeymap)
[23Mai2026 12:22:51.188] [main/DEBUG] [mixin/]: MixinPlatformAgentMinecraftForge rejected container SecureJarResource(journeymap)
[23Mai2026 12:22:51.188] [main/DEBUG] [mixin/]: Instancing new MixinPlatformAgentDefault for SecureJarResource(journeymap)
[23Mai2026 12:22:51.188] [main/DEBUG] [mixin/]: MixinPlatformAgentDefault accepted container SecureJarResource(journeymap)
[23Mai2026 12:22:51.188] [main/DEBUG] [mixin/]: Instancing new FMLMixinPlatformAgent for SecureJarResource(journeymap)
[23Mai2026 12:22:51.188] [main/DEBUG] [mixin/]: FMLMixinPlatformAgent rejected container SecureJarResource(journeymap)
[23Mai2026 12:22:51.188] [main/DEBUG] [mixin/]: Processing prepare() for PlatformAgent[MixinPlatformAgentDefault:SecureJarResource(journeymap)]
[23Mai2026 12:22:51.188] [main/DEBUG] [mixin/]: Registering mixin config: journeymap.mixins.json source=SecureJarResource(journeymap)
[23Mai2026 12:22:51.188] [main/DEBUG] [mixin/]: Adding mixin platform agents for container SecureJarResource(astral_dimension)
[23Mai2026 12:22:51.188] [main/DEBUG] [mixin/]: Instancing new MixinPlatformAgentMinecraftForge for SecureJarResource(astral_dimension)
[23Mai2026 12:22:51.188] [main/DEBUG] [mixin/]: MixinPlatformAgentMinecraftForge rejected container SecureJarResource(astral_dimension)
[23Mai2026 12:22:51.188] [main/DEBUG] [mixin/]: Instancing new MixinPlatformAgentDefault for SecureJarResource(astral_dimension)
[23Mai2026 12:22:51.189] [main/DEBUG] [mixin/]: MixinPlatformAgentDefault accepted container SecureJarResource(astral_dimension)
[23Mai2026 12:22:51.189] [main/DEBUG] [mixin/]: Instancing new FMLMixinPlatformAgent for SecureJarResource(astral_dimension)
[23Mai2026 12:22:51.189] [main/DEBUG] [mixin/]: FMLMixinPlatformAgent rejected container SecureJarResource(astral_dimension)
[23Mai2026 12:22:51.189] [main/DEBUG] [mixin/]: Processing prepare() for PlatformAgent[MixinPlatformAgentDefault:SecureJarResource(astral_dimension)]
[23Mai2026 12:22:51.189] [main/DEBUG] [mixin/]: Adding mixin platform agents for container SecureJarResource(mixinextras.neoforge)
[23Mai2026 12:22:51.189] [main/DEBUG] [mixin/]: Instancing new MixinPlatformAgentMinecraftForge for SecureJarResource(mixinextras.neoforge)
[23Mai2026 12:22:51.189] [main/DEBUG] [mixin/]: MixinPlatformAgentMinecraftForge rejected container SecureJarResource(mixinextras.neoforge)
[23Mai2026 12:22:51.189] [main/DEBUG] [mixin/]: Instancing new MixinPlatformAgentDefault for SecureJarResource(mixinextras.neoforge)
[23Mai2026 12:22:51.189] [main/DEBUG] [mixin/]: MixinPlatformAgentDefault accepted container SecureJarResource(mixinextras.neoforge)
[23Mai2026 12:22:51.189] [main/DEBUG] [mixin/]: Instancing new FMLMixinPlatformAgent for SecureJarResource(mixinextras.neoforge)
[23Mai2026 12:22:51.189] [main/DEBUG] [mixin/]: FMLMixinPlatformAgent rejected container SecureJarResource(mixinextras.neoforge)
[23Mai2026 12:22:51.189] [main/DEBUG] [mixin/]: Processing prepare() for PlatformAgent[MixinPlatformAgentDefault:SecureJarResource(mixinextras.neoforge)]
[23Mai2026 12:22:51.189] [main/DEBUG] [mixin/]: Registering mixin config: mixinextras.init.mixins.json source=SecureJarResource(mixinextras.neoforge)
[23Mai2026 12:22:51.190] [main/DEBUG] [mixin/]: inject() running with 17 agents
[23Mai2026 12:22:51.190] [main/DEBUG] [mixin/]: Processing inject() for PlatformAgent[MixinPlatformAgentDefault:ModLauncher Root Container(ModLauncher:4f56a0a2)]
[23Mai2026 12:22:51.190] [main/DEBUG] [mixin/]: Processing inject() for PlatformAgent[MixinPlatformAgentDefault:net.neoforged.fml.loading.mixin.FMLMixinContainerHandle@328902d5]
[23Mai2026 12:22:51.191] [main/DEBUG] [mixin/]: Processing inject() for PlatformAgent[FMLMixinPlatformAgent:null]
[23Mai2026 12:22:51.191] [main/DEBUG] [mixin/]: Processing inject() for PlatformAgent[MixinPlatformAgentDefault:SecureJarResource(mixin_synthetic)]
[23Mai2026 12:22:51.191] [main/DEBUG] [mixin/]: Processing inject() for PlatformAgent[MixinPlatformAgentDefault:SecureJarResource(minecraft)]
[23Mai2026 12:22:51.191] [main/DEBUG] [mixin/]: Processing inject() for PlatformAgent[MixinPlatformAgentDefault:SecureJarResource(resourcefullib)]
[23Mai2026 12:22:51.191] [main/DEBUG] [mixin/]: Processing inject() for PlatformAgent[MixinPlatformAgentDefault:SecureJarResource(geckolib)]
[23Mai2026 12:22:51.191] [main/DEBUG] [mixin/]: Processing inject() for PlatformAgent[MixinPlatformAgentDefault:SecureJarResource(undergarden)]
[23Mai2026 12:22:51.191] [main/DEBUG] [mixin/]: Processing inject() for PlatformAgent[MixinPlatformAgentDefault:SecureJarResource(commonnetworking)]
[23Mai2026 12:22:51.191] [main/DEBUG] [mixin/]: Processing inject() for PlatformAgent[MixinPlatformAgentDefault:SecureJarResource(the_bumblezone)]
[23Mai2026 12:22:51.191] [main/DEBUG] [mixin/]: Processing inject() for PlatformAgent[MixinPlatformAgentDefault:SecureJarResource(simplegps)]
[23Mai2026 12:22:51.191] [main/DEBUG] [mixin/]: Processing inject() for PlatformAgent[MixinPlatformAgentDefault:SecureJarResource(twilightforest)]
[23Mai2026 12:22:51.191] [main/DEBUG] [mixin/]: Processing inject() for PlatformAgent[MixinPlatformAgentDefault:SecureJarResource(reliquary)]
[23Mai2026 12:22:51.191] [main/DEBUG] [mixin/]: Processing inject() for PlatformAgent[MixinPlatformAgentDefault:SecureJarResource(journeymap_api)]
[23Mai2026 12:22:51.191] [main/DEBUG] [mixin/]: Processing inject() for PlatformAgent[MixinPlatformAgentDefault:SecureJarResource(athena)]
[23Mai2026 12:22:51.191] [main/DEBUG] [mixin/]: Processing inject() for PlatformAgent[MixinPlatformAgentDefault:SecureJarResource(journeymap)]
[23Mai2026 12:22:51.191] [main/DEBUG] [mixin/]: Processing inject() for PlatformAgent[MixinPlatformAgentDefault:SecureJarResource(astral_dimension)]
[23Mai2026 12:22:51.191] [main/DEBUG] [mixin/]: Processing inject() for PlatformAgent[MixinPlatformAgentDefault:SecureJarResource(mixinextras.neoforge)]
[23Mai2026 12:22:51.191] [main/INFO] [cpw.mods.modlauncher.LaunchServiceHandler/MODLAUNCHER]: Launching target 'forgeclientdev' with arguments [--version, 21.1.224, --gameDir, ., --assetsDir, C:\Users\Laats\.gradle\caches\neoformruntime\assets, --assetIndex, 17]
[23Mai2026 12:22:51.267] [main/DEBUG] [mixin/]: Preparing mixins for MixinEnvironment[DEFAULT]
[23Mai2026 12:22:51.267] [main/DEBUG] [mixin/]: Selecting config resourcefullib.mixins.json
[23Mai2026 12:22:51.279] [main/DEBUG] [mixin/]: Selecting config geckolib.mixins.json
[23Mai2026 12:22:51.280] [main/WARN] [mixin/]: Reference map 'geckolib.refmap.json' for geckolib.mixins.json could not be read. If this is a development environment you can ignore this message
[23Mai2026 12:22:51.280] [main/DEBUG] [mixin/]: Selecting config undergarden.mixins.json
[23Mai2026 12:22:51.280] [main/DEBUG] [mixin/]: Selecting config the_bumblezone-neoforge.mixins.json
[23Mai2026 12:22:51.281] [main/DEBUG] [mixin/]: Selecting config the_bumblezone-common.mixins.json
[23Mai2026 12:22:51.281] [main/DEBUG] [mixin/]: Selecting config athena.mixins.json
[23Mai2026 12:22:51.281] [main/DEBUG] [mixin/]: Selecting config athena-neoforge.mixins.json
[23Mai2026 12:22:51.281] [main/DEBUG] [mixin/]: Selecting config journeymap.mixins.json
[23Mai2026 12:22:51.282] [main/WARN] [mixin/]: Reference map 'journeymap-refmap.json' for journeymap.mixins.json could not be read. If this is a development environment you can ignore this message
[23Mai2026 12:22:51.282] [main/DEBUG] [mixin/]: Selecting config journeymap.neoforge.mixins.json
[23Mai2026 12:22:51.282] [main/DEBUG] [mixin/]: Selecting config neoforge.mixins.json
[23Mai2026 12:22:51.282] [main/DEBUG] [mixin/]: Selecting config mixinextras.init.mixins.json
[23Mai2026 12:22:51.374] [main/DEBUG] [MixinExtras|Service/]: com.llamalad7.mixinextras.service.MixinExtrasServiceImpl(version=0.5.3) is taking over from null
[23Mai2026 12:22:51.432] [main/DEBUG] [mixin/]: Registering new injector for @Inject with org.spongepowered.asm.mixin.injection.struct.CallbackInjectionInfo
[23Mai2026 12:22:51.434] [main/DEBUG] [mixin/]: Registering new injector for @ModifyArg with org.spongepowered.asm.mixin.injection.struct.ModifyArgInjectionInfo
[23Mai2026 12:22:51.439] [main/DEBUG] [mixin/]: Registering new injector for @ModifyArgs with org.spongepowered.asm.mixin.injection.struct.ModifyArgsInjectionInfo
[23Mai2026 12:22:51.442] [main/DEBUG] [mixin/]: Registering new injector for @Redirect with org.spongepowered.asm.mixin.injection.struct.RedirectInjectionInfo
[23Mai2026 12:22:51.443] [main/DEBUG] [mixin/]: Registering new injector for @ModifyVariable with org.spongepowered.asm.mixin.injection.struct.ModifyVariableInjectionInfo
[23Mai2026 12:22:51.443] [main/DEBUG] [mixin/]: Registering new injector for @ModifyConstant with org.spongepowered.asm.mixin.injection.struct.ModifyConstantInjectionInfo
[23Mai2026 12:22:51.456] [main/DEBUG] [mixin/]: Preparing resourcefullib.mixins.json (1)
[23Mai2026 12:22:51.518] [main/DEBUG] [mixin/]: Preparing geckolib.mixins.json (7)
[23Mai2026 12:22:51.678] [main/DEBUG] [mixin/]: Preparing undergarden.mixins.json (1)
[23Mai2026 12:22:51.680] [main/DEBUG] [mixin/]: Preparing the_bumblezone-neoforge.mixins.json (10)
[23Mai2026 12:22:51.700] [main/DEBUG] [mixin/]: Preparing the_bumblezone-common.mixins.json (102)
[23Mai2026 12:22:51.851] [main/DEBUG] [mixin/]: Preparing athena.mixins.json (1)
[23Mai2026 12:22:51.852] [main/DEBUG] [mixin/]: Preparing athena-neoforge.mixins.json (1)
[23Mai2026 12:22:51.853] [main/DEBUG] [mixin/]: Preparing journeymap.mixins.json (22)
[23Mai2026 12:22:51.885] [main/DEBUG] [mixin/]: Preparing journeymap.neoforge.mixins.json (2)
[23Mai2026 12:22:51.887] [main/DEBUG] [mixin/]: Preparing neoforge.mixins.json (2)
[23Mai2026 12:22:51.889] [main/DEBUG] [mixin/]: Preparing mixinextras.init.mixins.json (0)
[23Mai2026 12:22:51.938] [main/DEBUG] [mixin/]: Prepared 149 mixins in 0,669 sec (4,5ms avg) (0ms load, 0ms transform, 0ms plugin)
[23Mai2026 12:22:51.958] [main/INFO] [MixinExtras|Service/]: Initializing MixinExtras via com.llamalad7.mixinextras.service.MixinExtrasServiceImpl(version=0.5.3).
[23Mai2026 12:22:51.960] [main/DEBUG] [mixin/]: Registering new injector for @SugarWrapper with com.llamalad7.mixinextras.sugar.impl.SugarWrapperInjectionInfo
[23Mai2026 12:22:51.960] [main/DEBUG] [mixin/]: Registering new injector for @FactoryRedirectWrapper with com.llamalad7.mixinextras.wrapper.factory.FactoryRedirectWrapperInjectionInfo
[23Mai2026 12:22:51.961] [main/DEBUG] [mixin/]: Registering new injector for @ExpressionInjectorWrapper with com.llamalad7.mixinextras.expression.impl.wrapper.ExpressionInjectorWrapperInjectionInfo
[23Mai2026 12:22:51.987] [main/DEBUG] [mixin/]: Mixing client.MinecraftMixin from the_bumblezone-common.mixins.json into net.minecraft.client.Minecraft
[23Mai2026 12:22:51.992] [main/DEBUG] [mixin/]: the_bumblezone-common.mixins.json:client.MinecraftMixin from mod the_bumblezone: Class version 65 required is higher than the class version supported by the current version of Mixin (JAVA_17 supports class version 61)
[23Mai2026 12:22:52.023] [main/DEBUG] [mixin/]: Mixing client.MinecraftMixin from journeymap.mixins.json into net.minecraft.client.Minecraft
[23Mai2026 12:22:52.023] [main/DEBUG] [mixin/]: journeymap.mixins.json:client.MinecraftMixin from mod journeymap: Class version 65 required is higher than the class version supported by the current version of Mixin (JAVA_17 supports class version 61)
[23Mai2026 12:22:52.152] [main/DEBUG] [mixin/]: journeymap.mixins.json:client.MinecraftMixin from mod journeymap->@Inject::journeymap_onGameLoadFinishedMixin(Lnet/minecraft/client/Minecraft$GameLoadCookie;Lorg/spongepowered/asm/mixin/injection/callback/CallbackInfo;)V doesn't use it's CallbackInfo
[23Mai2026 12:22:52.152] [main/DEBUG] [mixin/]: journeymap.mixins.json:client.MinecraftMixin from mod journeymap->@Inject::journeymap_onGameLoadFinishedMixin(Lnet/minecraft/client/Minecraft$GameLoadCookie;Lorg/spongepowered/asm/mixin/injection/callback/CallbackInfo;)V has 0 override(s) in child classes
[23Mai2026 12:22:52.152] [main/DEBUG] [mixin/]: journeymap.mixins.json:client.MinecraftMixin from mod journeymap->@Inject::journeymap_onGameLoadFinishedMixin(Lnet/minecraft/client/Minecraft$GameLoadCookie;Lorg/spongepowered/asm/mixin/injection/callback/CallbackInfo;)V won't be passed a CallbackInfo as a result
[23Mai2026 12:22:52.371] [main/DEBUG] [io.netty.util.internal.logging.InternalLoggerFactory/]: Using SLF4J as the default logging framework
[23Mai2026 12:22:52.372] [main/DEBUG] [io.netty.util.ResourceLeakDetector/]: -Dio.netty.leakDetection.level: simple
[23Mai2026 12:22:52.372] [main/DEBUG] [io.netty.util.ResourceLeakDetector/]: -Dio.netty.leakDetection.targetRecords: 4
[23Mai2026 12:22:52.380] [main/DEBUG] [mixin/]: Mixing client.TranslatableContentsMixin from journeymap.mixins.json into net.minecraft.network.chat.contents.TranslatableContents
[23Mai2026 12:22:52.380] [main/DEBUG] [mixin/]: journeymap.mixins.json:client.TranslatableContentsMixin from mod journeymap: Class version 65 required is higher than the class version supported by the current version of Mixin (JAVA_17 supports class version 61)
[23Mai2026 12:22:52.387] [main/DEBUG] [mixin/]: journeymap.mixins.json:client.TranslatableContentsMixin from mod journeymap->@Inject::journeymap_getArguments(ILorg/spongepowered/asm/mixin/injection/callback/CallbackInfoReturnable;)V does use it's CallbackInfoReturnable
[23Mai2026 12:22:53.285] [main/DEBUG] [oshi.util.FileUtil/]: No oshi.properties file found from ClassLoader cpw.mods.modlauncher.TransformingClassLoader@28fd3dc1
[23Mai2026 12:22:53.589] [Datafixer Bootstrap/INFO] [com.mojang.datafixers.DataFixerBuilder/]: 229 Datafixer optimizations took 334 milliseconds
[23Mai2026 12:22:53.674] [main/DEBUG] [oshi.util.FileUtil/]: No oshi.architecture.properties file found from ClassLoader cpw.mods.modlauncher.TransformingClassLoader@28fd3dc1
[23Mai2026 12:22:53.746] [pool-18-thread-1/DEBUG] [mixin/]: Mixing MappedRegistryAccessor from neoforge.mixins.json into net.minecraft.core.MappedRegistry
[23Mai2026 12:22:53.863] [pool-18-thread-1/DEBUG] [mixin/]: Mixing block.FireBlockInvoker from the_bumblezone-neoforge.mixins.json into net.minecraft.world.level.block.FireBlock
[23Mai2026 12:22:53.868] [pool-18-thread-1/DEBUG] [mixin/]: Mixing block.FireBlockMixin from the_bumblezone-neoforge.mixins.json into net.minecraft.world.level.block.FireBlock
[23Mai2026 12:22:53.869] [pool-18-thread-1/DEBUG] [mixin/]: Renaming synthetic method lambda$thebumblezone_fireHoneyCocoonLootDrop$0(Lnet/minecraft/server/level/ServerLevel;Lnet/minecraft/core/BlockPos;Lnet/minecraft/world/item/ItemStack;)V to md378903$the_bumblezone$lambda$thebumblezone_fireHoneyCocoonLootDrop$0$0 in the_bumblezone-neoforge.mixins.json:block.FireBlockMixin from mod the_bumblezone
[23Mai2026 12:22:53.892] [pool-18-thread-1/DEBUG] [mixin/]: the_bumblezone-neoforge.mixins.json:block.FireBlockMixin from mod the_bumblezone->@Inject::thebumblezone_fireHoneyCocoonLootDrop(Lnet/minecraft/world/level/Level;Lnet/minecraft/core/BlockPos;ILnet/minecraft/util/RandomSource;ILnet/minecraft/core/Direction;Lorg/spongepowered/asm/mixin/injection/callback/CallbackInfo;)V doesn't use it's CallbackInfo
[23Mai2026 12:22:53.892] [pool-18-thread-1/DEBUG] [mixin/]: the_bumblezone-neoforge.mixins.json:block.FireBlockMixin from mod the_bumblezone->@Inject::thebumblezone_fireHoneyCocoonLootDrop(Lnet/minecraft/world/level/Level;Lnet/minecraft/core/BlockPos;ILnet/minecraft/util/RandomSource;ILnet/minecraft/core/Direction;Lorg/spongepowered/asm/mixin/injection/callback/CallbackInfo;)V has 0 override(s) in child classes
[23Mai2026 12:22:53.892] [pool-18-thread-1/DEBUG] [mixin/]: the_bumblezone-neoforge.mixins.json:block.FireBlockMixin from mod the_bumblezone->@Inject::thebumblezone_fireHoneyCocoonLootDrop(Lnet/minecraft/world/level/Level;Lnet/minecraft/core/BlockPos;ILnet/minecraft/util/RandomSource;ILnet/minecraft/core/Direction;Lorg/spongepowered/asm/mixin/injection/callback/CallbackInfo;)V won't be passed a CallbackInfo as a result
[23Mai2026 12:22:53.948] [pool-18-thread-1/DEBUG] [mixin/]: Mixing entities.EntityAccessor from the_bumblezone-common.mixins.json into net.minecraft.world.entity.Entity
[23Mai2026 12:22:53.948] [pool-18-thread-1/DEBUG] [mixin/]: the_bumblezone-common.mixins.json:entities.EntityAccessor from mod the_bumblezone: Class version 65 required is higher than the class version supported by the current version of Mixin (JAVA_17 supports class version 61)
[23Mai2026 12:22:53.948] [pool-18-thread-1/DEBUG] [mixin/]: Mixing client.ClientEntityMixin from the_bumblezone-common.mixins.json into net.minecraft.world.entity.Entity
[23Mai2026 12:22:53.948] [pool-18-thread-1/DEBUG] [mixin/]: the_bumblezone-common.mixins.json:client.ClientEntityMixin from mod the_bumblezone: Class version 65 required is higher than the class version supported by the current version of Mixin (JAVA_17 supports class version 61)
[23Mai2026 12:22:53.952] [pool-18-thread-1/DEBUG] [mixin/]: Mixing entity.EntityMixin from the_bumblezone-neoforge.mixins.json into net.minecraft.world.entity.Entity
[23Mai2026 12:22:53.956] [pool-18-thread-1/DEBUG] [mixin/]: Mixing entities.EntityMixin from the_bumblezone-common.mixins.json into net.minecraft.world.entity.Entity
[23Mai2026 12:22:53.957] [pool-18-thread-1/DEBUG] [mixin/]: the_bumblezone-common.mixins.json:entities.EntityMixin from mod the_bumblezone: Class version 65 required is higher than the class version supported by the current version of Mixin (JAVA_17 supports class version 61)
[23Mai2026 12:22:54.019] [pool-18-thread-1/DEBUG] [mixin/]: the_bumblezone-common.mixins.json:client.ClientEntityMixin from mod the_bumblezone->@Inject::bumblezone$knowingEssenceGlowColoring(Lorg/spongepowered/asm/mixin/injection/callback/CallbackInfoReturnable;)V does use it's CallbackInfoReturnable
[23Mai2026 12:22:54.020] [pool-18-thread-1/DEBUG] [mixin/]: the_bumblezone-neoforge.mixins.json:entity.EntityMixin from mod the_bumblezone->@Inject::thebumblezone_applyAllWaterBehaviorToSugarWaterFluid(Lnet/minecraft/tags/TagKey;Lorg/spongepowered/asm/mixin/injection/callback/CallbackInfoReturnable;)V does use it's CallbackInfoReturnable
[23Mai2026 12:22:54.022] [pool-18-thread-1/DEBUG] [mixin/]: the_bumblezone-common.mixins.json:entities.EntityMixin from mod the_bumblezone->@Inject::bumblezone$pollinatedBeeBlockFilling(Lorg/spongepowered/asm/mixin/injection/callback/CallbackInfo;)V doesn't use it's CallbackInfo
[23Mai2026 12:22:54.023] [pool-18-thread-1/DEBUG] [mixin/]: the_bumblezone-common.mixins.json:entities.EntityMixin from mod the_bumblezone->@Inject::bumblezone$pollinatedBeeBlockFilling(Lorg/spongepowered/asm/mixin/injection/callback/CallbackInfo;)V has 0 override(s) in child classes
[23Mai2026 12:22:54.023] [pool-18-thread-1/DEBUG] [mixin/]: the_bumblezone-common.mixins.json:entities.EntityMixin from mod the_bumblezone->@Inject::bumblezone$pollinatedBeeBlockFilling(Lorg/spongepowered/asm/mixin/injection/callback/CallbackInfo;)V won't be passed a CallbackInfo as a result
[23Mai2026 12:22:54.023] [pool-18-thread-1/DEBUG] [mixin/]: the_bumblezone-common.mixins.json:entities.EntityMixin from mod the_bumblezone->@Inject::bumblezone$preventAngerableAtPlayer2(Lnet/minecraft/world/entity/Entity;Lorg/spongepowered/asm/mixin/injection/callback/CallbackInfoReturnable;)V does use it's CallbackInfoReturnable
[23Mai2026 12:22:54.044] [pool-18-thread-1/DEBUG] [mixin/]: Mixing entities.PlayerMixin from the_bumblezone-common.mixins.json into net.minecraft.world.entity.player.Player
[23Mai2026 12:22:54.045] [pool-18-thread-1/DEBUG] [mixin/]: the_bumblezone-common.mixins.json:entities.PlayerMixin from mod the_bumblezone: Class version 65 required is higher than the class version supported by the current version of Mixin (JAVA_17 supports class version 61)
[23Mai2026 12:22:54.046] [pool-18-thread-1/DEBUG] [mixin/]: Mixing entities.PlayerTimeInAirMixin from the_bumblezone-common.mixins.json into net.minecraft.world.entity.player.Player
[23Mai2026 12:22:54.046] [pool-18-thread-1/DEBUG] [mixin/]: the_bumblezone-common.mixins.json:entities.PlayerTimeInAirMixin from mod the_bumblezone: Class version 65 required is higher than the class version supported by the current version of Mixin (JAVA_17 supports class version 61)
[23Mai2026 12:22:54.051] [pool-18-thread-1/DEBUG] [mixin/]: Mixing items.PlayerDamageShieldInvoker from the_bumblezone-common.mixins.json into net.minecraft.world.entity.player.Player
[23Mai2026 12:22:54.051] [pool-18-thread-1/DEBUG] [mixin/]: the_bumblezone-common.mixins.json:items.PlayerDamageShieldInvoker from mod the_bumblezone: Class version 65 required is higher than the class version supported by the current version of Mixin (JAVA_17 supports class version 61)
[23Mai2026 12:22:54.056] [pool-18-thread-1/DEBUG] [mixin/]: the_bumblezone-common.mixins.json:entities.PlayerMixin from mod the_bumblezone->@Inject::bumblezone$preventAngerableAtPlayer1(Lorg/spongepowered/asm/mixin/injection/callback/CallbackInfoReturnable;)V does use it's CallbackInfoReturnable
[23Mai2026 12:22:54.056] [pool-18-thread-1/DEBUG] [mixin/]: the_bumblezone-common.mixins.json:entities.PlayerMixin from mod the_bumblezone->@Inject::bumblezone$applyCooldownForHoneyCrystalShield(Lorg/spongepowered/asm/mixin/injection/callback/CallbackInfo;)V doesn't use it's CallbackInfo
[23Mai2026 12:22:54.056] [pool-18-thread-1/DEBUG] [mixin/]: the_bumblezone-common.mixins.json:entities.PlayerMixin from mod the_bumblezone->@Inject::bumblezone$applyCooldownForHoneyCrystalShield(Lorg/spongepowered/asm/mixin/injection/callback/CallbackInfo;)V has 0 override(s) in child classes
[23Mai2026 12:22:54.056] [pool-18-thread-1/DEBUG] [mixin/]: the_bumblezone-common.mixins.json:entities.PlayerMixin from mod the_bumblezone->@Inject::bumblezone$applyCooldownForHoneyCrystalShield(Lorg/spongepowered/asm/mixin/injection/callback/CallbackInfo;)V won't be passed a CallbackInfo as a result
[23Mai2026 12:22:54.056] [pool-18-thread-1/DEBUG] [mixin/]: the_bumblezone-common.mixins.json:entities.PlayerTimeInAirMixin from mod the_bumblezone->@Inject::bumblezone$recordTicksOffGround(Lorg/spongepowered/asm/mixin/injection/callback/CallbackInfo;)V doesn't use it's CallbackInfo
[23Mai2026 12:22:54.056] [pool-18-thread-1/DEBUG] [mixin/]: the_bumblezone-common.mixins.json:entities.PlayerTimeInAirMixin from mod the_bumblezone->@Inject::bumblezone$recordTicksOffGround(Lorg/spongepowered/asm/mixin/injection/callback/CallbackInfo;)V has 0 override(s) in child classes
[23Mai2026 12:22:54.056] [pool-18-thread-1/DEBUG] [mixin/]: the_bumblezone-common.mixins.json:entities.PlayerTimeInAirMixin from mod the_bumblezone->@Inject::bumblezone$recordTicksOffGround(Lorg/spongepowered/asm/mixin/injection/callback/CallbackInfo;)V won't be passed a CallbackInfo as a result
[23Mai2026 12:22:54.067] [pool-18-thread-1/DEBUG] [mixin/]: Mixing entities.LaterLivingEntityMixin from the_bumblezone-common.mixins.json into net.minecraft.world.entity.LivingEntity
[23Mai2026 12:22:54.067] [pool-18-thread-1/DEBUG] [mixin/]: the_bumblezone-common.mixins.json:entities.LaterLivingEntityMixin from mod the_bumblezone: Class version 65 required is higher than the class version supported by the current version of Mixin (JAVA_17 supports class version 61)
[23Mai2026 12:22:54.068] [pool-18-thread-1/DEBUG] [mixin/]: Mixing common.LivingEntityMixin from geckolib.mixins.json into net.minecraft.world.entity.LivingEntity
[23Mai2026 12:22:54.068] [pool-18-thread-1/DEBUG] [mixin/]: geckolib.mixins.json:common.LivingEntityMixin from mod geckolib: Class version 65 required is higher than the class version supported by the current version of Mixin (JAVA_17 supports class version 61)
[23Mai2026 12:22:54.071] [pool-18-thread-1/DEBUG] [mixin/]: Mixing entities.LivingEntityAccessor from the_bumblezone-common.mixins.json into net.minecraft.world.entity.LivingEntity
[23Mai2026 12:22:54.071] [pool-18-thread-1/DEBUG] [mixin/]: the_bumblezone-common.mixins.json:entities.LivingEntityAccessor from mod the_bumblezone: Class version 65 required is higher than the class version supported by the current version of Mixin (JAVA_17 supports class version 61)
[23Mai2026 12:22:54.071] [pool-18-thread-1/DEBUG] [mixin/]: Mixing entities.LivingEntityMixin from the_bumblezone-common.mixins.json into net.minecraft.world.entity.LivingEntity
[23Mai2026 12:22:54.071] [pool-18-thread-1/DEBUG] [mixin/]: the_bumblezone-common.mixins.json:entities.LivingEntityMixin from mod the_bumblezone: Class version 65 required is higher than the class version supported by the current version of Mixin (JAVA_17 supports class version 61)
[23Mai2026 12:22:54.087] [pool-18-thread-1/DEBUG] [mixin/]: the_bumblezone-common.mixins.json:entities.LivingEntityMixin from mod the_bumblezone->@Inject::bumblezone$fixHeadHandParalyzedRot(Lorg/spongepowered/asm/mixin/injection/callback/CallbackInfo;)V doesn't use it's CallbackInfo
[23Mai2026 12:22:54.088] [pool-18-thread-1/DEBUG] [mixin/]: the_bumblezone-common.mixins.json:entities.LivingEntityMixin from mod the_bumblezone->@Inject::bumblezone$fixHeadHandParalyzedRot(Lorg/spongepowered/asm/mixin/injection/callback/CallbackInfo;)V has 0 override(s) in child classes
[23Mai2026 12:22:54.088] [pool-18-thread-1/DEBUG] [mixin/]: the_bumblezone-common.mixins.json:entities.LivingEntityMixin from mod the_bumblezone->@Inject::bumblezone$fixHeadHandParalyzedRot(Lorg/spongepowered/asm/mixin/injection/callback/CallbackInfo;)V won't be passed a CallbackInfo as a result
[23Mai2026 12:22:54.088] [pool-18-thread-1/DEBUG] [mixin/]: the_bumblezone-common.mixins.json:entities.LivingEntityMixin from mod the_bumblezone->@Inject::bumblezone$runAtEffectRemoval(Lnet/minecraft/world/effect/MobEffectInstance;Lorg/spongepowered/asm/mixin/injection/callback/CallbackInfo;)V doesn't use it's CallbackInfo
[23Mai2026 12:22:54.088] [pool-18-thread-1/DEBUG] [mixin/]: the_bumblezone-common.mixins.json:entities.LivingEntityMixin from mod the_bumblezone->@Inject::bumblezone$runAtEffectRemoval(Lnet/minecraft/world/effect/MobEffectInstance;Lorg/spongepowered/asm/mixin/injection/callback/CallbackInfo;)V has 0 override(s) in child classes
[23Mai2026 12:22:54.088] [pool-18-thread-1/DEBUG] [mixin/]: the_bumblezone-common.mixins.json:entities.LivingEntityMixin from mod the_bumblezone->@Inject::bumblezone$runAtEffectRemoval(Lnet/minecraft/world/effect/MobEffectInstance;Lorg/spongepowered/asm/mixin/injection/callback/CallbackInfo;)V won't be passed a CallbackInfo as a result
[23Mai2026 12:22:54.110] [pool-18-thread-1/DEBUG] [mixin/]: Mixing world.LevelMixin from the_bumblezone-common.mixins.json into net.minecraft.world.level.Level
[23Mai2026 12:22:54.110] [pool-18-thread-1/DEBUG] [mixin/]: the_bumblezone-common.mixins.json:world.LevelMixin from mod the_bumblezone: Class version 65 required is higher than the class version supported by the current version of Mixin (JAVA_17 supports class version 61)
[23Mai2026 12:22:54.115] [pool-18-thread-1/DEBUG] [mixin/]: the_bumblezone-common.mixins.json:world.LevelMixin from mod the_bumblezone->@Inject::bumblezone$noRainInDimension(FLorg/spongepowered/asm/mixin/injection/callback/CallbackInfo;)V doesn't use it's CallbackInfo
[23Mai2026 12:22:54.116] [pool-18-thread-1/DEBUG] [mixin/]: the_bumblezone-common.mixins.json:world.LevelMixin from mod the_bumblezone->@Inject::bumblezone$noRainInDimension(FLorg/spongepowered/asm/mixin/injection/callback/CallbackInfo;)V has 0 override(s) in child classes
[23Mai2026 12:22:54.116] [pool-18-thread-1/DEBUG] [mixin/]: the_bumblezone-common.mixins.json:world.LevelMixin from mod the_bumblezone->@Inject::bumblezone$noRainInDimension(FLorg/spongepowered/asm/mixin/injection/callback/CallbackInfo;)V won't be passed a CallbackInfo as a result
[23Mai2026 12:22:54.116] [pool-18-thread-1/DEBUG] [mixin/]: the_bumblezone-common.mixins.json:world.LevelMixin from mod the_bumblezone->@Inject::bumblezone$noThunderInDimension(FLorg/spongepowered/asm/mixin/injection/callback/CallbackInfo;)V doesn't use it's CallbackInfo
[23Mai2026 12:22:54.116] [pool-18-thread-1/DEBUG] [mixin/]: the_bumblezone-common.mixins.json:world.LevelMixin from mod the_bumblezone->@Inject::bumblezone$noThunderInDimension(FLorg/spongepowered/asm/mixin/injection/callback/CallbackInfo;)V has 0 override(s) in child classes
[23Mai2026 12:22:54.116] [pool-18-thread-1/DEBUG] [mixin/]: the_bumblezone-common.mixins.json:world.LevelMixin from mod the_bumblezone->@Inject::bumblezone$noThunderInDimension(FLorg/spongepowered/asm/mixin/injection/callback/CallbackInfo;)V won't be passed a CallbackInfo as a result
[23Mai2026 12:22:54.122] [pool-18-thread-1/DEBUG] [mixin/]: Mixing world.ServerWorldMixin from the_bumblezone-common.mixins.json into net.minecraft.server.level.ServerLevel
[23Mai2026 12:22:54.122] [pool-18-thread-1/DEBUG] [mixin/]: the_bumblezone-common.mixins.json:world.ServerWorldMixin from mod the_bumblezone: Class version 65 required is higher than the class version supported by the current version of Mixin (JAVA_17 supports class version 61)
[23Mai2026 12:22:54.128] [pool-18-thread-1/DEBUG] [mixin/]: the_bumblezone-common.mixins.json:world.ServerWorldMixin from mod the_bumblezone->@Inject::bumblezone$countBzDimEntities(Lorg/spongepowered/asm/mixin/injection/callback/CallbackInfo;)V doesn't use it's CallbackInfo
[23Mai2026 12:22:54.129] [pool-18-thread-1/DEBUG] [mixin/]: the_bumblezone-common.mixins.json:world.ServerWorldMixin from mod the_bumblezone->@Inject::bumblezone$countBzDimEntities(Lorg/spongepowered/asm/mixin/injection/callback/CallbackInfo;)V has 0 override(s) in child classes
[23Mai2026 12:22:54.129] [pool-18-thread-1/DEBUG] [mixin/]: the_bumblezone-common.mixins.json:world.ServerWorldMixin from mod the_bumblezone->@Inject::bumblezone$countBzDimEntities(Lorg/spongepowered/asm/mixin/injection/callback/CallbackInfo;)V won't be passed a CallbackInfo as a result
[23Mai2026 12:22:54.136] [pool-18-thread-1/DEBUG] [mixin/]: Mixing entities.ItemEntityAccessor from the_bumblezone-common.mixins.json into net.minecraft.world.entity.item.ItemEntity
[23Mai2026 12:22:54.136] [pool-18-thread-1/DEBUG] [mixin/]: the_bumblezone-common.mixins.json:entities.ItemEntityAccessor from mod the_bumblezone: Class version 65 required is higher than the class version supported by the current version of Mixin (JAVA_17 supports class version 61)
[23Mai2026 12:22:54.337] [pool-18-thread-1/DEBUG] [mixin/]: Mixing blocks.SpreadingSnowyDirtBlockMixin from the_bumblezone-common.mixins.json into net.minecraft.world.level.block.SpreadingSnowyDirtBlock
[23Mai2026 12:22:54.338] [pool-18-thread-1/DEBUG] [mixin/]: the_bumblezone-common.mixins.json:blocks.SpreadingSnowyDirtBlockMixin from mod the_bumblezone: Class version 65 required is higher than the class version supported by the current version of Mixin (JAVA_17 supports class version 61)
[23Mai2026 12:22:54.344] [pool-18-thread-1/DEBUG] [mixin/]: Mixing client.LiquidBlockAccessor from journeymap.mixins.json into net.minecraft.world.level.block.LiquidBlock
[23Mai2026 12:22:54.344] [pool-18-thread-1/DEBUG] [mixin/]: journeymap.mixins.json:client.LiquidBlockAccessor from mod journeymap: Class version 65 required is higher than the class version supported by the current version of Mixin (JAVA_17 supports class version 61)
[23Mai2026 12:22:54.351] [pool-18-thread-1/DEBUG] [mixin/]: Mixing blocks.DispenserBlockInvoker from the_bumblezone-common.mixins.json into net.minecraft.world.level.block.DispenserBlock
[23Mai2026 12:22:54.352] [pool-18-thread-1/DEBUG] [mixin/]: the_bumblezone-common.mixins.json:blocks.DispenserBlockInvoker from mod the_bumblezone: Class version 65 required is higher than the class version supported by the current version of Mixin (JAVA_17 supports class version 61)
[23Mai2026 12:22:54.352] [pool-18-thread-1/DEBUG] [mixin/]: Renaming @Accessor method bumblezone$getDISPENSER_REGISTRY()Ljava/util/Map; to bumblezone$getDISPENSER_REGISTRY$the_bumblezone_$md$378903$0 in the_bumblezone-common.mixins.json:blocks.DispenserBlockInvoker from mod the_bumblezone
[23Mai2026 12:22:54.397] [pool-18-thread-1/DEBUG] [mixin/]: Mixing blocks.StemBlockAccessor from the_bumblezone-common.mixins.json into net.minecraft.world.level.block.StemBlock
[23Mai2026 12:22:54.398] [pool-18-thread-1/DEBUG] [mixin/]: the_bumblezone-common.mixins.json:blocks.StemBlockAccessor from mod the_bumblezone: Class version 65 required is higher than the class version supported by the current version of Mixin (JAVA_17 supports class version 61)
[23Mai2026 12:22:54.399] [pool-18-thread-1/DEBUG] [mixin/]: Mixing blocks.VineBlockAccessor from the_bumblezone-common.mixins.json into net.minecraft.world.level.block.VineBlock
[23Mai2026 12:22:54.399] [pool-18-thread-1/DEBUG] [mixin/]: the_bumblezone-common.mixins.json:blocks.VineBlockAccessor from mod the_bumblezone: Class version 65 required is higher than the class version supported by the current version of Mixin (JAVA_17 supports class version 61)
[23Mai2026 12:22:54.403] [pool-18-thread-1/DEBUG] [mixin/]: Mixing blocks.WaterlilyBlockMixin from the_bumblezone-common.mixins.json into net.minecraft.world.level.block.WaterlilyBlock
[23Mai2026 12:22:54.403] [pool-18-thread-1/DEBUG] [mixin/]: the_bumblezone-common.mixins.json:blocks.WaterlilyBlockMixin from mod the_bumblezone: Class version 65 required is higher than the class version supported by the current version of Mixin (JAVA_17 supports class version 61)
[23Mai2026 12:22:54.405] [pool-18-thread-1/DEBUG] [mixin/]: the_bumblezone-common.mixins.json:blocks.WaterlilyBlockMixin from mod the_bumblezone->@Inject::bumblezone$allowPlacingOnSugarWater(Lnet/minecraft/world/level/block/state/BlockState;Lnet/minecraft/world/level/BlockGetter;Lnet/minecraft/core/BlockPos;Lorg/spongepowered/asm/mixin/injection/callback/CallbackInfoReturnable;)V does use it's CallbackInfoReturnable
[23Mai2026 12:22:54.436] [pool-18-thread-1/DEBUG] [mixin/]: Mixing blocks.BubbleColumnBlockMixin from the_bumblezone-common.mixins.json into net.minecraft.world.level.block.BubbleColumnBlock
[23Mai2026 12:22:54.436] [pool-18-thread-1/DEBUG] [mixin/]: the_bumblezone-common.mixins.json:blocks.BubbleColumnBlockMixin from mod the_bumblezone: Class version 65 required is higher than the class version supported by the current version of Mixin (JAVA_17 supports class version 61)
[23Mai2026 12:22:54.454] [pool-18-thread-1/DEBUG] [mixin/]: Mixing blocks.BeehiveMixin from the_bumblezone-common.mixins.json into net.minecraft.world.level.block.BeehiveBlock
[23Mai2026 12:22:54.454] [pool-18-thread-1/DEBUG] [mixin/]: the_bumblezone-common.mixins.json:blocks.BeehiveMixin from mod the_bumblezone: Class version 65 required is higher than the class version supported by the current version of Mixin (JAVA_17 supports class version 61)
[23Mai2026 12:22:54.458] [pool-18-thread-1/DEBUG] [mixin/]: the_bumblezone-common.mixins.json:blocks.BeehiveMixin from mod the_bumblezone->@Inject::bumblezone$combDropIncrease(Lnet/minecraft/world/item/ItemStack;Lnet/minecraft/world/level/block/state/BlockState;Lnet/minecraft/world/level/Level;Lnet/minecraft/core/BlockPos;Lnet/minecraft/world/entity/player/Player;Lnet/minecraft/world/InteractionHand;Lnet/minecraft/world/phys/BlockHitResult;Lorg/spongepowered/asm/mixin/injection/callback/CallbackInfoReturnable;)V doesn't use it's CallbackInfoReturnable
[23Mai2026 12:22:54.458] [pool-18-thread-1/DEBUG] [mixin/]: the_bumblezone-common.mixins.json:blocks.BeehiveMixin from mod the_bumblezone->@Inject::bumblezone$combDropIncrease(Lnet/minecraft/world/item/ItemStack;Lnet/minecraft/world/level/block/state/BlockState;Lnet/minecraft/world/level/Level;Lnet/minecraft/core/BlockPos;Lnet/minecraft/world/entity/player/Player;Lnet/minecraft/world/InteractionHand;Lnet/minecraft/world/phys/BlockHitResult;Lorg/spongepowered/asm/mixin/injection/callback/CallbackInfoReturnable;)V has 0 override(s) in child classes
[23Mai2026 12:22:54.458] [pool-18-thread-1/DEBUG] [mixin/]: the_bumblezone-common.mixins.json:blocks.BeehiveMixin from mod the_bumblezone->@Inject::bumblezone$combDropIncrease(Lnet/minecraft/world/item/ItemStack;Lnet/minecraft/world/level/block/state/BlockState;Lnet/minecraft/world/level/Level;Lnet/minecraft/core/BlockPos;Lnet/minecraft/world/entity/player/Player;Lnet/minecraft/world/InteractionHand;Lnet/minecraft/world/phys/BlockHitResult;Lorg/spongepowered/asm/mixin/injection/callback/CallbackInfoReturnable;)V won't be passed a CallbackInfoReturnable as a result
[23Mai2026 12:22:54.458] [pool-18-thread-1/DEBUG] [mixin/]: the_bumblezone-common.mixins.json:blocks.BeehiveMixin from mod the_bumblezone->@Inject::bumblezone$essenceBeehivePreventAnger(Lnet/minecraft/world/level/Level;Lnet/minecraft/core/BlockPos;Lorg/spongepowered/asm/mixin/injection/callback/CallbackInfo;Lnet/minecraft/world/phys/AABB;Ljava/util/List;Ljava/util/List;)V doesn't use it's CallbackInfo
[23Mai2026 12:22:54.458] [pool-18-thread-1/DEBUG] [mixin/]: the_bumblezone-common.mixins.json:blocks.BeehiveMixin from mod the_bumblezone->@Inject::bumblezone$essenceBeehivePreventAnger(Lnet/minecraft/world/level/Level;Lnet/minecraft/core/BlockPos;Lorg/spongepowered/asm/mixin/injection/callback/CallbackInfo;Lnet/minecraft/world/phys/AABB;Ljava/util/List;Ljava/util/List;)V has 0 override(s) in child classes
[23Mai2026 12:22:54.458] [pool-18-thread-1/DEBUG] [mixin/]: the_bumblezone-common.mixins.json:blocks.BeehiveMixin from mod the_bumblezone->@Inject::bumblezone$essenceBeehivePreventAnger(Lnet/minecraft/world/level/Level;Lnet/minecraft/core/BlockPos;Lorg/spongepowered/asm/mixin/injection/callback/CallbackInfo;Lnet/minecraft/world/phys/AABB;Ljava/util/List;Ljava/util/List;)V won't be passed a CallbackInfo as a result
[23Mai2026 12:22:54.471] [pool-18-thread-1/DEBUG] [mixin/]: Mixing blocks.PointedDripstoneBlockMixin from the_bumblezone-common.mixins.json into net.minecraft.world.level.block.PointedDripstoneBlock
[23Mai2026 12:22:54.471] [pool-18-thread-1/DEBUG] [mixin/]: the_bumblezone-common.mixins.json:blocks.PointedDripstoneBlockMixin from mod the_bumblezone: Class version 65 required is higher than the class version supported by the current version of Mixin (JAVA_17 supports class version 61)
[23Mai2026 12:22:54.478] [pool-18-thread-1/DEBUG] [mixin/]: Mixing blocks.BigDripleafBlockMixin from the_bumblezone-common.mixins.json into net.minecraft.world.level.block.BigDripleafBlock
[23Mai2026 12:22:54.478] [pool-18-thread-1/DEBUG] [mixin/]: the_bumblezone-common.mixins.json:blocks.BigDripleafBlockMixin from mod the_bumblezone: Class version 65 required is higher than the class version supported by the current version of Mixin (JAVA_17 supports class version 61)
[23Mai2026 12:22:54.489] [pool-18-thread-1/DEBUG] [mixin/]: Mixing blocks.BigDripleafStemBlockMixin from the_bumblezone-common.mixins.json into net.minecraft.world.level.block.BigDripleafStemBlock
[23Mai2026 12:22:54.489] [pool-18-thread-1/DEBUG] [mixin/]: the_bumblezone-common.mixins.json:blocks.BigDripleafStemBlockMixin from mod the_bumblezone: Class version 65 required is higher than the class version supported by the current version of Mixin (JAVA_17 supports class version 61)
[23Mai2026 12:22:54.490] [pool-18-thread-1/DEBUG] [mixin/]: Mixing blocks.SmallDripleafBlockMixin from the_bumblezone-common.mixins.json into net.minecraft.world.level.block.SmallDripleafBlock
[23Mai2026 12:22:54.491] [pool-18-thread-1/DEBUG] [mixin/]: the_bumblezone-common.mixins.json:blocks.SmallDripleafBlockMixin from mod the_bumblezone: Class version 65 required is higher than the class version supported by the current version of Mixin (JAVA_17 supports class version 61)
[23Mai2026 12:22:54.493] [pool-18-thread-1/DEBUG] [mixin/]: Mixing blocks.FrogspawnBlockMixin from the_bumblezone-common.mixins.json into net.minecraft.world.level.block.FrogspawnBlock
[23Mai2026 12:22:54.494] [pool-18-thread-1/DEBUG] [mixin/]: the_bumblezone-common.mixins.json:blocks.FrogspawnBlockMixin from mod the_bumblezone: Class version 65 required is higher than the class version supported by the current version of Mixin (JAVA_17 supports class version 61)
[23Mai2026 12:22:54.494] [pool-18-thread-1/DEBUG] [mixin/]: the_bumblezone-common.mixins.json:blocks.FrogspawnBlockMixin from mod the_bumblezone->@Inject::bumblezone$allowPlacingOnSugarWater(Lnet/minecraft/world/level/BlockGetter;Lnet/minecraft/core/BlockPos;Lorg/spongepowered/asm/mixin/injection/callback/CallbackInfoReturnable;)V does use it's CallbackInfoReturnable
[23Mai2026 12:22:54.499] [pool-18-thread-1/DEBUG] [mixin/]: Mixing blocks.PistonBaseBlockMixin from the_bumblezone-common.mixins.json into net.minecraft.world.level.block.piston.PistonBaseBlock
[23Mai2026 12:22:54.499] [pool-18-thread-1/DEBUG] [mixin/]: the_bumblezone-common.mixins.json:blocks.PistonBaseBlockMixin from mod the_bumblezone: Class version 65 required is higher than the class version supported by the current version of Mixin (JAVA_17 supports class version 61)
[23Mai2026 12:22:54.501] [pool-18-thread-1/DEBUG] [mixin/]: the_bumblezone-common.mixins.json:blocks.PistonBaseBlockMixin from mod the_bumblezone->@Inject::bumblezone$pullableOnlyBlocks1(Lnet/minecraft/world/level/block/state/BlockState;Lnet/minecraft/world/level/Level;Lnet/minecraft/core/BlockPos;Lnet/minecraft/core/Direction;ZLnet/minecraft/core/Direction;Lorg/spongepowered/asm/mixin/injection/callback/CallbackInfoReturnable;)V does use it's CallbackInfoReturnable
[23Mai2026 12:22:54.531] [pool-18-thread-1/DEBUG] [mixin/]: Mixing entities.EntityTypeMixin from the_bumblezone-common.mixins.json into net.minecraft.world.entity.EntityType
[23Mai2026 12:22:54.531] [pool-18-thread-1/DEBUG] [mixin/]: the_bumblezone-common.mixins.json:entities.EntityTypeMixin from mod the_bumblezone: Class version 65 required is higher than the class version supported by the current version of Mixin (JAVA_17 supports class version 61)
[23Mai2026 12:22:54.532] [pool-18-thread-1/DEBUG] [mixin/]: the_bumblezone-common.mixins.json:entities.EntityTypeMixin from mod the_bumblezone->@Inject::bumblezone$onAddedEntity(Lnet/minecraft/world/level/Level;Lorg/spongepowered/asm/mixin/injection/callback/CallbackInfoReturnable;)V does use it's CallbackInfoReturnable
[23Mai2026 12:22:54.554] [pool-18-thread-1/DEBUG] [mixin/]: Mixing blocks.WaterEquivalenceMixin from the_bumblezone-common.mixins.json into net.minecraft.world.level.material.WaterFluid
[23Mai2026 12:22:54.554] [pool-18-thread-1/DEBUG] [mixin/]: the_bumblezone-common.mixins.json:blocks.WaterEquivalenceMixin from mod the_bumblezone: Class version 65 required is higher than the class version supported by the current version of Mixin (JAVA_17 supports class version 61)
[23Mai2026 12:22:54.557] [pool-18-thread-1/DEBUG] [mixin/]: Mixing blocks.FlowingFluidAccessor from the_bumblezone-common.mixins.json into net.minecraft.world.level.material.FlowingFluid
[23Mai2026 12:22:54.557] [pool-18-thread-1/DEBUG] [mixin/]: the_bumblezone-common.mixins.json:blocks.FlowingFluidAccessor from mod the_bumblezone: Class version 65 required is higher than the class version supported by the current version of Mixin (JAVA_17 supports class version 61)
[23Mai2026 12:22:54.608] [pool-18-thread-1/DEBUG] [mixin/]: Mixing blocks.FallingBlockEntityAccessor from the_bumblezone-common.mixins.json into net.minecraft.world.entity.item.FallingBlockEntity
[23Mai2026 12:22:54.608] [pool-18-thread-1/DEBUG] [mixin/]: the_bumblezone-common.mixins.json:blocks.FallingBlockEntityAccessor from mod the_bumblezone: Class version 65 required is higher than the class version supported by the current version of Mixin (JAVA_17 supports class version 61)
[23Mai2026 12:22:54.610] [pool-18-thread-1/DEBUG] [mixin/]: Mixing blocks.BlockEntityAccessor from the_bumblezone-common.mixins.json into net.minecraft.world.level.block.entity.BlockEntity
[23Mai2026 12:22:54.610] [pool-18-thread-1/DEBUG] [mixin/]: the_bumblezone-common.mixins.json:blocks.BlockEntityAccessor from mod the_bumblezone: Class version 65 required is higher than the class version supported by the current version of Mixin (JAVA_17 supports class version 61)
[23Mai2026 12:22:54.612] [pool-18-thread-1/DEBUG] [mixin/]: Mixing blocks.BrushableBlockEntityAccessor from the_bumblezone-common.mixins.json into net.minecraft.world.level.block.entity.BrushableBlockEntity
[23Mai2026 12:22:54.612] [pool-18-thread-1/DEBUG] [mixin/]: the_bumblezone-common.mixins.json:blocks.BrushableBlockEntityAccessor from mod the_bumblezone: Class version 65 required is higher than the class version supported by the current version of Mixin (JAVA_17 supports class version 61)
[23Mai2026 12:22:54.653] [pool-18-thread-1/DEBUG] [mixin/]: Mixing blocks.DefaultDispenseItemBehaviorInvoker from the_bumblezone-common.mixins.json into net.minecraft.core.dispenser.DefaultDispenseItemBehavior
[23Mai2026 12:22:54.653] [pool-18-thread-1/DEBUG] [mixin/]: the_bumblezone-common.mixins.json:blocks.DefaultDispenseItemBehaviorInvoker from mod the_bumblezone: Class version 65 required is higher than the class version supported by the current version of Mixin (JAVA_17 supports class version 61)
[23Mai2026 12:22:54.843] [pool-18-thread-1/DEBUG] [mixin/]: Mixing blocks.PistonMovingBlockEntityMixin from the_bumblezone-common.mixins.json into net.minecraft.world.level.block.piston.PistonMovingBlockEntity
[23Mai2026 12:22:54.843] [pool-18-thread-1/DEBUG] [mixin/]: the_bumblezone-common.mixins.json:blocks.PistonMovingBlockEntityMixin from mod the_bumblezone: Class version 65 required is higher than the class version supported by the current version of Mixin (JAVA_17 supports class version 61)
[23Mai2026 12:22:54.874] [pool-18-thread-1/DEBUG] [mixin/]: Mixing effects.MobEffectInstanceAccessor from the_bumblezone-common.mixins.json into net.minecraft.world.effect.MobEffectInstance
[23Mai2026 12:22:54.874] [pool-18-thread-1/DEBUG] [mixin/]: the_bumblezone-common.mixins.json:effects.MobEffectInstanceAccessor from mod the_bumblezone: Class version 65 required is higher than the class version supported by the current version of Mixin (JAVA_17 supports class version 61)
[23Mai2026 12:22:54.935] [pool-18-thread-1/DEBUG] [mixin/]: Mixing entities.MobAccessor from the_bumblezone-common.mixins.json into net.minecraft.world.entity.Mob
[23Mai2026 12:22:54.935] [pool-18-thread-1/DEBUG] [mixin/]: the_bumblezone-common.mixins.json:entities.MobAccessor from mod the_bumblezone: Class version 65 required is higher than the class version supported by the current version of Mixin (JAVA_17 supports class version 61)
[23Mai2026 12:22:55.003] [pool-18-thread-1/DEBUG] [mixin/]: Mixing BlockEntityTypeAccessor from neoforge.mixins.json into net.minecraft.world.level.block.entity.BlockEntityType
[23Mai2026 12:22:55.032] [pool-18-thread-1/DEBUG] [mixin/]: Mixing common.AbstractContainerMenuMixin from geckolib.mixins.json into net.minecraft.world.inventory.AbstractContainerMenu
[23Mai2026 12:22:55.032] [pool-18-thread-1/DEBUG] [mixin/]: geckolib.mixins.json:common.AbstractContainerMenuMixin from mod geckolib: Class version 65 required is higher than the class version supported by the current version of Mixin (JAVA_17 supports class version 61)
[23Mai2026 12:22:55.097] [pool-18-thread-1/DEBUG] [mixin/]: Mixing entities.AbstractArrowAccessor from the_bumblezone-common.mixins.json into net.minecraft.world.entity.projectile.AbstractArrow
[23Mai2026 12:22:55.097] [pool-18-thread-1/DEBUG] [mixin/]: the_bumblezone-common.mixins.json:entities.AbstractArrowAccessor from mod the_bumblezone: Class version 65 required is higher than the class version supported by the current version of Mixin (JAVA_17 supports class version 61)
[23Mai2026 12:22:55.098] [pool-18-thread-1/DEBUG] [mixin/]: Mixing entities.AbstractArrowMixin from the_bumblezone-common.mixins.json into net.minecraft.world.entity.projectile.AbstractArrow
[23Mai2026 12:22:55.098] [pool-18-thread-1/DEBUG] [mixin/]: the_bumblezone-common.mixins.json:entities.AbstractArrowMixin from mod the_bumblezone: Class version 65 required is higher than the class version supported by the current version of Mixin (JAVA_17 supports class version 61)
[23Mai2026 12:22:55.099] [pool-18-thread-1/DEBUG] [mixin/]: the_bumblezone-common.mixins.json:entities.AbstractArrowMixin from mod the_bumblezone->@Inject::bumblezone$enchantmentEffects(Lnet/minecraft/world/entity/LivingEntity;Lorg/spongepowered/asm/mixin/injection/callback/CallbackInfo;)V doesn't use it's CallbackInfo
[23Mai2026 12:22:55.099] [pool-18-thread-1/DEBUG] [mixin/]: the_bumblezone-common.mixins.json:entities.AbstractArrowMixin from mod the_bumblezone->@Inject::bumblezone$enchantmentEffects(Lnet/minecraft/world/entity/LivingEntity;Lorg/spongepowered/asm/mixin/injection/callback/CallbackInfo;)V has 0 override(s) in child classes
[23Mai2026 12:22:55.099] [pool-18-thread-1/DEBUG] [mixin/]: the_bumblezone-common.mixins.json:entities.AbstractArrowMixin from mod the_bumblezone->@Inject::bumblezone$enchantmentEffects(Lnet/minecraft/world/entity/LivingEntity;Lorg/spongepowered/asm/mixin/injection/callback/CallbackInfo;)V won't be passed a CallbackInfo as a result
[23Mai2026 12:22:55.214] [pool-18-thread-1/DEBUG] [mixin/]: Mixing common.ItemStackMixin from geckolib.mixins.json into net.minecraft.world.item.ItemStack
[23Mai2026 12:22:55.214] [pool-18-thread-1/DEBUG] [mixin/]: geckolib.mixins.json:common.ItemStackMixin from mod geckolib: Class version 65 required is higher than the class version supported by the current version of Mixin (JAVA_17 supports class version 61)
[23Mai2026 12:22:55.252] [pool-18-thread-1/DEBUG] [mixin/]: Mixing client.BiomeInvoker from journeymap.mixins.json into net.minecraft.world.level.biome.Biome
[23Mai2026 12:22:55.252] [pool-18-thread-1/DEBUG] [mixin/]: journeymap.mixins.json:client.BiomeInvoker from mod journeymap: Class version 65 required is higher than the class version supported by the current version of Mixin (JAVA_17 supports class version 61)
[23Mai2026 12:22:55.434] [pool-18-thread-1/DEBUG] [mixin/]: Mixing entities.AnimalMixin from the_bumblezone-common.mixins.json into net.minecraft.world.entity.animal.Animal
[23Mai2026 12:22:55.434] [pool-18-thread-1/DEBUG] [mixin/]: the_bumblezone-common.mixins.json:entities.AnimalMixin from mod the_bumblezone: Class version 65 required is higher than the class version supported by the current version of Mixin (JAVA_17 supports class version 61)
[23Mai2026 12:22:55.437] [pool-18-thread-1/DEBUG] [mixin/]: the_bumblezone-common.mixins.json:entities.AnimalMixin from mod the_bumblezone->@Inject::bumblezone$beeBreedWithVariantBee(Lnet/minecraft/world/entity/animal/Animal;Lorg/spongepowered/asm/mixin/injection/callback/CallbackInfoReturnable;)V does use it's CallbackInfoReturnable
[23Mai2026 12:22:55.437] [pool-18-thread-1/DEBUG] [mixin/]: Mixing entities.AgeableMobAccessor from the_bumblezone-common.mixins.json into net.minecraft.world.entity.AgeableMob
[23Mai2026 12:22:55.437] [pool-18-thread-1/DEBUG] [mixin/]: the_bumblezone-common.mixins.json:entities.AgeableMobAccessor from mod the_bumblezone: Class version 65 required is higher than the class version supported by the current version of Mixin (JAVA_17 supports class version 61)
[23Mai2026 12:22:55.437] [pool-18-thread-1/DEBUG] [mixin/]: Renaming @Accessor method bumblezone$getDATA_BABY_ID()Lnet/minecraft/network/syncher/EntityDataAccessor; to bumblezone$getDATA_BABY_ID$the_bumblezone_$md$378903$0 in the_bumblezone-common.mixins.json:entities.AgeableMobAccessor from mod the_bumblezone
[23Mai2026 12:22:55.577] [pool-18-thread-1/DEBUG] [mixin/]: Mixing blocks.BeehiveBlockEntityMixin from the_bumblezone-common.mixins.json into net.minecraft.world.level.block.entity.BeehiveBlockEntity
[23Mai2026 12:22:55.577] [pool-18-thread-1/DEBUG] [mixin/]: the_bumblezone-common.mixins.json:blocks.BeehiveBlockEntityMixin from mod the_bumblezone: Class version 65 required is higher than the class version supported by the current version of Mixin (JAVA_17 supports class version 61)
[23Mai2026 12:22:55.579] [pool-18-thread-1/DEBUG] [mixin/]: the_bumblezone-common.mixins.json:blocks.BeehiveBlockEntityMixin from mod the_bumblezone->@Inject::bumblezone$essenceBeehivePreventAnger1(Lnet/minecraft/world/entity/player/Player;Lnet/minecraft/world/level/block/state/BlockState;Lnet/minecraft/world/level/block/entity/BeehiveBlockEntity$BeeReleaseStatus;Lorg/spongepowered/asm/mixin/injection/callback/CallbackInfo;Ljava/util/List;)V doesn't use it's CallbackInfo
[23Mai2026 12:22:55.579] [pool-18-thread-1/DEBUG] [mixin/]: the_bumblezone-common.mixins.json:blocks.BeehiveBlockEntityMixin from mod the_bumblezone->@Inject::bumblezone$essenceBeehivePreventAnger1(Lnet/minecraft/world/entity/player/Player;Lnet/minecraft/world/level/block/state/BlockState;Lnet/minecraft/world/level/block/entity/BeehiveBlockEntity$BeeReleaseStatus;Lorg/spongepowered/asm/mixin/injection/callback/CallbackInfo;Ljava/util/List;)V has 0 override(s) in child classes
[23Mai2026 12:22:55.579] [pool-18-thread-1/DEBUG] [mixin/]: the_bumblezone-common.mixins.json:blocks.BeehiveBlockEntityMixin from mod the_bumblezone->@Inject::bumblezone$essenceBeehivePreventAnger1(Lnet/minecraft/world/entity/player/Player;Lnet/minecraft/world/level/block/state/BlockState;Lnet/minecraft/world/level/block/entity/BeehiveBlockEntity$BeeReleaseStatus;Lorg/spongepowered/asm/mixin/injection/callback/CallbackInfo;Ljava/util/List;)V won't be passed a CallbackInfo as a result
[23Mai2026 12:22:55.756] [pool-18-thread-1/DEBUG] [mixin/]: Mixing entities.EntityCollisionContextAccessor from the_bumblezone-common.mixins.json into net.minecraft.world.phys.shapes.EntityCollisionContext
[23Mai2026 12:22:55.756] [pool-18-thread-1/DEBUG] [mixin/]: the_bumblezone-common.mixins.json:entities.EntityCollisionContextAccessor from mod the_bumblezone: Class version 65 required is higher than the class version supported by the current version of Mixin (JAVA_17 supports class version 61)
[23Mai2026 12:22:55.760] [pool-18-thread-1/DEBUG] [mixin/]: Mixing entities.ServerPlayerAccessor from the_bumblezone-common.mixins.json into net.minecraft.server.level.ServerPlayer
[23Mai2026 12:22:55.760] [pool-18-thread-1/DEBUG] [mixin/]: the_bumblezone-common.mixins.json:entities.ServerPlayerAccessor from mod the_bumblezone: Class version 65 required is higher than the class version supported by the current version of Mixin (JAVA_17 supports class version 61)
[23Mai2026 12:22:55.761] [pool-18-thread-1/DEBUG] [mixin/]: Mixing entities.ServerPlayerMixin from the_bumblezone-common.mixins.json into net.minecraft.server.level.ServerPlayer
[23Mai2026 12:22:55.761] [pool-18-thread-1/DEBUG] [mixin/]: the_bumblezone-common.mixins.json:entities.ServerPlayerMixin from mod the_bumblezone: Class version 65 required is higher than the class version supported by the current version of Mixin (JAVA_17 supports class version 61)
[23Mai2026 12:22:55.761] [pool-18-thread-1/DEBUG] [mixin/]: Renaming synthetic method lambda$bumblezone$hookToRecipeCrafting$0(Lnet/minecraft/server/level/ServerPlayer;Lcom/telepathicgrunt/the_bumblezone/modules/PlayerDataModule;)V to md378903$the_bumblezone$lambda$bumblezone$hookToRecipeCrafting$0$0 in the_bumblezone-common.mixins.json:entities.ServerPlayerMixin from mod the_bumblezone
[23Mai2026 12:22:55.768] [pool-18-thread-1/DEBUG] [mixin/]: the_bumblezone-common.mixins.json:entities.ServerPlayerMixin from mod the_bumblezone->@Inject::bumblezone$checkIfInSpecialStructures(Lorg/spongepowered/asm/mixin/injection/callback/CallbackInfo;)V doesn't use it's CallbackInfo
[23Mai2026 12:22:55.768] [pool-18-thread-1/DEBUG] [mixin/]: the_bumblezone-common.mixins.json:entities.ServerPlayerMixin from mod the_bumblezone->@Inject::bumblezone$checkIfInSpecialStructures(Lorg/spongepowered/asm/mixin/injection/callback/CallbackInfo;)V has 0 override(s) in child classes
[23Mai2026 12:22:55.768] [pool-18-thread-1/DEBUG] [mixin/]: the_bumblezone-common.mixins.json:entities.ServerPlayerMixin from mod the_bumblezone->@Inject::bumblezone$checkIfInSpecialStructures(Lorg/spongepowered/asm/mixin/injection/callback/CallbackInfo;)V won't be passed a CallbackInfo as a result
[23Mai2026 12:22:55.768] [pool-18-thread-1/DEBUG] [mixin/]: the_bumblezone-common.mixins.json:entities.ServerPlayerMixin from mod the_bumblezone->@Inject::bumblezone$hookToRecipeCrafting(Lnet/minecraft/world/item/crafting/RecipeHolder;Ljava/util/List;Lorg/spongepowered/asm/mixin/injection/callback/CallbackInfo;)V doesn't use it's CallbackInfo
[23Mai2026 12:22:55.769] [pool-18-thread-1/DEBUG] [mixin/]: the_bumblezone-common.mixins.json:entities.ServerPlayerMixin from mod the_bumblezone->@Inject::bumblezone$hookToRecipeCrafting(Lnet/minecraft/world/item/crafting/RecipeHolder;Ljava/util/List;Lorg/spongepowered/asm/mixin/injection/callback/CallbackInfo;)V has 0 override(s) in child classes
[23Mai2026 12:22:55.769] [pool-18-thread-1/DEBUG] [mixin/]: the_bumblezone-common.mixins.json:entities.ServerPlayerMixin from mod the_bumblezone->@Inject::bumblezone$hookToRecipeCrafting(Lnet/minecraft/world/item/crafting/RecipeHolder;Ljava/util/List;Lorg/spongepowered/asm/mixin/injection/callback/CallbackInfo;)V won't be passed a CallbackInfo as a result
[23Mai2026 12:22:56.296] [pool-18-thread-1/DEBUG] [mixin/]: Mixing items.ItemAccessor from the_bumblezone-common.mixins.json into net.minecraft.world.item.Item
[23Mai2026 12:22:56.296] [pool-18-thread-1/DEBUG] [mixin/]: the_bumblezone-common.mixins.json:items.ItemAccessor from mod the_bumblezone: Class version 65 required is higher than the class version supported by the current version of Mixin (JAVA_17 supports class version 61)
[23Mai2026 12:22:56.296] [pool-18-thread-1/DEBUG] [mixin/]: Renaming @Invoker method bumblezone$callGetPlayerPOVHitResult(Lnet/minecraft/world/level/Level;Lnet/minecraft/world/entity/player/Player;Lnet/minecraft/world/level/ClipContext$Fluid;)Lnet/minecraft/world/phys/BlockHitResult; to bumblezone$callGetPlayerPOVHitResult$the_bumblezone_$md$378903$0 in the_bumblezone-common.mixins.json:items.ItemAccessor from mod the_bumblezone
[23Mai2026 12:22:56.298] [pool-18-thread-1/DEBUG] [mixin/]: Mixing blocks.WaterlogForPlacingBlockMixin from the_bumblezone-common.mixins.json into net.minecraft.world.item.BlockItem
[23Mai2026 12:22:56.298] [pool-18-thread-1/DEBUG] [mixin/]: the_bumblezone-common.mixins.json:blocks.WaterlogForPlacingBlockMixin from mod the_bumblezone: Class version 65 required is higher than the class version supported by the current version of Mixin (JAVA_17 supports class version 61)
[23Mai2026 12:22:56.304] [pool-18-thread-1/DEBUG] [mixin/]: Mixing blocks.WaterlogForPlacingBlockMixin from the_bumblezone-common.mixins.json into net.minecraft.world.item.StandingAndWallBlockItem
[23Mai2026 12:22:56.305] [pool-18-thread-1/DEBUG] [mixin/]: the_bumblezone-common.mixins.json:blocks.WaterlogForPlacingBlockMixin from mod the_bumblezone: Class version 65 required is higher than the class version supported by the current version of Mixin (JAVA_17 supports class version 61)
[23Mai2026 12:22:56.320] [pool-18-thread-1/DEBUG] [mixin/]: Mixing items.MapItemMixin from the_bumblezone-common.mixins.json into net.minecraft.world.item.MapItem
[23Mai2026 12:22:56.321] [pool-18-thread-1/DEBUG] [mixin/]: the_bumblezone-common.mixins.json:items.MapItemMixin from mod the_bumblezone: Class version 65 required is higher than the class version supported by the current version of Mixin (JAVA_17 supports class version 61)
[23Mai2026 12:22:56.326] [pool-18-thread-1/DEBUG] [mixin/]: Mixing items.GlassBottleUseMixin from the_bumblezone-common.mixins.json into net.minecraft.world.item.BottleItem
[23Mai2026 12:22:56.326] [pool-18-thread-1/DEBUG] [mixin/]: the_bumblezone-common.mixins.json:items.GlassBottleUseMixin from mod the_bumblezone: Class version 65 required is higher than the class version supported by the current version of Mixin (JAVA_17 supports class version 61)
[23Mai2026 12:22:56.329] [pool-18-thread-1/DEBUG] [mixin/]: the_bumblezone-common.mixins.json:items.GlassBottleUseMixin from mod the_bumblezone->@Inject::bumblezone$bottleFluidInteractSugarWater(Lnet/minecraft/world/level/Level;Lnet/minecraft/world/entity/player/Player;Lnet/minecraft/world/InteractionHand;Lorg/spongepowered/asm/mixin/injection/callback/CallbackInfoReturnable;)V does use it's CallbackInfoReturnable
[23Mai2026 12:22:56.329] [pool-18-thread-1/DEBUG] [mixin/]: the_bumblezone-common.mixins.json:items.GlassBottleUseMixin from mod the_bumblezone->@Inject::bumblezone$bottleFluidInteractHoneyLikeFluid(Lnet/minecraft/world/level/Level;Lnet/minecraft/world/entity/player/Player;Lnet/minecraft/world/InteractionHand;Lorg/spongepowered/asm/mixin/injection/callback/CallbackInfoReturnable;)V does use it's CallbackInfoReturnable
[23Mai2026 12:22:56.330] [pool-18-thread-1/DEBUG] [mixin/]: Mixing items.SpawnEggItemAccessor from the_bumblezone-common.mixins.json into net.minecraft.world.item.SpawnEggItem
[23Mai2026 12:22:56.331] [pool-18-thread-1/DEBUG] [mixin/]: the_bumblezone-common.mixins.json:items.SpawnEggItemAccessor from mod the_bumblezone: Class version 65 required is higher than the class version supported by the current version of Mixin (JAVA_17 supports class version 61)
[23Mai2026 12:22:56.331] [pool-18-thread-1/DEBUG] [mixin/]: Renaming @Accessor method bumblezone$getIdMap()Ljava/util/Map; to bumblezone$getIdMap$the_bumblezone_$md$378903$0 in the_bumblezone-common.mixins.json:items.SpawnEggItemAccessor from mod the_bumblezone
[23Mai2026 12:22:56.335] [pool-18-thread-1/DEBUG] [mixin/]: Mixing items.NameTagItemMixin from the_bumblezone-common.mixins.json into net.minecraft.world.item.NameTagItem
[23Mai2026 12:22:56.335] [pool-18-thread-1/DEBUG] [mixin/]: the_bumblezone-common.mixins.json:items.NameTagItemMixin from mod the_bumblezone: Class version 65 required is higher than the class version supported by the current version of Mixin (JAVA_17 supports class version 61)
[23Mai2026 12:22:56.338] [pool-18-thread-1/DEBUG] [mixin/]: the_bumblezone-common.mixins.json:items.NameTagItemMixin from mod the_bumblezone->@Inject::bumblezone$setRootminOwnerOnNaming(Lnet/minecraft/world/item/ItemStack;Lnet/minecraft/world/entity/player/Player;Lnet/minecraft/world/entity/LivingEntity;Lnet/minecraft/world/InteractionHand;Lorg/spongepowered/asm/mixin/injection/callback/CallbackInfoReturnable;)V doesn't use it's CallbackInfoReturnable
[23Mai2026 12:22:56.339] [pool-18-thread-1/DEBUG] [mixin/]: the_bumblezone-common.mixins.json:items.NameTagItemMixin from mod the_bumblezone->@Inject::bumblezone$setRootminOwnerOnNaming(Lnet/minecraft/world/item/ItemStack;Lnet/minecraft/world/entity/player/Player;Lnet/minecraft/world/entity/LivingEntity;Lnet/minecraft/world/InteractionHand;Lorg/spongepowered/asm/mixin/injection/callback/CallbackInfoReturnable;)V has 0 override(s) in child classes
[23Mai2026 12:22:56.339] [pool-18-thread-1/DEBUG] [mixin/]: the_bumblezone-common.mixins.json:items.NameTagItemMixin from mod the_bumblezone->@Inject::bumblezone$setRootminOwnerOnNaming(Lnet/minecraft/world/item/ItemStack;Lnet/minecraft/world/entity/player/Player;Lnet/minecraft/world/entity/LivingEntity;Lnet/minecraft/world/InteractionHand;Lorg/spongepowered/asm/mixin/injection/callback/CallbackInfoReturnable;)V won't be passed a CallbackInfoReturnable as a result
[23Mai2026 12:22:56.389] [pool-18-thread-1/DEBUG] [mixin/]: Mixing enchantments.EnchantmentMixin from the_bumblezone-common.mixins.json into net.minecraft.world.item.enchantment.Enchantment
[23Mai2026 12:22:56.389] [pool-18-thread-1/DEBUG] [mixin/]: the_bumblezone-common.mixins.json:enchantments.EnchantmentMixin from mod the_bumblezone: Class version 65 required is higher than the class version supported by the current version of Mixin (JAVA_17 supports class version 61)
[23Mai2026 12:22:56.389] [pool-18-thread-1/DEBUG] [mixin/]: Renaming synthetic method lambda$bumblezone$checkEnchantability$1(Lcom/telepathicgrunt/the_bumblezone/platform/ItemExtension;Lnet/minecraft/world/item/ItemStack;Lorg/spongepowered/asm/mixin/injection/callback/CallbackInfoReturnable;Lnet/minecraft/core/Registry;)V to md378903$the_bumblezone$lambda$bumblezone$checkEnchantability$1$0 in the_bumblezone-common.mixins.json:enchantments.EnchantmentMixin from mod the_bumblezone
[23Mai2026 12:22:56.389] [pool-18-thread-1/DEBUG] [mixin/]: Renaming synthetic method lambda$bumblezone$checkEnchantability$0(Lcom/telepathicgrunt/the_bumblezone/platform/ItemExtension;Lnet/minecraft/world/item/ItemStack;Lnet/minecraft/core/Registry;Lorg/spongepowered/asm/mixin/injection/callback/CallbackInfoReturnable;Lnet/minecraft/resources/ResourceKey;)V to md378903$the_bumblezone$lambda$bumblezone$checkEnchantability$0$1 in the_bumblezone-common.mixins.json:enchantments.EnchantmentMixin from mod the_bumblezone
[23Mai2026 12:22:56.393] [pool-18-thread-1/DEBUG] [mixin/]: the_bumblezone-common.mixins.json:enchantments.EnchantmentMixin from mod the_bumblezone->@Inject::bumblezone$customAllowDisallowEnchantments1(Lnet/minecraft/world/item/ItemStack;Lorg/spongepowered/asm/mixin/injection/callback/CallbackInfoReturnable;)V does use it's CallbackInfoReturnable
[23Mai2026 12:22:56.393] [pool-18-thread-1/DEBUG] [mixin/]: the_bumblezone-common.mixins.json:enchantments.EnchantmentMixin from mod the_bumblezone->@Inject::bumblezone$customAllowDisallowEnchantments2(Lnet/minecraft/world/item/ItemStack;Lorg/spongepowered/asm/mixin/injection/callback/CallbackInfoReturnable;)V does use it's CallbackInfoReturnable
[23Mai2026 12:22:56.393] [pool-18-thread-1/DEBUG] [mixin/]: the_bumblezone-common.mixins.json:enchantments.EnchantmentMixin from mod the_bumblezone->@Inject::bumblezone$customAllowDisallowEnchantments3(Lnet/minecraft/world/item/ItemStack;Lorg/spongepowered/asm/mixin/injection/callback/CallbackInfoReturnable;)V does use it's CallbackInfoReturnable
[23Mai2026 12:22:56.412] [pool-18-thread-1/DEBUG] [io.netty.util.internal.PlatformDependent0/]: -Dio.netty.noUnsafe: false
[23Mai2026 12:22:56.412] [pool-18-thread-1/DEBUG] [io.netty.util.internal.PlatformDependent0/]: Java version: 21
[23Mai2026 12:22:56.412] [pool-18-thread-1/DEBUG] [io.netty.util.internal.PlatformDependent0/]: sun.misc.Unsafe.theUnsafe: available
[23Mai2026 12:22:56.412] [pool-18-thread-1/DEBUG] [io.netty.util.internal.PlatformDependent0/]: sun.misc.Unsafe.copyMemory: available
[23Mai2026 12:22:56.413] [pool-18-thread-1/DEBUG] [io.netty.util.internal.PlatformDependent0/]: sun.misc.Unsafe.storeFence: available
[23Mai2026 12:22:56.413] [pool-18-thread-1/DEBUG] [io.netty.util.internal.PlatformDependent0/]: java.nio.Buffer.address: available
[23Mai2026 12:22:56.413] [pool-18-thread-1/DEBUG] [io.netty.util.internal.PlatformDependent0/]: direct buffer constructor: unavailable: Reflective setAccessible(true) disabled
[23Mai2026 12:22:56.413] [pool-18-thread-1/DEBUG] [io.netty.util.internal.PlatformDependent0/]: java.nio.Bits.unaligned: available, true
[23Mai2026 12:22:56.414] [pool-18-thread-1/DEBUG] [io.netty.util.internal.PlatformDependent0/]: jdk.internal.misc.Unsafe.allocateUninitializedArray(int): unavailable: class io.netty.util.internal.PlatformDependent0$7 (in module io.netty.common) cannot access class jdk.internal.misc.Unsafe (in module java.base) because module java.base does not export jdk.internal.misc to module io.netty.common
[23Mai2026 12:22:56.414] [pool-18-thread-1/DEBUG] [io.netty.util.internal.PlatformDependent0/]: java.nio.DirectByteBuffer.<init>(long, {int,long}): unavailable
[23Mai2026 12:22:56.415] [pool-18-thread-1/DEBUG] [io.netty.util.internal.PlatformDependent/]: sun.misc.Unsafe: available
[23Mai2026 12:22:56.415] [pool-18-thread-1/DEBUG] [io.netty.util.internal.PlatformDependent/]: maxDirectMemory: 12868124672 bytes (maybe)
[23Mai2026 12:22:56.416] [pool-18-thread-1/DEBUG] [io.netty.util.internal.PlatformDependent/]: -Dio.netty.tmpdir: C:\Users\Laats\AppData\Local\Temp (java.io.tmpdir)
[23Mai2026 12:22:56.416] [pool-18-thread-1/DEBUG] [io.netty.util.internal.PlatformDependent/]: -Dio.netty.bitMode: 64 (sun.arch.data.model)
[23Mai2026 12:22:56.416] [pool-18-thread-1/DEBUG] [io.netty.util.internal.PlatformDependent/]: Platform: Windows
[23Mai2026 12:22:56.416] [pool-18-thread-1/DEBUG] [io.netty.util.internal.PlatformDependent/]: -Dio.netty.maxDirectMemory: -1 bytes
[23Mai2026 12:22:56.416] [pool-18-thread-1/DEBUG] [io.netty.util.internal.PlatformDependent/]: -Dio.netty.uninitializedArrayAllocationThreshold: -1
[23Mai2026 12:22:56.418] [pool-18-thread-1/DEBUG] [io.netty.util.internal.CleanerJava9/]: java.nio.ByteBuffer.cleaner(): available
[23Mai2026 12:22:56.418] [pool-18-thread-1/DEBUG] [io.netty.util.internal.PlatformDependent/]: -Dio.netty.noPreferDirect: false
[23Mai2026 12:22:56.538] [pool-18-thread-1/DEBUG] [mixin/]: Mixing items.JukeboxPlayableMixin from the_bumblezone-common.mixins.json into net.minecraft.world.item.JukeboxPlayable
[23Mai2026 12:22:56.538] [pool-18-thread-1/DEBUG] [mixin/]: the_bumblezone-common.mixins.json:items.JukeboxPlayableMixin from mod the_bumblezone: Class version 65 required is higher than the class version supported by the current version of Mixin (JAVA_17 supports class version 61)
[23Mai2026 12:22:56.539] [pool-18-thread-1/DEBUG] [mixin/]: the_bumblezone-common.mixins.json:items.JukeboxPlayableMixin from mod the_bumblezone->@Inject::bumblezone$showDownloadLinkForrMusicDisc(Lnet/minecraft/world/item/Item$TooltipContext;Ljava/util/function/Consumer;Lnet/minecraft/world/item/TooltipFlag;Lorg/spongepowered/asm/mixin/injection/callback/CallbackInfo;)V doesn't use it's CallbackInfo
[23Mai2026 12:22:56.554] [pool-18-thread-1/DEBUG] [mixin/]: Mixing logging.LevelChunkMixin from the_bumblezone-common.mixins.json into net.minecraft.world.level.chunk.LevelChunk
[23Mai2026 12:22:56.554] [pool-18-thread-1/DEBUG] [mixin/]: the_bumblezone-common.mixins.json:logging.LevelChunkMixin from mod the_bumblezone: Class version 65 required is higher than the class version supported by the current version of Mixin (JAVA_17 supports class version 61)
[23Mai2026 12:22:56.603] [pool-18-thread-1/DEBUG] [mixin/]: Mixing block.UseOnContextAccessor from the_bumblezone-neoforge.mixins.json into net.minecraft.world.item.context.UseOnContext
[23Mai2026 12:22:56.670] [pool-18-thread-1/DEBUG] [mixin/]: Mixing logging.BlockAttachedEntityMixin from the_bumblezone-common.mixins.json into net.minecraft.world.entity.decoration.BlockAttachedEntity
[23Mai2026 12:22:56.671] [pool-18-thread-1/DEBUG] [mixin/]: the_bumblezone-common.mixins.json:logging.BlockAttachedEntityMixin from mod the_bumblezone: Class version 65 required is higher than the class version supported by the current version of Mixin (JAVA_17 supports class version 61)
[23Mai2026 12:22:56.696] [pool-18-thread-1/DEBUG] [mixin/]: Mixing entities.ExperienceOrbAccessor from the_bumblezone-common.mixins.json into net.minecraft.world.entity.ExperienceOrb
[23Mai2026 12:22:56.697] [pool-18-thread-1/DEBUG] [mixin/]: the_bumblezone-common.mixins.json:entities.ExperienceOrbAccessor from mod the_bumblezone: Class version 65 required is higher than the class version supported by the current version of Mixin (JAVA_17 supports class version 61)
[23Mai2026 12:22:56.697] [pool-18-thread-1/DEBUG] [mixin/]: Mixing entities.ExperienceOrbMixin from the_bumblezone-common.mixins.json into net.minecraft.world.entity.ExperienceOrb
[23Mai2026 12:22:56.698] [pool-18-thread-1/DEBUG] [mixin/]: the_bumblezone-common.mixins.json:entities.ExperienceOrbMixin from mod the_bumblezone: Class version 65 required is higher than the class version supported by the current version of Mixin (JAVA_17 supports class version 61)
[23Mai2026 12:22:56.698] [pool-18-thread-1/DEBUG] [mixin/]: Renaming synthetic method lambda$bumblezone$xpGoToClosestCrystalFlower$3(Lnet/minecraft/world/level/block/entity/BlockEntity;)V to md378903$the_bumblezone$lambda$bumblezone$xpGoToClosestCrystalFlower$3$0 in the_bumblezone-common.mixins.json:entities.ExperienceOrbMixin from mod the_bumblezone
[23Mai2026 12:22:56.698] [pool-18-thread-1/DEBUG] [mixin/]: Renaming synthetic method lambda$bumblezone$xpGoToClosestCrystalFlower$2(Lnet/minecraft/world/level/block/entity/BlockEntity;Lnet/minecraft/world/level/block/entity/BlockEntity;)I to md378903$the_bumblezone$lambda$bumblezone$xpGoToClosestCrystalFlower$2$1 in the_bumblezone-common.mixins.json:entities.ExperienceOrbMixin from mod the_bumblezone
[23Mai2026 12:22:56.698] [pool-18-thread-1/DEBUG] [mixin/]: Renaming synthetic method lambda$bumblezone$xpGoToClosestCrystalFlower$1(Lnet/minecraft/world/level/block/entity/BlockEntity;)Z to md378903$the_bumblezone$lambda$bumblezone$xpGoToClosestCrystalFlower$1$2 in the_bumblezone-common.mixins.json:entities.ExperienceOrbMixin from mod the_bumblezone
[23Mai2026 12:22:56.699] [pool-18-thread-1/DEBUG] [mixin/]: Renaming synthetic method lambda$bumblezone$xpGoToClosestCrystalFlower$0(Lnet/minecraft/world/level/chunk/LevelChunk;)Ljava/util/stream/Stream; to md378903$the_bumblezone$lambda$bumblezone$xpGoToClosestCrystalFlower$0$3 in the_bumblezone-common.mixins.json:entities.ExperienceOrbMixin from mod the_bumblezone
[23Mai2026 12:22:56.713] [pool-18-thread-1/DEBUG] [mixin/]: the_bumblezone-common.mixins.json:entities.ExperienceOrbMixin from mod the_bumblezone->@Inject::bumblezone$xpGoToClosestCrystalFlower(Lorg/spongepowered/asm/mixin/injection/callback/CallbackInfo;)V doesn't use it's CallbackInfo
[23Mai2026 12:22:56.714] [pool-18-thread-1/DEBUG] [mixin/]: the_bumblezone-common.mixins.json:entities.ExperienceOrbMixin from mod the_bumblezone->@Inject::bumblezone$xpGoToClosestCrystalFlower(Lorg/spongepowered/asm/mixin/injection/callback/CallbackInfo;)V has 0 override(s) in child classes
[23Mai2026 12:22:56.714] [pool-18-thread-1/DEBUG] [mixin/]: the_bumblezone-common.mixins.json:entities.ExperienceOrbMixin from mod the_bumblezone->@Inject::bumblezone$xpGoToClosestCrystalFlower(Lorg/spongepowered/asm/mixin/injection/callback/CallbackInfo;)V won't be passed a CallbackInfo as a result
[23Mai2026 12:22:56.724] [pool-18-thread-1/DEBUG] [mixin/]: Mixing entities.BeeEntityInvoker from the_bumblezone-common.mixins.json into net.minecraft.world.entity.animal.Bee
[23Mai2026 12:22:56.725] [pool-18-thread-1/DEBUG] [mixin/]: the_bumblezone-common.mixins.json:entities.BeeEntityInvoker from mod the_bumblezone: Class version 65 required is higher than the class version supported by the current version of Mixin (JAVA_17 supports class version 61)
[23Mai2026 12:22:56.725] [pool-18-thread-1/DEBUG] [mixin/]: Mixing entities.BeeEntityMixin from the_bumblezone-common.mixins.json into net.minecraft.world.entity.animal.Bee
[23Mai2026 12:22:56.725] [pool-18-thread-1/DEBUG] [mixin/]: the_bumblezone-common.mixins.json:entities.BeeEntityMixin from mod the_bumblezone: Class version 65 required is higher than the class version supported by the current version of Mixin (JAVA_17 supports class version 61)
[23Mai2026 12:22:56.729] [pool-18-thread-1/DEBUG] [mixin/]: the_bumblezone-common.mixins.json:entities.BeeEntityMixin from mod the_bumblezone->@Inject::bumblezone$followFlowerHeadwearerGoal(Lorg/spongepowered/asm/mixin/injection/callback/CallbackInfo;)V doesn't use it's CallbackInfo
[23Mai2026 12:22:56.729] [pool-18-thread-1/DEBUG] [mixin/]: the_bumblezone-common.mixins.json:entities.BeeEntityMixin from mod the_bumblezone->@Inject::bumblezone$followFlowerHeadwearerGoal(Lorg/spongepowered/asm/mixin/injection/callback/CallbackInfo;)V has 0 override(s) in child classes
[23Mai2026 12:22:56.729] [pool-18-thread-1/DEBUG] [mixin/]: the_bumblezone-common.mixins.json:entities.BeeEntityMixin from mod the_bumblezone->@Inject::bumblezone$followFlowerHeadwearerGoal(Lorg/spongepowered/asm/mixin/injection/callback/CallbackInfo;)V won't be passed a CallbackInfo as a result
[23Mai2026 12:22:56.729] [pool-18-thread-1/DEBUG] [mixin/]: the_bumblezone-common.mixins.json:entities.BeeEntityMixin from mod the_bumblezone->@Inject::bumblezone$honeyFluidNotDrown(Lorg/spongepowered/asm/mixin/injection/callback/CallbackInfo;)V doesn't use it's CallbackInfo
[23Mai2026 12:22:56.729] [pool-18-thread-1/DEBUG] [mixin/]: the_bumblezone-common.mixins.json:entities.BeeEntityMixin from mod the_bumblezone->@Inject::bumblezone$honeyFluidNotDrown(Lorg/spongepowered/asm/mixin/injection/callback/CallbackInfo;)V has 0 override(s) in child classes
[23Mai2026 12:22:56.729] [pool-18-thread-1/DEBUG] [mixin/]: the_bumblezone-common.mixins.json:entities.BeeEntityMixin from mod the_bumblezone->@Inject::bumblezone$honeyFluidNotDrown(Lorg/spongepowered/asm/mixin/injection/callback/CallbackInfo;)V won't be passed a CallbackInfo as a result
[23Mai2026 12:22:56.729] [pool-18-thread-1/DEBUG] [mixin/]: the_bumblezone-common.mixins.json:entities.BeeEntityMixin from mod the_bumblezone->@Inject::bumblezone$pollinateSpawnedBee(Lnet/minecraft/world/entity/EntityType;Lnet/minecraft/world/level/Level;Lorg/spongepowered/asm/mixin/injection/callback/CallbackInfo;)V doesn't use it's CallbackInfo
[23Mai2026 12:22:56.729] [pool-18-thread-1/DEBUG] [mixin/]: the_bumblezone-common.mixins.json:entities.BeeEntityMixin from mod the_bumblezone->@Inject::bumblezone$pollinateSpawnedBee(Lnet/minecraft/world/entity/EntityType;Lnet/minecraft/world/level/Level;Lorg/spongepowered/asm/mixin/injection/callback/CallbackInfo;)V has 0 override(s) in child classes
[23Mai2026 12:22:56.729] [pool-18-thread-1/DEBUG] [mixin/]: the_bumblezone-common.mixins.json:entities.BeeEntityMixin from mod the_bumblezone->@Inject::bumblezone$pollinateSpawnedBee(Lnet/minecraft/world/entity/EntityType;Lnet/minecraft/world/level/Level;Lorg/spongepowered/asm/mixin/injection/callback/CallbackInfo;)V won't be passed a CallbackInfo as a result
[23Mai2026 12:22:56.735] [pool-18-thread-1/DEBUG] [mixin/]: Mixing entities.BeeHiveGoalMixin from the_bumblezone-common.mixins.json into net.minecraft.world.entity.animal.Bee$BeeGoToHiveGoal
[23Mai2026 12:22:56.735] [pool-18-thread-1/DEBUG] [mixin/]: the_bumblezone-common.mixins.json:entities.BeeHiveGoalMixin from mod the_bumblezone: Class version 65 required is higher than the class version supported by the current version of Mixin (JAVA_17 supports class version 61)
[23Mai2026 12:22:56.737] [pool-18-thread-1/DEBUG] [mixin/]: Mixing entities.BeeGoToKnownFlowerGoalMixin from the_bumblezone-common.mixins.json into net.minecraft.world.entity.animal.Bee$BeeGoToKnownFlowerGoal
[23Mai2026 12:22:56.737] [pool-18-thread-1/DEBUG] [mixin/]: the_bumblezone-common.mixins.json:entities.BeeGoToKnownFlowerGoalMixin from mod the_bumblezone: Class version 65 required is higher than the class version supported by the current version of Mixin (JAVA_17 supports class version 61)
[23Mai2026 12:22:56.739] [pool-18-thread-1/DEBUG] [mixin/]: Mixing entities.BeePathfindingMixin from the_bumblezone-common.mixins.json into net.minecraft.world.entity.animal.Bee$BeeWanderGoal
[23Mai2026 12:22:56.739] [pool-18-thread-1/DEBUG] [mixin/]: the_bumblezone-common.mixins.json:entities.BeePathfindingMixin from mod the_bumblezone: Class version 65 required is higher than the class version supported by the current version of Mixin (JAVA_17 supports class version 61)
[23Mai2026 12:22:56.740] [pool-18-thread-1/DEBUG] [mixin/]: the_bumblezone-common.mixins.json:entities.BeePathfindingMixin from mod the_bumblezone->@Inject::bumblezone$newWander(Lorg/spongepowered/asm/mixin/injection/callback/CallbackInfo;)V does use it's CallbackInfo
[23Mai2026 12:22:56.756] [pool-18-thread-1/DEBUG] [mixin/]: Mixing entities.AbstractHorseMixin from the_bumblezone-common.mixins.json into net.minecraft.world.entity.animal.horse.AbstractHorse
[23Mai2026 12:22:56.756] [pool-18-thread-1/DEBUG] [mixin/]: the_bumblezone-common.mixins.json:entities.AbstractHorseMixin from mod the_bumblezone: Class version 65 required is higher than the class version supported by the current version of Mixin (JAVA_17 supports class version 61)
[23Mai2026 12:22:56.757] [pool-18-thread-1/DEBUG] [mixin/]: the_bumblezone-common.mixins.json:entities.AbstractHorseMixin from mod the_bumblezone->@Inject::bumblezone$syncHorseUUID2(Ljava/util/UUID;Lorg/spongepowered/asm/mixin/injection/callback/CallbackInfo;)V doesn't use it's CallbackInfo
[23Mai2026 12:22:56.757] [pool-18-thread-1/DEBUG] [mixin/]: the_bumblezone-common.mixins.json:entities.AbstractHorseMixin from mod the_bumblezone->@Inject::bumblezone$syncHorseUUID2(Ljava/util/UUID;Lorg/spongepowered/asm/mixin/injection/callback/CallbackInfo;)V has 0 override(s) in child classes
[23Mai2026 12:22:56.757] [pool-18-thread-1/DEBUG] [mixin/]: the_bumblezone-common.mixins.json:entities.AbstractHorseMixin from mod the_bumblezone->@Inject::bumblezone$syncHorseUUID2(Ljava/util/UUID;Lorg/spongepowered/asm/mixin/injection/callback/CallbackInfo;)V won't be passed a CallbackInfo as a result
[23Mai2026 12:22:56.813] [pool-18-thread-1/DEBUG] [mixin/]: Mixing entities.FoxAccessor from the_bumblezone-common.mixins.json into net.minecraft.world.entity.animal.Fox
[23Mai2026 12:22:56.813] [pool-18-thread-1/DEBUG] [mixin/]: the_bumblezone-common.mixins.json:entities.FoxAccessor from mod the_bumblezone: Class version 65 required is higher than the class version supported by the current version of Mixin (JAVA_17 supports class version 61)
[23Mai2026 12:22:56.824] [pool-18-thread-1/DEBUG] [mixin/]: Mixing entities.ItemFrameMixin from the_bumblezone-common.mixins.json into net.minecraft.world.entity.decoration.ItemFrame
[23Mai2026 12:22:56.825] [pool-18-thread-1/DEBUG] [mixin/]: the_bumblezone-common.mixins.json:entities.ItemFrameMixin from mod the_bumblezone: Class version 65 required is higher than the class version supported by the current version of Mixin (JAVA_17 supports class version 61)
[23Mai2026 12:22:56.825] [pool-18-thread-1/DEBUG] [mixin/]: the_bumblezone-common.mixins.json:entities.ItemFrameMixin from mod the_bumblezone->@Inject::thebumblezone_swapItemFrameBucket(Lnet/minecraft/world/item/ItemStack;ZLorg/spongepowered/asm/mixin/injection/callback/CallbackInfo;)V doesn't use it's CallbackInfo
[23Mai2026 12:22:56.825] [pool-18-thread-1/DEBUG] [mixin/]: the_bumblezone-common.mixins.json:entities.ItemFrameMixin from mod the_bumblezone->@Inject::thebumblezone_swapItemFrameBucket(Lnet/minecraft/world/item/ItemStack;ZLorg/spongepowered/asm/mixin/injection/callback/CallbackInfo;)V has 0 override(s) in child classes
[23Mai2026 12:22:56.825] [pool-18-thread-1/DEBUG] [mixin/]: the_bumblezone-common.mixins.json:entities.ItemFrameMixin from mod the_bumblezone->@Inject::thebumblezone_swapItemFrameBucket(Lnet/minecraft/world/item/ItemStack;ZLorg/spongepowered/asm/mixin/injection/callback/CallbackInfo;)V won't be passed a CallbackInfo as a result
[23Mai2026 12:22:56.843] [pool-18-thread-1/DEBUG] [mixin/]: Mixing entities.LightningBoltMixin from the_bumblezone-common.mixins.json into net.minecraft.world.entity.LightningBolt
[23Mai2026 12:22:56.844] [pool-18-thread-1/DEBUG] [mixin/]: the_bumblezone-common.mixins.json:entities.LightningBoltMixin from mod the_bumblezone: Class version 65 required is higher than the class version supported by the current version of Mixin (JAVA_17 supports class version 61)
[23Mai2026 12:22:56.845] [pool-18-thread-1/DEBUG] [mixin/]: the_bumblezone-common.mixins.json:entities.LightningBoltMixin from mod the_bumblezone->@Inject::bumblezone$lightningLightsSuperOrPotionCandles(ILorg/spongepowered/asm/mixin/injection/callback/CallbackInfo;)V doesn't use it's CallbackInfo
[23Mai2026 12:22:56.845] [pool-18-thread-1/DEBUG] [mixin/]: the_bumblezone-common.mixins.json:entities.LightningBoltMixin from mod the_bumblezone->@Inject::bumblezone$lightningLightsSuperOrPotionCandles(ILorg/spongepowered/asm/mixin/injection/callback/CallbackInfo;)V has 0 override(s) in child classes
[23Mai2026 12:22:56.845] [pool-18-thread-1/DEBUG] [mixin/]: the_bumblezone-common.mixins.json:entities.LightningBoltMixin from mod the_bumblezone->@Inject::bumblezone$lightningLightsSuperOrPotionCandles(ILorg/spongepowered/asm/mixin/injection/callback/CallbackInfo;)V won't be passed a CallbackInfo as a result
[23Mai2026 12:22:56.938] [pool-18-thread-1/DEBUG] [mixin/]: Mixing entities.FishingHookMixin from the_bumblezone-common.mixins.json into net.minecraft.world.entity.projectile.FishingHook
[23Mai2026 12:22:56.939] [pool-18-thread-1/DEBUG] [mixin/]: the_bumblezone-common.mixins.json:entities.FishingHookMixin from mod the_bumblezone: Class version 65 required is higher than the class version supported by the current version of Mixin (JAVA_17 supports class version 61)
[23Mai2026 12:22:57.506] [pool-18-thread-1/DEBUG] [mixin/]: Mixing containers.ShapedRecipePatternAccessor from the_bumblezone-common.mixins.json into net.minecraft.world.item.crafting.ShapedRecipePattern
[23Mai2026 12:22:57.506] [pool-18-thread-1/DEBUG] [mixin/]: the_bumblezone-common.mixins.json:containers.ShapedRecipePatternAccessor from mod the_bumblezone: Class version 65 required is higher than the class version supported by the current version of Mixin (JAVA_17 supports class version 61)
[23Mai2026 12:22:57.506] [pool-18-thread-1/DEBUG] [mixin/]: Renaming @Invoker method bumblezone$callShrink(Ljava/util/List;)[Ljava/lang/String; to bumblezone$callShrink$the_bumblezone_$md$378903$0 in the_bumblezone-common.mixins.json:containers.ShapedRecipePatternAccessor from mod the_bumblezone
[23Mai2026 12:22:57.571] [pool-18-thread-1/DEBUG] [mixin/]: Mixing loot.LootContextAccessor from the_bumblezone-common.mixins.json into net.minecraft.world.level.storage.loot.LootContext
[23Mai2026 12:22:57.571] [pool-18-thread-1/DEBUG] [mixin/]: the_bumblezone-common.mixins.json:loot.LootContextAccessor from mod the_bumblezone: Class version 65 required is higher than the class version supported by the current version of Mixin (JAVA_17 supports class version 61)
[23Mai2026 12:22:57.823] [pool-18-thread-1/DEBUG] [mixin/]: Mixing util.WeightedRandomListAccessor from the_bumblezone-common.mixins.json into net.minecraft.util.random.WeightedRandomList
[23Mai2026 12:22:57.824] [pool-18-thread-1/DEBUG] [mixin/]: the_bumblezone-common.mixins.json:util.WeightedRandomListAccessor from mod the_bumblezone: Class version 65 required is higher than the class version supported by the current version of Mixin (JAVA_17 supports class version 61)
[23Mai2026 12:22:57.972] [pool-18-thread-1/DEBUG] [mixin/]: Mixing world.StructurePoolAccessor from the_bumblezone-common.mixins.json into net.minecraft.world.level.levelgen.structure.pools.StructureTemplatePool
[23Mai2026 12:22:57.972] [pool-18-thread-1/DEBUG] [mixin/]: the_bumblezone-common.mixins.json:world.StructurePoolAccessor from mod the_bumblezone: Class version 65 required is higher than the class version supported by the current version of Mixin (JAVA_17 supports class version 61)
[23Mai2026 12:22:58.039] [pool-18-thread-1/DEBUG] [mixin/]: Mixing world.NoiseGeneratorSettingsAccessor from the_bumblezone-common.mixins.json into net.minecraft.world.level.levelgen.NoiseGeneratorSettings
[23Mai2026 12:22:58.039] [pool-18-thread-1/DEBUG] [mixin/]: the_bumblezone-common.mixins.json:world.NoiseGeneratorSettingsAccessor from mod the_bumblezone: Class version 65 required is higher than the class version supported by the current version of Mixin (JAVA_17 supports class version 61)
[23Mai2026 12:22:58.088] [pool-18-thread-1/DEBUG] [mixin/]: Mixing world.SinglePoolElementAccessor from the_bumblezone-common.mixins.json into net.minecraft.world.level.levelgen.structure.pools.SinglePoolElement
[23Mai2026 12:22:58.089] [pool-18-thread-1/DEBUG] [mixin/]: the_bumblezone-common.mixins.json:world.SinglePoolElementAccessor from mod the_bumblezone: Class version 65 required is higher than the class version supported by the current version of Mixin (JAVA_17 supports class version 61)
[23Mai2026 12:22:58.311] [main/DEBUG] [mixin/]: Mixing server.ServerChunkCacheAccessor from journeymap.mixins.json into net.minecraft.server.level.ServerChunkCache
[23Mai2026 12:22:58.312] [main/DEBUG] [mixin/]: journeymap.mixins.json:server.ServerChunkCacheAccessor from mod journeymap: Class version 65 required is higher than the class version supported by the current version of Mixin (JAVA_17 supports class version 61)
[23Mai2026 12:22:58.715] [main/WARN] [net.minecraft.commands.Commands/]: Ambiguity between arguments [teleport, location] and [teleport, destination] with inputs: [0.1 -0.5 .9, 0 0 0]
[23Mai2026 12:22:58.716] [main/WARN] [net.minecraft.commands.Commands/]: Ambiguity between arguments [teleport, location] and [teleport, targets] with inputs: [0.1 -0.5 .9, 0 0 0]
[23Mai2026 12:22:58.717] [main/WARN] [net.minecraft.commands.Commands/]: Ambiguity between arguments [teleport, destination] and [teleport, targets] with inputs: [Player, 0123, @e, dd12be42-52a9-4a91-a8a1-11c01849e498]
[23Mai2026 12:22:58.718] [main/WARN] [net.minecraft.commands.Commands/]: Ambiguity between arguments [teleport, targets] and [teleport, destination] with inputs: [Player, 0123, dd12be42-52a9-4a91-a8a1-11c01849e498]
[23Mai2026 12:22:58.719] [main/WARN] [net.minecraft.commands.Commands/]: Ambiguity between arguments [teleport, targets, location] and [teleport, targets, destination] with inputs: [0.1 -0.5 .9, 0 0 0]
[23Mai2026 12:22:58.735] [Render thread/DEBUG] [mixin/]: Mixing client.ScreenAccessor from journeymap.mixins.json into net.minecraft.client.gui.screens.Screen
[23Mai2026 12:22:58.736] [Render thread/DEBUG] [mixin/]: journeymap.mixins.json:client.ScreenAccessor from mod journeymap: Class version 65 required is higher than the class version supported by the current version of Mixin (JAVA_17 supports class version 61)
[23Mai2026 12:22:58.740] [Render thread/DEBUG] [mixin/]: Mixing client.ClientLevelMixin from the_bumblezone-common.mixins.json into net.minecraft.client.multiplayer.ClientLevel
[23Mai2026 12:22:58.740] [Render thread/DEBUG] [mixin/]: the_bumblezone-common.mixins.json:client.ClientLevelMixin from mod the_bumblezone: Class version 65 required is higher than the class version supported by the current version of Mixin (JAVA_17 supports class version 61)
[23Mai2026 12:22:58.741] [Render thread/DEBUG] [mixin/]: the_bumblezone-common.mixins.json:client.ClientLevelMixin from mod the_bumblezone->@Inject::bumblezone$showBumblezoneAirInSurvival(Lorg/spongepowered/asm/mixin/injection/callback/CallbackInfoReturnable;)V does use it's CallbackInfoReturnable
[23Mai2026 12:22:58.742] [Render thread/DEBUG] [mixin/]: the_bumblezone-common.mixins.json:client.ClientLevelMixin from mod the_bumblezone->@Inject::bumblezone$showBumblezoneAirInSurvival(Lorg/spongepowered/asm/mixin/injection/callback/CallbackInfoReturnable;)V does use it's CallbackInfoReturnable
[23Mai2026 12:22:58.746] [Render thread/DEBUG] [mixin/]: Mixing client.LocalPlayerMixin from journeymap.mixins.json into net.minecraft.client.player.LocalPlayer
[23Mai2026 12:22:58.746] [Render thread/DEBUG] [mixin/]: journeymap.mixins.json:client.LocalPlayerMixin from mod journeymap: Class version 65 required is higher than the class version supported by the current version of Mixin (JAVA_17 supports class version 61)
[23Mai2026 12:22:58.747] [Render thread/DEBUG] [mixin/]: journeymap.mixins.json:client.LocalPlayerMixin from mod journeymap->@Inject::journeymap_handleEntityEvent(BLorg/spongepowered/asm/mixin/injection/callback/CallbackInfo;)V doesn't use it's CallbackInfo
[23Mai2026 12:22:58.747] [Render thread/DEBUG] [mixin/]: journeymap.mixins.json:client.LocalPlayerMixin from mod journeymap->@Inject::journeymap_handleEntityEvent(BLorg/spongepowered/asm/mixin/injection/callback/CallbackInfo;)V has 0 override(s) in child classes
[23Mai2026 12:22:58.747] [Render thread/DEBUG] [mixin/]: journeymap.mixins.json:client.LocalPlayerMixin from mod journeymap->@Inject::journeymap_handleEntityEvent(BLorg/spongepowered/asm/mixin/injection/callback/CallbackInfo;)V won't be passed a CallbackInfo as a result
[23Mai2026 12:22:58.815] [Render thread/WARN] [net.minecraft.server.packs.VanillaPackResourcesBuilder/]: Assets URL 'union:/D:/%23%20Minecraft%20Modding/Spawner/SimpleGPS/build/moddev/artifacts/neoforge-21.1.224.jar%23196!/assets/.mcassetsroot' uses unexpected schema
[23Mai2026 12:22:58.815] [Render thread/WARN] [net.minecraft.server.packs.VanillaPackResourcesBuilder/]: Assets URL 'union:/D:/%23%20Minecraft%20Modding/Spawner/SimpleGPS/build/moddev/artifacts/neoforge-21.1.224.jar%23196!/data/.mcassetsroot' uses unexpected schema
[23Mai2026 12:22:58.836] [Render thread/INFO] [com.mojang.authlib.yggdrasil.YggdrasilAuthenticationService/]: Environment: Environment[sessionHost=https://sessionserver.mojang.com, servicesHost=https://api.minecraftservices.com, name=PROD]
[23Mai2026 12:22:58.842] [Render thread/INFO] [net.minecraft.client.Minecraft/]: Setting user: Dev
[23Mai2026 12:22:58.950] [Render thread/INFO] [net.minecraft.client.Minecraft/]: Backend library: LWJGL version 3.3.3+5
[23Mai2026 12:22:59.100] [Render thread/DEBUG] [net.neoforged.fml.ModWorkManager/LOADING]: Using 16 threads for parallel mod-loading
[23Mai2026 12:22:59.116] [Render thread/DEBUG] [net.neoforged.fml.javafmlmod.FMLModContainer/LOADING]: Creating FMLModContainer instance for [com.teamresourceful.resourcefullib.neoforge.ResourcefulLibNeoForge]
[23Mai2026 12:22:59.119] [Render thread/DEBUG] [net.neoforged.fml.javafmlmod.FMLModContainer/LOADING]: Creating FMLModContainer instance for [software.bernie.geckolib.GeckoLib]
[23Mai2026 12:22:59.120] [Render thread/DEBUG] [net.neoforged.fml.javafmlmod.FMLModContainer/LOADING]: Creating FMLModContainer instance for [quek.undergarden.Undergarden]
[23Mai2026 12:22:59.121] [Render thread/DEBUG] [net.neoforged.fml.javafmlmod.FMLModContainer/LOADING]: Creating FMLModContainer instance for [commonnetwork.CommonNetworkNeoForge]
[23Mai2026 12:22:59.124] [Render thread/DEBUG] [net.neoforged.fml.javafmlmod.FMLModContainer/LOADING]: Creating FMLModContainer instance for [com.telepathicgrunt.the_bumblezone.neoforge.BumblezoneNeoForge, com.telepathicgrunt.the_bumblezone.neoforge.BumblezoneNeoForgeClient]
[23Mai2026 12:22:59.125] [Render thread/DEBUG] [net.neoforged.fml.javafmlmod.FMLModContainer/LOADING]: Creating FMLModContainer instance for [de.mrdeadpool.simplegps.SimpleGPS]
[23Mai2026 12:22:59.126] [Render thread/DEBUG] [net.neoforged.fml.javafmlmod.FMLModContainer/LOADING]: Creating FMLModContainer instance for [twilightforest.TwilightForestMod]
[23Mai2026 12:22:59.130] [Render thread/DEBUG] [net.neoforged.fml.javafmlmod.FMLModContainer/LOADING]: Creating FMLModContainer instance for [reliquary.Reliquary]
[23Mai2026 12:22:59.131] [Render thread/DEBUG] [net.neoforged.fml.javafmlmod.FMLModContainer/LOADING]: Creating FMLModContainer instance for [journeymap.JourneyMapAPI]
[23Mai2026 12:22:59.131] [Render thread/DEBUG] [net.neoforged.fml.javafmlmod.FMLModContainer/LOADING]: Creating FMLModContainer instance for [earth.terrarium.athena.neoforge.AthenaNeoForge]
[23Mai2026 12:22:59.131] [Render thread/DEBUG] [net.neoforged.fml.javafmlmod.FMLModContainer/LOADING]: Creating FMLModContainer instance for [journeymap.common.JourneymapNeoForge]
[23Mai2026 12:22:59.133] [Render thread/DEBUG] [net.neoforged.fml.javafmlmod.FMLModContainer/LOADING]: Creating FMLModContainer instance for [net.neoforged.neoforge.common.NeoForgeMod, net.neoforged.neoforge.client.ClientNeoForgeMod]
[23Mai2026 12:22:59.137] [Render thread/DEBUG] [net.neoforged.fml.javafmlmod.FMLModContainer/LOADING]: Creating FMLModContainer instance for [net.mcreator.astraldimension.AstralDimensionMod]
[23Mai2026 12:22:59.152] [modloading-worker-0/DEBUG] [net.neoforged.fml.javafmlmod.AutomaticEventSubscriber/LOADING]: Attempting to inject @EventBusSubscriber classes into the eventbus for journeymap_api
[23Mai2026 12:22:59.183] [modloading-worker-0/DEBUG] [net.neoforged.fml.javafmlmod.AutomaticEventSubscriber/LOADING]: Attempting to inject @EventBusSubscriber classes into the eventbus for simplegps
[23Mai2026 12:22:59.183] [modloading-worker-0/DEBUG] [net.neoforged.fml.javafmlmod.AutomaticEventSubscriber/LOADING]: Scanning class de.mrdeadpool.simplegps.client.GPSClientCommands for @SubscribeEvent-annotated methods
[23Mai2026 12:22:59.183] [modloading-worker-0/DEBUG] [GeckoLib/]: Loaded software.bernie.geckolib.platform.GeckoLibNeoForge@2dcbcd8c for service interface software.bernie.geckolib.service.GeckoLibPlatform
[23Mai2026 12:22:59.183] [modloading-worker-0/DEBUG] [GeckoLib/]: Loaded software.bernie.geckolib.network.GeckoLibNetworkingNeoForge@4056d5b for service interface software.bernie.geckolib.service.GeckoLibNetworking
[23Mai2026 12:22:59.189] [modloading-worker-0/DEBUG] [net.neoforged.fml.javafmlmod.AutomaticEventSubscriber/LOADING]: Attempting to inject @EventBusSubscriber classes into the eventbus for resourcefullib
[23Mai2026 12:22:59.189] [modloading-worker-0/INFO] [twilightforest.beanification.BeanContext/]: Starting Bean Context
[23Mai2026 12:22:59.189] [modloading-worker-0/DEBUG] [twilightforest.beanification.BeanContext/]: Registering Bean class twilightforest.beanification.BeanContext 
[23Mai2026 12:22:59.190] [modloading-worker-0/DEBUG] [twilightforest.beanification.BeanContext/]: Registering Bean annotation processors
[23Mai2026 12:22:59.191] [modloading-worker-0/DEBUG] [net.neoforged.fml.javafmlmod.AutomaticEventSubscriber/]: Subscribing @EventBusSubscriber class Lde/mrdeadpool/simplegps/client/GPSClientCommands; to the game event bus
[23Mai2026 12:22:59.202] [modloading-worker-0/DEBUG] [net.neoforged.fml.javafmlmod.AutomaticEventSubscriber/LOADING]: Scanning class de.mrdeadpool.simplegps.client.GPSHudRenderer for @SubscribeEvent-annotated methods
[23Mai2026 12:22:59.208] [modloading-worker-0/DEBUG] [net.neoforged.fml.javafmlmod.AutomaticEventSubscriber/LOADING]: Attempting to inject @EventBusSubscriber classes into the eventbus for geckolib
[23Mai2026 12:22:59.209] [modloading-worker-0/DEBUG] [net.neoforged.fml.javafmlmod.AutomaticEventSubscriber/]: Subscribing @EventBusSubscriber class Lde/mrdeadpool/simplegps/client/GPSHudRenderer; to the game event bus
[23Mai2026 12:22:59.210] [modloading-worker-0/DEBUG] [net.neoforged.fml.javafmlmod.AutomaticEventSubscriber/LOADING]: Attempting to inject @EventBusSubscriber classes into the eventbus for athena
[23Mai2026 12:22:59.211] [modloading-worker-0/DEBUG] [net.neoforged.fml.javafmlmod.AutomaticEventSubscriber/LOADING]: Scanning class de.mrdeadpool.simplegps.client.GPSKeyBindings for @SubscribeEvent-annotated methods
[23Mai2026 12:22:59.214] [modloading-worker-0/DEBUG] [net.neoforged.fml.javafmlmod.AutomaticEventSubscriber/]: Subscribing @EventBusSubscriber class Lde/mrdeadpool/simplegps/client/GPSKeyBindings; to the mod event bus of mod simplegps
[23Mai2026 12:22:59.216] [modloading-worker-0/DEBUG] [net.neoforged.fml.javafmlmod.AutomaticEventSubscriber/LOADING]: Scanning class de.mrdeadpool.simplegps.client.GPSKeyHandler for @SubscribeEvent-annotated methods
[23Mai2026 12:22:59.218] [modloading-worker-0/DEBUG] [net.neoforged.fml.javafmlmod.AutomaticEventSubscriber/LOADING]: Attempting to inject @EventBusSubscriber classes into the eventbus for commonnetworking
[23Mai2026 12:22:59.218] [modloading-worker-0/DEBUG] [net.neoforged.fml.javafmlmod.AutomaticEventSubscriber/]: Subscribing @EventBusSubscriber class Lde/mrdeadpool/simplegps/client/GPSKeyHandler; to the game event bus
[23Mai2026 12:22:59.226] [modloading-worker-0/DEBUG] [net.neoforged.neoforge.internal.versions.neoforge.NeoForgeVersion/CORE]: Found NeoForge version 21.1.224
[23Mai2026 12:22:59.226] [modloading-worker-0/DEBUG] [twilightforest.beanification.BeanContext/]: Registered Bean processor: class twilightforest.beanification.processors.gather.ComponentAnnotationGatherBeanProcessor
[23Mai2026 12:22:59.226] [modloading-worker-0/DEBUG] [twilightforest.beanification.BeanContext/]: Registered Bean processor: class twilightforest.beanification.processors.validate.DependencyValidateBeanProcessor
[23Mai2026 12:22:59.226] [modloading-worker-0/DEBUG] [twilightforest.beanification.BeanContext/]: Registered Bean processor: class twilightforest.beanification.processors.inspect.ComponentAnnotationInspectBeanProcessor
[23Mai2026 12:22:59.226] [modloading-worker-0/DEBUG] [twilightforest.beanification.BeanContext/]: Registered Bean processor: class twilightforest.beanification.processors.construct.ConstructBeanProcessor
[23Mai2026 12:22:59.227] [modloading-worker-0/DEBUG] [twilightforest.beanification.BeanContext/]: Registered Bean processor: class twilightforest.beanification.processors.inject.DirectoryAnnotationInjectBeanProcessor
[23Mai2026 12:22:59.227] [modloading-worker-0/DEBUG] [twilightforest.beanification.BeanContext/]: Registered Bean processor: class twilightforest.beanification.processors.inject.AutowiredAnnotationInjectBeanProcessor
[23Mai2026 12:22:59.227] [modloading-worker-0/DEBUG] [twilightforest.beanification.BeanContext/]: Registered Bean processor: class twilightforest.beanification.processors.finalize.PostConstructAnnotationFinalizeBeanProcessor
[23Mai2026 12:22:59.227] [modloading-worker-0/DEBUG] [twilightforest.beanification.BeanContext/]: Registered Bean processor: class twilightforest.beanification.processors.gather.BeanAnnotationGatherBeanProcessor
[23Mai2026 12:22:59.227] [modloading-worker-0/DEBUG] [net.neoforged.neoforge.internal.versions.neoforge.NeoForgeVersion/CORE]: Found FML version 4.0.42
[23Mai2026 12:22:59.227] [modloading-worker-0/DEBUG] [twilightforest.beanification.BeanContext/]: Registered Bean processor: class twilightforest.beanification.processors.inspect.BeanAnnotationInspectBeanProcessor
[23Mai2026 12:22:59.227] [modloading-worker-0/INFO] [net.neoforged.neoforge.common.NeoForgeMod/NEOFORGE-MOD]: NeoForge mod loading, version 21.1.224, for MC 1.21.1
[23Mai2026 12:22:59.233] [modloading-worker-0/DEBUG] [twilightforest.beanification.BeanContext/]: Running processor class twilightforest.beanification.processors.gather.ComponentAnnotationGatherBeanProcessor
[23Mai2026 12:22:59.237] [modloading-worker-0/DEBUG] [mixin/]: Mixing LivingEntityRendererMixin from undergarden.mixins.json into net.minecraft.client.renderer.entity.LivingEntityRenderer
[23Mai2026 12:22:59.237] [modloading-worker-0/DEBUG] [mixin/]: undergarden.mixins.json:LivingEntityRendererMixin from mod undergarden: Class version 65 required is higher than the class version supported by the current version of Mixin (JAVA_17 supports class version 61)
[23Mai2026 12:22:59.238] [modloading-worker-0/DEBUG] [mixin/]: Mixing client.LivingEntityRendererMixin from journeymap.mixins.json into net.minecraft.client.renderer.entity.LivingEntityRenderer
[23Mai2026 12:22:59.238] [modloading-worker-0/DEBUG] [mixin/]: journeymap.mixins.json:client.LivingEntityRendererMixin from mod journeymap: Class version 65 required is higher than the class version supported by the current version of Mixin (JAVA_17 supports class version 61)
[23Mai2026 12:22:59.239] [modloading-worker-0/DEBUG] [mixin/]: Mixing client.LivingEntityRendererMixin from the_bumblezone-common.mixins.json into net.minecraft.client.renderer.entity.LivingEntityRenderer
[23Mai2026 12:22:59.239] [modloading-worker-0/DEBUG] [mixin/]: the_bumblezone-common.mixins.json:client.LivingEntityRendererMixin from mod the_bumblezone: Class version 65 required is higher than the class version supported by the current version of Mixin (JAVA_17 supports class version 61)
[23Mai2026 12:22:59.241] [modloading-worker-0/DEBUG] [mixin/]: undergarden.mixins.json:LivingEntityRendererMixin from mod undergarden->@Inject::undergarden$shakeWhileChilly(Lnet/minecraft/world/entity/LivingEntity;Lorg/spongepowered/asm/mixin/injection/callback/CallbackInfoReturnable;)V does use it's CallbackInfoReturnable
[23Mai2026 12:22:59.241] [modloading-worker-0/DEBUG] [mixin/]: journeymap.mixins.json:client.LivingEntityRendererMixin from mod journeymap->@Inject::journeymap_getRenderType(Lnet/minecraft/world/entity/LivingEntity;ZZZLorg/spongepowered/asm/mixin/injection/callback/CallbackInfoReturnable;Lnet/minecraft/resources/ResourceLocation;)V doesn't use it's CallbackInfoReturnable
[23Mai2026 12:22:59.241] [modloading-worker-0/DEBUG] [mixin/]: journeymap.mixins.json:client.LivingEntityRendererMixin from mod journeymap->@Inject::journeymap_getRenderType(Lnet/minecraft/world/entity/LivingEntity;ZZZLorg/spongepowered/asm/mixin/injection/callback/CallbackInfoReturnable;Lnet/minecraft/resources/ResourceLocation;)V has 0 override(s) in child classes
[23Mai2026 12:22:59.241] [modloading-worker-0/DEBUG] [mixin/]: journeymap.mixins.json:client.LivingEntityRendererMixin from mod journeymap->@Inject::journeymap_getRenderType(Lnet/minecraft/world/entity/LivingEntity;ZZZLorg/spongepowered/asm/mixin/injection/callback/CallbackInfoReturnable;Lnet/minecraft/resources/ResourceLocation;)V won't be passed a CallbackInfoReturnable as a result
[23Mai2026 12:22:59.263] [modloading-worker-0/DEBUG] [net.neoforged.fml.config.ConfigTracker/CONFIG]: Config file the_bumblezone/client.toml for the_bumblezone tracking
[23Mai2026 12:22:59.268] [modloading-worker-0/DEBUG] [net.neoforged.fml.config.ConfigTracker/CONFIG]: Config file neoforge-client.toml for neoforge tracking
[23Mai2026 12:22:59.269] [modloading-worker-0/DEBUG] [net.neoforged.fml.config.ConfigTracker/CONFIG]: Config file neoforge-server.toml for neoforge tracking
[23Mai2026 12:22:59.269] [modloading-worker-0/DEBUG] [net.neoforged.fml.config.ConfigTracker/CONFIG]: Config file neoforge-common.toml for neoforge tracking
[23Mai2026 12:22:59.270] [modloading-worker-0/DEBUG] [net.neoforged.fml.config.ConfigTracker/CONFIG]: Config file the_bumblezone/general.toml for the_bumblezone tracking
[23Mai2026 12:22:59.273] [modloading-worker-0/DEBUG] [net.neoforged.fml.config.ConfigTracker/CONFIG]: Config file the_bumblezone/worldgen.toml for the_bumblezone tracking
[23Mai2026 12:22:59.275] [modloading-worker-0/DEBUG] [net.neoforged.fml.config.ConfigTracker/CONFIG]: Config file the_bumblezone/dimension.toml for the_bumblezone tracking
[23Mai2026 12:22:59.277] [modloading-worker-0/DEBUG] [net.neoforged.fml.config.ConfigTracker/CONFIG]: Config file the_bumblezone/bee_aggression.toml for the_bumblezone tracking
[23Mai2026 12:22:59.282] [modloading-worker-0/DEBUG] [net.neoforged.fml.config.ConfigTracker/CONFIG]: Config file the_bumblezone/mod_compatibility.toml for the_bumblezone tracking
[23Mai2026 12:22:59.317] [modloading-worker-0/DEBUG] [twilightforest.beanification.BeanContext/]: Running processor class twilightforest.beanification.processors.gather.BeanAnnotationGatherBeanProcessor
[23Mai2026 12:22:59.335] [modloading-worker-0/DEBUG] [twilightforest.beanification.BeanContext/]: Running processor class twilightforest.beanification.processors.inspect.ComponentAnnotationInspectBeanProcessor
[23Mai2026 12:22:59.336] [modloading-worker-0/DEBUG] [twilightforest.beanification.BeanContext/]: Running processor class twilightforest.beanification.processors.inspect.BeanAnnotationInspectBeanProcessor
[23Mai2026 12:22:59.341] [modloading-worker-0/DEBUG] [twilightforest.beanification.BeanContext/]: Running processor class twilightforest.beanification.processors.validate.DependencyValidateBeanProcessor
[23Mai2026 12:22:59.344] [modloading-worker-0/DEBUG] [twilightforest.beanification.BeanContext/]: Running processor class twilightforest.beanification.processors.construct.ConstructBeanProcessor
[23Mai2026 12:22:59.346] [modloading-worker-0/DEBUG] [twilightforest.beanification.BeanContext/]: Registering Bean class twilightforest.command.CountLootCommand 
[23Mai2026 12:22:59.346] [modloading-worker-0/DEBUG] [twilightforest.beanification.BeanContext/]: Registering Bean class twilightforest.util.ArmorUtil 
[23Mai2026 12:22:59.348] [modloading-worker-0/DEBUG] [twilightforest.beanification.BeanContext/]: Registering Bean class twilightforest.world.components.structures.lichtowerrevamp.LichTowerUtil 
[23Mai2026 12:22:59.350] [modloading-worker-0/DEBUG] [twilightforest.beanification.BeanContext/]: Registering Bean class twilightforest.command.MapLocatorCommand 
[23Mai2026 12:22:59.350] [modloading-worker-0/DEBUG] [twilightforest.beanification.BeanContext/]: Registering Bean class twilightforest.util.HolderMatcher 
[23Mai2026 12:22:59.350] [modloading-worker-0/DEBUG] [twilightforest.beanification.BeanContext/]: Registering Bean class twilightforest.enums.extensions.TFRarityEnumExtension 
[23Mai2026 12:22:59.362] [modloading-worker-0/DEBUG] [twilightforest.beanification.BeanContext/]: Registering Bean class twilightforest.client.FoliageColorHandler 
[23Mai2026 12:22:59.362] [modloading-worker-0/DEBUG] [twilightforest.beanification.BeanContext/]: Registering Bean class twilightforest.world.components.structures.selectors.StrongholdStonesRandomBlockSelectorFactory 
[23Mai2026 12:22:59.362] [modloading-worker-0/DEBUG] [twilightforest.beanification.BeanContext/]: Registering Bean class twilightforest.command.GenerateBookCommand 
[23Mai2026 12:22:59.362] [modloading-worker-0/DEBUG] [twilightforest.beanification.BeanContext/]: Registering Bean class twilightforest.command.DisplayPiecesCommand 
[23Mai2026 12:22:59.362] [modloading-worker-0/DEBUG] [twilightforest.beanification.BeanContext/]: Registering Bean class twilightforest.command.CountTemplateCommand 
[23Mai2026 12:22:59.364] [modloading-worker-0/DEBUG] [twilightforest.beanification.BeanContext/]: Registering Bean class twilightforest.network.ModUpdateURLInterceptor 
[23Mai2026 12:22:59.365] [modloading-worker-0/DEBUG] [twilightforest.beanification.BeanContext/]: Registering Bean class twilightforest.command.MapBiomesCommand 
[23Mai2026 12:22:59.365] [modloading-worker-0/DEBUG] [twilightforest.beanification.BeanContext/]: Registering Bean class twilightforest.enums.extensions.TFGrassColorModifierEnumExtension 
[23Mai2026 12:22:59.371] [modloading-worker-0/INFO] [journeymap/]: Loaded null for service interface journeymap.api.services.WebMapService
[23Mai2026 12:22:59.373] [modloading-worker-0/INFO] [journeymap/]: Loaded journeymap.common.helpers.NeoForgeClientHooks@13409681 for service interface journeymap.api.services.ClientPlatformService
[23Mai2026 12:22:59.377] [modloading-worker-0/DEBUG] [twilightforest.beanification.BeanContext/]: Registering Bean class twilightforest.entity.passive.quest.ram.QuestingRamCurrentContext 
[23Mai2026 12:22:59.378] [modloading-worker-0/DEBUG] [twilightforest.beanification.BeanContext/]: Registering Bean class twilightforest.command.ShieldCommand 
[23Mai2026 12:22:59.378] [modloading-worker-0/DEBUG] [twilightforest.beanification.BeanContext/]: Registering Bean class twilightforest.command.ConquerCommand 
[23Mai2026 12:22:59.378] [modloading-worker-0/DEBUG] [twilightforest.beanification.BeanContext/]: Registering Bean class twilightforest.world.components.structures.selectors.KnightStonesRandomBlockSelectorFactory 
[23Mai2026 12:22:59.378] [modloading-worker-0/DEBUG] [twilightforest.beanification.BeanContext/]: Registering Bean class twilightforest.world.components.BiomeColorAlgorithms 
[23Mai2026 12:22:59.378] [modloading-worker-0/DEBUG] [twilightforest.beanification.BeanContext/]: Registering Bean class twilightforest.util.ModidPrefixUtil 
[23Mai2026 12:22:59.378] [modloading-worker-0/DEBUG] [twilightforest.beanification.BeanContext/]: Registering Bean class twilightforest.util.DisplayUtil 
[23Mai2026 12:22:59.378] [modloading-worker-0/DEBUG] [twilightforest.beanification.BeanContext/]: Registering Bean class twilightforest.command.SinisterSpawnerCommand 
[23Mai2026 12:22:59.378] [modloading-worker-0/DEBUG] [twilightforest.beanification.BeanContext/]: Registering Bean class twilightforest.world.components.structures.selectors.MazestoneRandomBlockSelectoryFactory 
[23Mai2026 12:22:59.379] [modloading-worker-0/INFO] [journeymap/]: Loaded journeymap.common.helpers.NeoForgeHooks@4ccb000d for service interface journeymap.api.services.CommonPlatformService
[23Mai2026 12:22:59.382] [modloading-worker-0/DEBUG] [twilightforest.beanification.BeanContext/]: Registering Bean class twilightforest.enums.extensions.TFBoatTypeEnumExtension 
[23Mai2026 12:22:59.382] [modloading-worker-0/DEBUG] [twilightforest.beanification.BeanContext/]: Registering Bean class twilightforest.data.helpers.AdvancementDataMultiRequirements 
[23Mai2026 12:22:59.382] [modloading-worker-0/DEBUG] [twilightforest.beanification.BeanContext/]: Registering Bean class twilightforest.command.InfoCommand 
[23Mai2026 12:22:59.382] [modloading-worker-0/DEBUG] [twilightforest.beanification.BeanContext/]: Registering Bean class twilightforest.command.CenterCommand 
[23Mai2026 12:22:59.389] [modloading-worker-0/DEBUG] [twilightforest.beanification.BeanContext/]: Registering Bean class twilightforest.enums.extensions.TFItemDisplayContextEnumExtension 
[23Mai2026 12:22:59.389] [modloading-worker-0/DEBUG] [twilightforest.beanification.BeanContext/]: Registering Bean class twilightforest.util.HolidayEvent 
[23Mai2026 12:22:59.389] [modloading-worker-0/DEBUG] [twilightforest.beanification.BeanContext/]: Registering Bean class twilightforest.world.components.structures.selectors.IceTowerRandomBlockSelectorFactory 
[23Mai2026 12:22:59.391] [modloading-worker-0/DEBUG] [net.neoforged.fml.javafmlmod.AutomaticEventSubscriber/LOADING]: Attempting to inject @EventBusSubscriber classes into the eventbus for neoforge
[23Mai2026 12:22:59.391] [modloading-worker-0/DEBUG] [net.neoforged.fml.javafmlmod.AutomaticEventSubscriber/LOADING]: Scanning class net.neoforged.neoforge.server.command.ConfigCommand for @SubscribeEvent-annotated methods
[23Mai2026 12:22:59.393] [modloading-worker-0/DEBUG] [net.neoforged.fml.javafmlmod.AutomaticEventSubscriber/]: Subscribing @EventBusSubscriber class Lnet/neoforged/neoforge/server/command/ConfigCommand; to the game event bus
[23Mai2026 12:22:59.394] [modloading-worker-0/DEBUG] [net.neoforged.fml.javafmlmod.AutomaticEventSubscriber/LOADING]: Scanning class net.neoforged.neoforge.network.filters.GenericPacketSplitter for @SubscribeEvent-annotated methods
[23Mai2026 12:22:59.398] [modloading-worker-0/DEBUG] [twilightforest.beanification.BeanContext/]: Registering Bean class twilightforest.advancements.DrinkFromFlaskTrigger$TriggerInstance$DrinkFromFlaskTriggerInstanceFactory 
[23Mai2026 12:22:59.398] [modloading-worker-0/DEBUG] [twilightforest.beanification.BeanContext/]: Registering Bean class twilightforest.util.DirectionUtil 
[23Mai2026 12:22:59.402] [modloading-worker-0/DEBUG] [net.neoforged.fml.config.ConfigTracker/CONFIG]: Config file journeymap-server.toml for journeymap tracking
[23Mai2026 12:22:59.403] [modloading-worker-0/DEBUG] [net.neoforged.fml.javafmlmod.AutomaticEventSubscriber/LOADING]: Attempting to inject @EventBusSubscriber classes into the eventbus for journeymap
[23Mai2026 12:22:59.403] [modloading-worker-0/DEBUG] [net.neoforged.fml.javafmlmod.AutomaticEventSubscriber/LOADING]: Scanning class journeymap.client.event.NeoForgeShaderRegistration for @SubscribeEvent-annotated methods
[23Mai2026 12:22:59.403] [modloading-worker-0/DEBUG] [twilightforest.beanification.BeanContext/]: Registering Bean class twilightforest.world.components.structures.lichtowerrevamp.LichTowerPieces 
[23Mai2026 12:22:59.403] [modloading-worker-0/DEBUG] [twilightforest.beanification.BeanContext/]: Registering Bean class twilightforest.world.components.structures.selectors.CastleRandomBlockSelectorFactory 
[23Mai2026 12:22:59.404] [modloading-worker-0/DEBUG] [twilightforest.beanification.BeanContext/]: Registering Bean class twilightforest.enums.extensions.TFDamageEffectsEnumExtension 
[23Mai2026 12:22:59.404] [modloading-worker-0/DEBUG] [twilightforest.beanification.BeanContext/]: Registering Bean class twilightforest.world.components.structures.selectors.TowerwoodRandomBlockSelectorFactory 
[23Mai2026 12:22:59.404] [modloading-worker-0/DEBUG] [twilightforest.beanification.BeanContext/]: Registering Bean class twilightforest.util.multiparts.MultipartEntityUtil 
[23Mai2026 12:22:59.404] [modloading-worker-0/DEBUG] [twilightforest.beanification.BeanContext/]: Registering Bean class twilightforest.command.TFCommand 
[23Mai2026 12:22:59.404] [modloading-worker-0/DEBUG] [twilightforest.beanification.BeanContext/]: Registering Bean class twilightforest.command.ClearDisplayCommand 
[23Mai2026 12:22:59.404] [modloading-worker-0/DEBUG] [twilightforest.beanification.BeanContext/]: Registering Bean class twilightforest.command.StructureDistanceCommand 
[23Mai2026 12:22:59.405] [modloading-worker-0/DEBUG] [twilightforest.beanification.BeanContext/]: Running processor class twilightforest.beanification.processors.inject.DirectoryAnnotationInjectBeanProcessor
[23Mai2026 12:22:59.406] [modloading-worker-0/DEBUG] [net.neoforged.fml.javafmlmod.AutomaticEventSubscriber/]: Subscribing @EventBusSubscriber class Ljourneymap/client/event/NeoForgeShaderRegistration; to the mod event bus of mod journeymap
[23Mai2026 12:22:59.408] [modloading-worker-0/DEBUG] [mixin/]: Mixing item.ItemExtensionMixin from the_bumblezone-neoforge.mixins.json into com.telepathicgrunt.the_bumblezone.platform.ItemExtension
[23Mai2026 12:22:59.417] [modloading-worker-0/DEBUG] [twilightforest.beanification.BeanContext/]: Running processor class twilightforest.beanification.processors.inject.AutowiredAnnotationInjectBeanProcessor
[23Mai2026 12:22:59.437] [modloading-worker-0/DEBUG] [mixin/]: Mixing effect.WrathOfTheHiveEffectMixin from the_bumblezone-neoforge.mixins.json into com.telepathicgrunt.the_bumblezone.effects.WrathOfTheHiveEffect
[23Mai2026 12:22:59.439] [modloading-worker-0/DEBUG] [mixin/]: Mixing client.BlockEntityWithoutLevelRendererMixin from geckolib.mixins.json into net.minecraft.client.renderer.BlockEntityWithoutLevelRenderer
[23Mai2026 12:22:59.439] [modloading-worker-0/DEBUG] [mixin/]: geckolib.mixins.json:client.BlockEntityWithoutLevelRendererMixin from mod geckolib: Class version 65 required is higher than the class version supported by the current version of Mixin (JAVA_17 supports class version 61)
[23Mai2026 12:22:59.443] [modloading-worker-0/DEBUG] [mixin/]: geckolib.mixins.json:client.BlockEntityWithoutLevelRendererMixin from mod geckolib->@Inject::geckolib$renderGeckolibItem(Lnet/minecraft/world/item/ItemStack;Lnet/minecraft/world/item/ItemDisplayContext;Lcom/mojang/blaze3d/vertex/PoseStack;Lnet/minecraft/client/renderer/MultiBufferSource;IILorg/spongepowered/asm/mixin/injection/callback/CallbackInfo;)V does use it's CallbackInfo
[23Mai2026 12:22:59.457] [modloading-worker-0/DEBUG] [mixin/]: Mixing client.AgeableListModelInvoker from journeymap.mixins.json into net.minecraft.client.model.AgeableListModel
[23Mai2026 12:22:59.458] [modloading-worker-0/DEBUG] [mixin/]: journeymap.mixins.json:client.AgeableListModelInvoker from mod journeymap: Class version 65 required is higher than the class version supported by the current version of Mixin (JAVA_17 supports class version 61)
[23Mai2026 12:22:59.469] [modloading-worker-0/DEBUG] [io.netty.buffer.AbstractByteBuf/]: -Dio.netty.buffer.checkAccessible: true
[23Mai2026 12:22:59.470] [modloading-worker-0/DEBUG] [io.netty.buffer.AbstractByteBuf/]: -Dio.netty.buffer.checkBounds: true
[23Mai2026 12:22:59.472] [modloading-worker-0/DEBUG] [io.netty.util.ResourceLeakDetectorFactory/]: Loaded default ResourceLeakDetector: io.netty.util.ResourceLeakDetector@39c7d58d
[23Mai2026 12:22:59.497] [modloading-worker-0/DEBUG] [net.neoforged.fml.config.ConfigTracker/CONFIG]: Config file undergarden-common.toml for undergarden tracking
[23Mai2026 12:22:59.497] [modloading-worker-0/DEBUG] [net.neoforged.fml.config.ConfigTracker/CONFIG]: Config file undergarden-client.toml for undergarden tracking
[23Mai2026 12:22:59.497] [modloading-worker-0/DEBUG] [net.neoforged.fml.javafmlmod.AutomaticEventSubscriber/LOADING]: Attempting to inject @EventBusSubscriber classes into the eventbus for undergarden
[23Mai2026 12:22:59.501] [modloading-worker-0/DEBUG] [io.netty.util.internal.InternalThreadLocalMap/]: -Dio.netty.threadLocalMap.stringBuilder.initialSize: 1024
[23Mai2026 12:22:59.501] [modloading-worker-0/DEBUG] [io.netty.util.internal.InternalThreadLocalMap/]: -Dio.netty.threadLocalMap.stringBuilder.maxSize: 4096
[23Mai2026 12:22:59.513] [modloading-worker-0/DEBUG] [io.netty.buffer.PooledByteBufAllocator/]: -Dio.netty.allocator.numHeapArenas: 32
[23Mai2026 12:22:59.513] [modloading-worker-0/DEBUG] [io.netty.buffer.PooledByteBufAllocator/]: -Dio.netty.allocator.numDirectArenas: 32
[23Mai2026 12:22:59.513] [modloading-worker-0/DEBUG] [io.netty.buffer.PooledByteBufAllocator/]: -Dio.netty.allocator.pageSize: 8192
[23Mai2026 12:22:59.514] [modloading-worker-0/DEBUG] [io.netty.buffer.PooledByteBufAllocator/]: -Dio.netty.allocator.maxOrder: 9
[23Mai2026 12:22:59.514] [modloading-worker-0/DEBUG] [io.netty.buffer.PooledByteBufAllocator/]: -Dio.netty.allocator.chunkSize: 4194304
[23Mai2026 12:22:59.514] [modloading-worker-0/DEBUG] [io.netty.buffer.PooledByteBufAllocator/]: -Dio.netty.allocator.smallCacheSize: 256
[23Mai2026 12:22:59.514] [modloading-worker-0/DEBUG] [io.netty.buffer.PooledByteBufAllocator/]: -Dio.netty.allocator.normalCacheSize: 64
[23Mai2026 12:22:59.514] [modloading-worker-0/DEBUG] [io.netty.buffer.PooledByteBufAllocator/]: -Dio.netty.allocator.maxCachedBufferCapacity: 32768
[23Mai2026 12:22:59.514] [modloading-worker-0/DEBUG] [io.netty.buffer.PooledByteBufAllocator/]: -Dio.netty.allocator.cacheTrimInterval: 8192
[23Mai2026 12:22:59.514] [modloading-worker-0/DEBUG] [io.netty.buffer.PooledByteBufAllocator/]: -Dio.netty.allocator.cacheTrimIntervalMillis: 0
[23Mai2026 12:22:59.514] [modloading-worker-0/DEBUG] [io.netty.buffer.PooledByteBufAllocator/]: -Dio.netty.allocator.useCacheForAllThreads: false
[23Mai2026 12:22:59.514] [modloading-worker-0/DEBUG] [io.netty.buffer.PooledByteBufAllocator/]: -Dio.netty.allocator.maxCachedByteBuffersPerChunk: 1023
[23Mai2026 12:22:59.534] [modloading-worker-0/DEBUG] [io.netty.buffer.ByteBufUtil/]: -Dio.netty.allocator.type: pooled
[23Mai2026 12:22:59.535] [modloading-worker-0/DEBUG] [io.netty.buffer.ByteBufUtil/]: -Dio.netty.threadLocalDirectBufferSize: 0
[23Mai2026 12:22:59.535] [modloading-worker-0/DEBUG] [io.netty.buffer.ByteBufUtil/]: -Dio.netty.maxThreadLocalCharBufferSize: 16384
[23Mai2026 12:22:59.540] [modloading-worker-0/DEBUG] [net.neoforged.fml.javafmlmod.AutomaticEventSubscriber/]: Subscribing @EventBusSubscriber class Lnet/neoforged/neoforge/network/filters/GenericPacketSplitter; to the mod event bus of mod neoforge
[23Mai2026 12:22:59.542] [modloading-worker-0/DEBUG] [net.neoforged.fml.javafmlmod.AutomaticEventSubscriber/LOADING]: Scanning class net.neoforged.neoforge.network.NetworkInitialization for @SubscribeEvent-annotated methods
[23Mai2026 12:22:59.542] [modloading-worker-0/DEBUG] [net.neoforged.fml.javafmlmod.AutomaticEventSubscriber/]: Subscribing @EventBusSubscriber class Lnet/neoforged/neoforge/network/NetworkInitialization; to the mod event bus of mod neoforge
[23Mai2026 12:22:59.543] [modloading-worker-0/DEBUG] [net.neoforged.fml.javafmlmod.AutomaticEventSubscriber/LOADING]: Scanning class net.neoforged.neoforge.network.ConfigurationInitialization for @SubscribeEvent-annotated methods
[23Mai2026 12:22:59.544] [modloading-worker-0/DEBUG] [mixin/]: Mixing client.BzArmorMixin from the_bumblezone-neoforge.mixins.json into com.telepathicgrunt.the_bumblezone.items.BzArmor
[23Mai2026 12:22:59.549] [modloading-worker-0/DEBUG] [mixin/]: Mixing item.BzArrowItemMixin from the_bumblezone-neoforge.mixins.json into com.telepathicgrunt.the_bumblezone.platform.BzArrowItem
[23Mai2026 12:22:59.552] [modloading-worker-0/DEBUG] [net.neoforged.fml.javafmlmod.AutomaticEventSubscriber/]: Subscribing @EventBusSubscriber class Lnet/neoforged/neoforge/network/ConfigurationInitialization; to the mod event bus of mod neoforge
[23Mai2026 12:22:59.553] [modloading-worker-0/DEBUG] [net.neoforged.fml.javafmlmod.AutomaticEventSubscriber/LOADING]: Scanning class net.neoforged.neoforge.common.MonsterRoomHooks for @SubscribeEvent-annotated methods
[23Mai2026 12:22:59.556] [modloading-worker-0/DEBUG] [net.neoforged.fml.javafmlmod.AutomaticEventSubscriber/]: Subscribing @EventBusSubscriber class Lnet/neoforged/neoforge/common/MonsterRoomHooks; to the game event bus
[23Mai2026 12:22:59.556] [modloading-worker-0/DEBUG] [net.neoforged.fml.javafmlmod.AutomaticEventSubscriber/LOADING]: Scanning class net.neoforged.neoforge.common.DeferredSpawnEggItem$CommonHandler for @SubscribeEvent-annotated methods
[23Mai2026 12:22:59.557] [modloading-worker-0/DEBUG] [net.neoforged.fml.javafmlmod.AutomaticEventSubscriber/]: Subscribing @EventBusSubscriber class Lnet/neoforged/neoforge/common/DeferredSpawnEggItem$CommonHandler; to the mod event bus of mod neoforge
[23Mai2026 12:22:59.558] [modloading-worker-0/DEBUG] [net.neoforged.fml.javafmlmod.AutomaticEventSubscriber/LOADING]: Scanning class net.neoforged.neoforge.common.DeferredSpawnEggItem$ColorRegisterHandler for @SubscribeEvent-annotated methods
[23Mai2026 12:22:59.559] [modloading-worker-0/DEBUG] [net.neoforged.fml.javafmlmod.AutomaticEventSubscriber/]: Subscribing @EventBusSubscriber class Lnet/neoforged/neoforge/common/DeferredSpawnEggItem$ColorRegisterHandler; to the mod event bus of mod neoforge
[23Mai2026 12:22:59.560] [modloading-worker-0/DEBUG] [net.neoforged.fml.javafmlmod.AutomaticEventSubscriber/LOADING]: Scanning class net.neoforged.neoforge.client.model.data.ModelDataManager for @SubscribeEvent-annotated methods
[23Mai2026 12:22:59.564] [modloading-worker-0/DEBUG] [net.neoforged.fml.javafmlmod.AutomaticEventSubscriber/]: Subscribing @EventBusSubscriber class Lnet/neoforged/neoforge/client/model/data/ModelDataManager; to the game event bus
[23Mai2026 12:22:59.565] [modloading-worker-0/DEBUG] [net.neoforged.fml.javafmlmod.AutomaticEventSubscriber/LOADING]: Scanning class net.neoforged.neoforge.client.ParticleBoundsDebugRenderer for @SubscribeEvent-annotated methods
[23Mai2026 12:22:59.571] [modloading-worker-0/DEBUG] [net.neoforged.fml.javafmlmod.AutomaticEventSubscriber/]: Subscribing @EventBusSubscriber class Lnet/neoforged/neoforge/client/ParticleBoundsDebugRenderer; to the game event bus
[23Mai2026 12:22:59.572] [modloading-worker-0/DEBUG] [net.neoforged.fml.javafmlmod.AutomaticEventSubscriber/LOADING]: Scanning class net.neoforged.neoforge.client.ClientHooks$ClientEvents for @SubscribeEvent-annotated methods
[23Mai2026 12:22:59.575] [modloading-worker-0/DEBUG] [net.neoforged.fml.javafmlmod.AutomaticEventSubscriber/]: Subscribing @EventBusSubscriber class Lnet/neoforged/neoforge/client/ClientHooks$ClientEvents; to the mod event bus of mod neoforge
[23Mai2026 12:22:59.576] [modloading-worker-0/DEBUG] [net.neoforged.fml.javafmlmod.AutomaticEventSubscriber/LOADING]: Scanning class net.neoforged.neoforge.client.BlockEntityRenderBoundsDebugRenderer for @SubscribeEvent-annotated methods
[23Mai2026 12:22:59.577] [modloading-worker-0/DEBUG] [net.neoforged.fml.javafmlmod.AutomaticEventSubscriber/]: Subscribing @EventBusSubscriber class Lnet/neoforged/neoforge/client/BlockEntityRenderBoundsDebugRenderer; to the game event bus
[23Mai2026 12:22:59.578] [modloading-worker-0/DEBUG] [net.neoforged.fml.javafmlmod.AutomaticEventSubscriber/LOADING]: Scanning class net.neoforged.neoforge.attachment.AttachmentSync for @SubscribeEvent-annotated methods
[23Mai2026 12:22:59.585] [modloading-worker-0/DEBUG] [net.neoforged.fml.javafmlmod.AutomaticEventSubscriber/]: Subscribing @EventBusSubscriber class Lnet/neoforged/neoforge/attachment/AttachmentSync; to the game event bus
[23Mai2026 12:22:59.585] [modloading-worker-0/DEBUG] [net.neoforged.fml.javafmlmod.AutomaticEventSubscriber/LOADING]: Scanning class net.neoforged.neoforge.attachment.AttachmentInternals for @SubscribeEvent-annotated methods
[23Mai2026 12:22:59.587] [modloading-worker-0/DEBUG] [net.neoforged.fml.javafmlmod.AutomaticEventSubscriber/]: Subscribing @EventBusSubscriber class Lnet/neoforged/neoforge/attachment/AttachmentInternals; to the game event bus
[23Mai2026 12:22:59.609] [modloading-worker-0/DEBUG] [twilightforest.beanification.BeanContext/]: Running processor class twilightforest.beanification.processors.finalize.PostConstructAnnotationFinalizeBeanProcessor
[23Mai2026 12:22:59.612] [modloading-worker-0/INFO] [twilightforest.beanification.BeanContext/]: Bean Context loaded in 423 ms
[23Mai2026 12:22:59.628] [modloading-worker-0/DEBUG] [net.neoforged.fml.config.ConfigTracker/CONFIG]: Config file twilightforest-common.toml for twilightforest tracking
[23Mai2026 12:22:59.632] [modloading-worker-0/DEBUG] [net.neoforged.fml.config.ConfigTracker/CONFIG]: Config file twilightforest-client.toml for twilightforest tracking
[23Mai2026 12:22:59.637] [modloading-worker-0/DEBUG] [mixin/]: Mixing block.BlockExtensionMixin from the_bumblezone-neoforge.mixins.json into com.telepathicgrunt.the_bumblezone.platform.BlockExtension
[23Mai2026 12:22:59.637] [modloading-worker-0/DEBUG] [mixin/]: Renaming synthetic method lambda$shouldDisplayFluidOverlay$1(Lnet/minecraft/world/level/block/state/BlockState;Lnet/minecraft/world/level/BlockAndTintGetter;Lnet/minecraft/core/BlockPos;Lnet/minecraft/world/level/material/FluidState;)Z to md378903$the_bumblezone$lambda$shouldDisplayFluidOverlay$1$0 in the_bumblezone-neoforge.mixins.json:block.BlockExtensionMixin from mod the_bumblezone
[23Mai2026 12:22:59.638] [modloading-worker-0/DEBUG] [mixin/]: Renaming synthetic method lambda$canStickTo$0(Lnet/minecraft/world/level/block/state/BlockState;Lnet/minecraft/world/level/block/state/BlockState;)Z to md378903$the_bumblezone$lambda$canStickTo$0$1 in the_bumblezone-neoforge.mixins.json:block.BlockExtensionMixin from mod the_bumblezone
[23Mai2026 12:22:59.651] [modloading-worker-0/DEBUG] [net.neoforged.fml.config.ConfigTracker/CONFIG]: Config file reliquary-client.toml for reliquary tracking
[23Mai2026 12:22:59.652] [modloading-worker-0/DEBUG] [net.neoforged.fml.config.ConfigTracker/CONFIG]: Config file reliquary-common.toml for reliquary tracking
[23Mai2026 12:22:59.661] [modloading-worker-0/DEBUG] [net.neoforged.fml.javafmlmod.AutomaticEventSubscriber/LOADING]: Attempting to inject @EventBusSubscriber classes into the eventbus for reliquary
[23Mai2026 12:22:59.669] [modloading-worker-0/DEBUG] [mixin/]: Mixing block.SuperCandleMixin from the_bumblezone-neoforge.mixins.json into com.telepathicgrunt.the_bumblezone.blocks.SuperCandleBase
[23Mai2026 12:22:59.677] [modloading-worker-0/DEBUG] [mixin/]: Mixing block.SuperCandleMixin from the_bumblezone-neoforge.mixins.json into com.telepathicgrunt.the_bumblezone.blocks.PotionCandleBase
[23Mai2026 12:22:59.709] [modloading-worker-0/DEBUG] [mixin/]: Mixing ResourcefulFlowingFluidMixin from resourcefullib.mixins.json into com.teamresourceful.resourcefullib.common.fluid.ResourcefulFlowingFluid
[23Mai2026 12:22:59.709] [modloading-worker-0/DEBUG] [mixin/]: resourcefullib.mixins.json:ResourcefulFlowingFluidMixin from mod resourcefullib: Class version 65 required is higher than the class version supported by the current version of Mixin (JAVA_17 supports class version 61)
[23Mai2026 12:22:59.827] [modloading-worker-0/DEBUG] [mixin/]: Mixing client.RenderStateShardAccessor from the_bumblezone-common.mixins.json into net.minecraft.client.renderer.RenderStateShard
[23Mai2026 12:22:59.827] [modloading-worker-0/DEBUG] [mixin/]: the_bumblezone-common.mixins.json:client.RenderStateShardAccessor from mod the_bumblezone: Class version 65 required is higher than the class version supported by the current version of Mixin (JAVA_17 supports class version 61)
[23Mai2026 12:22:59.829] [modloading-worker-0/DEBUG] [mixin/]: Mixing client.TextureStateShardAccessor from the_bumblezone-common.mixins.json into net.minecraft.client.renderer.RenderStateShard$TextureStateShard
[23Mai2026 12:22:59.829] [modloading-worker-0/DEBUG] [mixin/]: the_bumblezone-common.mixins.json:client.TextureStateShardAccessor from mod the_bumblezone: Class version 65 required is higher than the class version supported by the current version of Mixin (JAVA_17 supports class version 61)
[23Mai2026 12:22:59.908] [modloading-worker-0/DEBUG] [net.neoforged.fml.javafmlmod.AutomaticEventSubscriber/LOADING]: Attempting to inject @EventBusSubscriber classes into the eventbus for the_bumblezone
[23Mai2026 12:22:59.908] [modloading-worker-0/DEBUG] [net.neoforged.fml.javafmlmod.AutomaticEventSubscriber/LOADING]: Scanning class com.telepathicgrunt.the_bumblezone.datagen.StructureNbtUpdaterDatagen for @SubscribeEvent-annotated methods
[23Mai2026 12:22:59.908] [modloading-worker-0/DEBUG] [net.neoforged.fml.javafmlmod.AutomaticEventSubscriber/]: Subscribing @EventBusSubscriber class Lcom/telepathicgrunt/the_bumblezone/datagen/StructureNbtUpdaterDatagen; to the mod event bus of mod the_bumblezone
[23Mai2026 12:23:00.195] [modloading-worker-0/DEBUG] [net.neoforged.fml.javafmlmod.AutomaticEventSubscriber/LOADING]: Attempting to inject @EventBusSubscriber classes into the eventbus for twilightforest
[23Mai2026 12:23:00.195] [modloading-worker-0/DEBUG] [net.neoforged.fml.javafmlmod.AutomaticEventSubscriber/LOADING]: Scanning class twilightforest.init.TFEntities for @SubscribeEvent-annotated methods
[23Mai2026 12:23:00.195] [modloading-worker-0/DEBUG] [net.neoforged.fml.javafmlmod.AutomaticEventSubscriber/]: Subscribing @EventBusSubscriber class Ltwilightforest/init/TFEntities; to the mod event bus of mod twilightforest
[23Mai2026 12:23:00.196] [modloading-worker-0/DEBUG] [net.neoforged.fml.javafmlmod.AutomaticEventSubscriber/LOADING]: Scanning class twilightforest.events.EntityEvents for @SubscribeEvent-annotated methods
[23Mai2026 12:23:00.197] [modloading-worker-0/DEBUG] [net.neoforged.fml.javafmlmod.AutomaticEventSubscriber/]: Subscribing @EventBusSubscriber class Ltwilightforest/events/EntityEvents; to the game event bus
[23Mai2026 12:23:00.202] [modloading-worker-0/DEBUG] [net.neoforged.fml.javafmlmod.AutomaticEventSubscriber/LOADING]: Scanning class twilightforest.events.CapabilityEvents for @SubscribeEvent-annotated methods
[23Mai2026 12:23:00.203] [modloading-worker-0/DEBUG] [net.neoforged.fml.javafmlmod.AutomaticEventSubscriber/]: Subscribing @EventBusSubscriber class Ltwilightforest/events/CapabilityEvents; to the game event bus
[23Mai2026 12:23:00.204] [modloading-worker-0/DEBUG] [net.neoforged.fml.javafmlmod.AutomaticEventSubscriber/LOADING]: Scanning class twilightforest.events.ToolEvents for @SubscribeEvent-annotated methods
[23Mai2026 12:23:00.204] [modloading-worker-0/DEBUG] [net.neoforged.fml.javafmlmod.AutomaticEventSubscriber/]: Subscribing @EventBusSubscriber class Ltwilightforest/events/ToolEvents; to the game event bus
[23Mai2026 12:23:00.205] [modloading-worker-0/DEBUG] [net.neoforged.fml.javafmlmod.AutomaticEventSubscriber/LOADING]: Scanning class twilightforest.events.TFTickHandler for @SubscribeEvent-annotated methods
[23Mai2026 12:23:00.206] [modloading-worker-0/DEBUG] [net.neoforged.fml.javafmlmod.AutomaticEventSubscriber/]: Subscribing @EventBusSubscriber class Ltwilightforest/events/TFTickHandler; to the game event bus
[23Mai2026 12:23:00.206] [modloading-worker-0/DEBUG] [net.neoforged.fml.javafmlmod.AutomaticEventSubscriber/LOADING]: Scanning class twilightforest.events.MiscEvents for @SubscribeEvent-annotated methods
[23Mai2026 12:23:00.207] [modloading-worker-0/DEBUG] [net.neoforged.fml.javafmlmod.AutomaticEventSubscriber/]: Subscribing @EventBusSubscriber class Ltwilightforest/events/MiscEvents; to the game event bus
[23Mai2026 12:23:00.207] [modloading-worker-0/DEBUG] [net.neoforged.fml.javafmlmod.AutomaticEventSubscriber/LOADING]: Scanning class twilightforest.events.ProgressionEvents for @SubscribeEvent-annotated methods
[23Mai2026 12:23:00.208] [modloading-worker-0/DEBUG] [net.neoforged.fml.javafmlmod.AutomaticEventSubscriber/]: Subscribing @EventBusSubscriber class Ltwilightforest/events/ProgressionEvents; to the game event bus
[23Mai2026 12:23:00.209] [modloading-worker-0/DEBUG] [net.neoforged.fml.javafmlmod.AutomaticEventSubscriber/LOADING]: Scanning class twilightforest.events.HostileMountEvents for @SubscribeEvent-annotated methods
[23Mai2026 12:23:00.209] [modloading-worker-0/DEBUG] [net.neoforged.fml.javafmlmod.AutomaticEventSubscriber/]: Subscribing @EventBusSubscriber class Ltwilightforest/events/HostileMountEvents; to the game event bus
[23Mai2026 12:23:00.210] [modloading-worker-0/DEBUG] [net.neoforged.fml.javafmlmod.AutomaticEventSubscriber/LOADING]: Scanning class twilightforest.events.CharmEvents for @SubscribeEvent-annotated methods
[23Mai2026 12:23:00.212] [modloading-worker-0/DEBUG] [net.neoforged.fml.javafmlmod.AutomaticEventSubscriber/]: Subscribing @EventBusSubscriber class Ltwilightforest/events/CharmEvents; to the game event bus
[23Mai2026 12:23:00.212] [modloading-worker-0/DEBUG] [net.neoforged.fml.javafmlmod.AutomaticEventSubscriber/LOADING]: Scanning class twilightforest.item.OreMagnetItem for @SubscribeEvent-annotated methods
[23Mai2026 12:23:00.215] [modloading-worker-0/DEBUG] [net.neoforged.fml.javafmlmod.AutomaticEventSubscriber/]: Subscribing @EventBusSubscriber class Ltwilightforest/item/OreMagnetItem; to the game event bus
[23Mai2026 12:23:00.217] [modloading-worker-0/DEBUG] [net.neoforged.fml.javafmlmod.AutomaticEventSubscriber/LOADING]: Scanning class twilightforest.loot.modifiers.GiantToolGroupingModifier for @SubscribeEvent-annotated methods
[23Mai2026 12:23:00.219] [modloading-worker-0/DEBUG] [net.neoforged.fml.javafmlmod.AutomaticEventSubscriber/]: Subscribing @EventBusSubscriber class Ltwilightforest/loot/modifiers/GiantToolGroupingModifier; to the game event bus
[23Mai2026 12:23:00.219] [modloading-worker-0/DEBUG] [net.neoforged.fml.javafmlmod.AutomaticEventSubscriber/LOADING]: Scanning class twilightforest.data.DataGenerators for @SubscribeEvent-annotated methods
[23Mai2026 12:23:00.220] [modloading-worker-0/DEBUG] [net.neoforged.fml.javafmlmod.AutomaticEventSubscriber/]: Subscribing @EventBusSubscriber class Ltwilightforest/data/DataGenerators; to the mod event bus of mod twilightforest
[23Mai2026 12:23:00.384] [modloading-worker-0/DEBUG] [net.neoforged.fml.javafmlmod.AutomaticEventSubscriber/LOADING]: Attempting to inject @EventBusSubscriber classes into the eventbus for astral_dimension
[23Mai2026 12:23:00.385] [modloading-worker-0/DEBUG] [net.neoforged.fml.javafmlmod.AutomaticEventSubscriber/LOADING]: Scanning class net.mcreator.astraldimension.world.teleporter.SetbackTeleporter for @SubscribeEvent-annotated methods
[23Mai2026 12:23:00.385] [modloading-worker-0/DEBUG] [net.neoforged.fml.javafmlmod.AutomaticEventSubscriber/]: Subscribing @EventBusSubscriber class Lnet/mcreator/astraldimension/world/teleporter/SetbackTeleporter; to the mod event bus of mod astral_dimension
[23Mai2026 12:23:00.386] [modloading-worker-0/DEBUG] [net.neoforged.fml.javafmlmod.AutomaticEventSubscriber/LOADING]: Scanning class net.mcreator.astraldimension.world.teleporter.AstralDimensionTeleporter for @SubscribeEvent-annotated methods
[23Mai2026 12:23:00.386] [modloading-worker-0/DEBUG] [net.neoforged.fml.javafmlmod.AutomaticEventSubscriber/]: Subscribing @EventBusSubscriber class Lnet/mcreator/astraldimension/world/teleporter/AstralDimensionTeleporter; to the mod event bus of mod astral_dimension
[23Mai2026 12:23:00.386] [modloading-worker-0/DEBUG] [net.neoforged.fml.javafmlmod.AutomaticEventSubscriber/LOADING]: Scanning class net.mcreator.astraldimension.world.features.treedecorators.FadedElectricSwampTrunkDecorator for @SubscribeEvent-annotated methods
[23Mai2026 12:23:00.387] [modloading-worker-0/DEBUG] [net.neoforged.fml.javafmlmod.AutomaticEventSubscriber/]: Subscribing @EventBusSubscriber class Lnet/mcreator/astraldimension/world/features/treedecorators/FadedElectricSwampTrunkDecorator; to the mod event bus of mod astral_dimension
[23Mai2026 12:23:00.387] [modloading-worker-0/DEBUG] [net.neoforged.fml.javafmlmod.AutomaticEventSubscriber/LOADING]: Scanning class net.mcreator.astraldimension.world.features.treedecorators.FadedElectricSwampLeaveDecorator for @SubscribeEvent-annotated methods
[23Mai2026 12:23:00.388] [modloading-worker-0/DEBUG] [net.neoforged.fml.javafmlmod.AutomaticEventSubscriber/]: Subscribing @EventBusSubscriber class Lnet/mcreator/astraldimension/world/features/treedecorators/FadedElectricSwampLeaveDecorator; to the mod event bus of mod astral_dimension
[23Mai2026 12:23:00.388] [modloading-worker-0/DEBUG] [net.neoforged.fml.javafmlmod.AutomaticEventSubscriber/LOADING]: Scanning class net.mcreator.astraldimension.world.features.treedecorators.ElectricSwampTrunkDecorator for @SubscribeEvent-annotated methods
[23Mai2026 12:23:00.388] [modloading-worker-0/DEBUG] [net.neoforged.fml.javafmlmod.AutomaticEventSubscriber/]: Subscribing @EventBusSubscriber class Lnet/mcreator/astraldimension/world/features/treedecorators/ElectricSwampTrunkDecorator; to the mod event bus of mod astral_dimension
[23Mai2026 12:23:00.388] [modloading-worker-0/DEBUG] [net.neoforged.fml.javafmlmod.AutomaticEventSubscriber/LOADING]: Scanning class net.mcreator.astraldimension.world.features.treedecorators.ElectricSwampLeaveDecorator for @SubscribeEvent-annotated methods
[23Mai2026 12:23:00.389] [modloading-worker-0/DEBUG] [net.neoforged.fml.javafmlmod.AutomaticEventSubscriber/]: Subscribing @EventBusSubscriber class Lnet/mcreator/astraldimension/world/features/treedecorators/ElectricSwampLeaveDecorator; to the mod event bus of mod astral_dimension
[23Mai2026 12:23:00.389] [modloading-worker-0/DEBUG] [net.neoforged.fml.javafmlmod.AutomaticEventSubscriber/LOADING]: Scanning class net.mcreator.astraldimension.world.dimension.SetbackDimension for @SubscribeEvent-annotated methods
[23Mai2026 12:23:00.389] [modloading-worker-0/DEBUG] [net.neoforged.fml.javafmlmod.AutomaticEventSubscriber/]: Subscribing @EventBusSubscriber class Lnet/mcreator/astraldimension/world/dimension/SetbackDimension; to the game event bus
[23Mai2026 12:23:00.389] [modloading-worker-0/DEBUG] [net.neoforged.fml.javafmlmod.AutomaticEventSubscriber/LOADING]: Scanning class net.mcreator.astraldimension.world.dimension.SetbackDimension$SetbackSpecialEffectsHandler for @SubscribeEvent-annotated methods
[23Mai2026 12:23:00.390] [modloading-worker-0/DEBUG] [net.neoforged.fml.javafmlmod.AutomaticEventSubscriber/]: Subscribing @EventBusSubscriber class Lnet/mcreator/astraldimension/world/dimension/SetbackDimension$SetbackSpecialEffectsHandler; to the mod event bus of mod astral_dimension
[23Mai2026 12:23:00.390] [modloading-worker-0/DEBUG] [net.neoforged.fml.javafmlmod.AutomaticEventSubscriber/LOADING]: Scanning class net.mcreator.astraldimension.world.dimension.AstralDimensionDimension for @SubscribeEvent-annotated methods
[23Mai2026 12:23:00.390] [modloading-worker-0/DEBUG] [net.neoforged.fml.javafmlmod.AutomaticEventSubscriber/]: Subscribing @EventBusSubscriber class Lnet/mcreator/astraldimension/world/dimension/AstralDimensionDimension; to the game event bus
[23Mai2026 12:23:00.390] [modloading-worker-0/DEBUG] [net.neoforged.fml.javafmlmod.AutomaticEventSubscriber/LOADING]: Scanning class net.mcreator.astraldimension.world.dimension.AstralDimensionDimension$AstralDimensionSpecialEffectsHandler for @SubscribeEvent-annotated methods
[23Mai2026 12:23:00.390] [modloading-worker-0/DEBUG] [net.neoforged.fml.javafmlmod.AutomaticEventSubscriber/]: Subscribing @EventBusSubscriber class Lnet/mcreator/astraldimension/world/dimension/AstralDimensionDimension$AstralDimensionSpecialEffectsHandler; to the mod event bus of mod astral_dimension
[23Mai2026 12:23:00.391] [modloading-worker-0/DEBUG] [net.neoforged.fml.javafmlmod.AutomaticEventSubscriber/LOADING]: Scanning class net.mcreator.astraldimension.recipe.brewing.ThornsPotionRecipeBrewingRecipe for @SubscribeEvent-annotated methods
[23Mai2026 12:23:00.391] [modloading-worker-0/DEBUG] [net.neoforged.fml.javafmlmod.AutomaticEventSubscriber/]: Subscribing @EventBusSubscriber class Lnet/mcreator/astraldimension/recipe/brewing/ThornsPotionRecipeBrewingRecipe; to the game event bus
[23Mai2026 12:23:00.391] [modloading-worker-0/DEBUG] [net.neoforged.fml.javafmlmod.AutomaticEventSubscriber/LOADING]: Scanning class net.mcreator.astraldimension.recipe.brewing.PoisonResistancePotionRecipeBrewingRecipe for @SubscribeEvent-annotated methods
[23Mai2026 12:23:00.391] [modloading-worker-0/DEBUG] [net.neoforged.fml.javafmlmod.AutomaticEventSubscriber/]: Subscribing @EventBusSubscriber class Lnet/mcreator/astraldimension/recipe/brewing/PoisonResistancePotionRecipeBrewingRecipe; to the game event bus
[23Mai2026 12:23:00.392] [modloading-worker-0/DEBUG] [net.neoforged.fml.javafmlmod.AutomaticEventSubscriber/LOADING]: Scanning class net.mcreator.astraldimension.recipe.brewing.FlightPotionRecipeBrewingRecipe for @SubscribeEvent-annotated methods
[23Mai2026 12:23:00.392] [modloading-worker-0/DEBUG] [net.neoforged.fml.javafmlmod.AutomaticEventSubscriber/]: Subscribing @EventBusSubscriber class Lnet/mcreator/astraldimension/recipe/brewing/FlightPotionRecipeBrewingRecipe; to the game event bus
[23Mai2026 12:23:00.392] [modloading-worker-0/DEBUG] [net.neoforged.fml.javafmlmod.AutomaticEventSubscriber/LOADING]: Scanning class net.mcreator.astraldimension.procedures.WisteriaWoodAxeStripProcedure for @SubscribeEvent-annotated methods
[23Mai2026 12:23:00.392] [modloading-worker-0/DEBUG] [net.neoforged.fml.javafmlmod.AutomaticEventSubscriber/]: Subscribing @EventBusSubscriber class Lnet/mcreator/astraldimension/procedures/WisteriaWoodAxeStripProcedure; to the game event bus
[23Mai2026 12:23:00.392] [modloading-worker-0/DEBUG] [net.neoforged.fml.javafmlmod.AutomaticEventSubscriber/LOADING]: Scanning class net.mcreator.astraldimension.procedures.WisteriaLogAxeStripProcedure for @SubscribeEvent-annotated methods
[23Mai2026 12:23:00.393] [modloading-worker-0/DEBUG] [net.neoforged.fml.javafmlmod.AutomaticEventSubscriber/]: Subscribing @EventBusSubscriber class Lnet/mcreator/astraldimension/procedures/WisteriaLogAxeStripProcedure; to the game event bus
[23Mai2026 12:23:00.393] [modloading-worker-0/DEBUG] [net.neoforged.fml.javafmlmod.AutomaticEventSubscriber/LOADING]: Scanning class net.mcreator.astraldimension.procedures.VoidTrophyCheckProcedure for @SubscribeEvent-annotated methods
[23Mai2026 12:23:00.393] [modloading-worker-0/DEBUG] [net.neoforged.fml.javafmlmod.AutomaticEventSubscriber/]: Subscribing @EventBusSubscriber class Lnet/mcreator/astraldimension/procedures/VoidTrophyCheckProcedure; to the game event bus
[23Mai2026 12:23:00.393] [modloading-worker-0/DEBUG] [net.neoforged.fml.javafmlmod.AutomaticEventSubscriber/LOADING]: Scanning class net.mcreator.astraldimension.procedures.VoidTitanBossSummonProcedure for @SubscribeEvent-annotated methods
[23Mai2026 12:23:00.394] [modloading-worker-0/DEBUG] [net.neoforged.fml.javafmlmod.AutomaticEventSubscriber/]: Subscribing @EventBusSubscriber class Lnet/mcreator/astraldimension/procedures/VoidTitanBossSummonProcedure; to the game event bus
[23Mai2026 12:23:00.394] [modloading-worker-0/DEBUG] [net.neoforged.fml.javafmlmod.AutomaticEventSubscriber/LOADING]: Scanning class net.mcreator.astraldimension.procedures.VoidEaterCuresVoidMyceliumProcedure for @SubscribeEvent-annotated methods
[23Mai2026 12:23:00.394] [modloading-worker-0/DEBUG] [net.neoforged.fml.javafmlmod.AutomaticEventSubscriber/]: Subscribing @EventBusSubscriber class Lnet/mcreator/astraldimension/procedures/VoidEaterCuresVoidMyceliumProcedure; to the game event bus
[23Mai2026 12:23:00.395] [modloading-worker-0/DEBUG] [net.neoforged.fml.javafmlmod.AutomaticEventSubscriber/LOADING]: Scanning class net.mcreator.astraldimension.procedures.UnlockTreasuryProcedure for @SubscribeEvent-annotated methods
[23Mai2026 12:23:00.395] [modloading-worker-0/DEBUG] [net.neoforged.fml.javafmlmod.AutomaticEventSubscriber/]: Subscribing @EventBusSubscriber class Lnet/mcreator/astraldimension/procedures/UnlockTreasuryProcedure; to the game event bus
[23Mai2026 12:23:00.395] [modloading-worker-0/DEBUG] [net.neoforged.fml.javafmlmod.AutomaticEventSubscriber/LOADING]: Scanning class net.mcreator.astraldimension.procedures.TormentedWoodAxeStripProcedure for @SubscribeEvent-annotated methods
[23Mai2026 12:23:00.395] [modloading-worker-0/DEBUG] [net.neoforged.fml.javafmlmod.AutomaticEventSubscriber/]: Subscribing @EventBusSubscriber class Lnet/mcreator/astraldimension/procedures/TormentedWoodAxeStripProcedure; to the game event bus
[23Mai2026 12:23:00.396] [modloading-worker-0/DEBUG] [net.neoforged.fml.javafmlmod.AutomaticEventSubscriber/LOADING]: Scanning class net.mcreator.astraldimension.procedures.TormentedLogAxeStripProcedure for @SubscribeEvent-annotated methods
[23Mai2026 12:23:00.396] [modloading-worker-0/DEBUG] [net.neoforged.fml.javafmlmod.AutomaticEventSubscriber/]: Subscribing @EventBusSubscriber class Lnet/mcreator/astraldimension/procedures/TormentedLogAxeStripProcedure; to the game event bus
[23Mai2026 12:23:00.396] [modloading-worker-0/DEBUG] [net.neoforged.fml.javafmlmod.AutomaticEventSubscriber/LOADING]: Scanning class net.mcreator.astraldimension.procedures.ThornyOnEffectActiveTickProcedure for @SubscribeEvent-annotated methods
[23Mai2026 12:23:00.396] [modloading-worker-0/DEBUG] [net.neoforged.fml.javafmlmod.AutomaticEventSubscriber/]: Subscribing @EventBusSubscriber class Lnet/mcreator/astraldimension/procedures/ThornyOnEffectActiveTickProcedure; to the game event bus
[23Mai2026 12:23:00.396] [modloading-worker-0/DEBUG] [net.neoforged.fml.javafmlmod.AutomaticEventSubscriber/LOADING]: Scanning class net.mcreator.astraldimension.procedures.SupremeLifestealProcedure for @SubscribeEvent-annotated methods
[23Mai2026 12:23:00.397] [modloading-worker-0/DEBUG] [net.neoforged.fml.javafmlmod.AutomaticEventSubscriber/]: Subscribing @EventBusSubscriber class Lnet/mcreator/astraldimension/procedures/SupremeLifestealProcedure; to the game event bus
[23Mai2026 12:23:00.397] [modloading-worker-0/DEBUG] [net.neoforged.fml.javafmlmod.AutomaticEventSubscriber/LOADING]: Scanning class net.mcreator.astraldimension.procedures.SupremeAltarFullBlockAddedProcedure for @SubscribeEvent-annotated methods
[23Mai2026 12:23:00.397] [modloading-worker-0/DEBUG] [net.neoforged.fml.javafmlmod.AutomaticEventSubscriber/]: Subscribing @EventBusSubscriber class Lnet/mcreator/astraldimension/procedures/SupremeAltarFullBlockAddedProcedure; to the game event bus
[23Mai2026 12:23:00.397] [modloading-worker-0/DEBUG] [net.neoforged.fml.javafmlmod.AutomaticEventSubscriber/LOADING]: Scanning class net.mcreator.astraldimension.procedures.SoulWoodAxeStripProcedure for @SubscribeEvent-annotated methods
[23Mai2026 12:23:00.398] [modloading-worker-0/DEBUG] [net.neoforged.fml.javafmlmod.AutomaticEventSubscriber/]: Subscribing @EventBusSubscriber class Lnet/mcreator/astraldimension/procedures/SoulWoodAxeStripProcedure; to the game event bus
[23Mai2026 12:23:00.398] [modloading-worker-0/DEBUG] [net.neoforged.fml.javafmlmod.AutomaticEventSubscriber/LOADING]: Scanning class net.mcreator.astraldimension.procedures.SoulLogAxeStripProcedure for @SubscribeEvent-annotated methods
[23Mai2026 12:23:00.398] [modloading-worker-0/DEBUG] [net.neoforged.fml.javafmlmod.AutomaticEventSubscriber/]: Subscribing @EventBusSubscriber class Lnet/mcreator/astraldimension/procedures/SoulLogAxeStripProcedure; to the game event bus
[23Mai2026 12:23:00.398] [modloading-worker-0/DEBUG] [net.neoforged.fml.javafmlmod.AutomaticEventSubscriber/LOADING]: Scanning class net.mcreator.astraldimension.procedures.SoggyWoodAxeStripProcedure for @SubscribeEvent-annotated methods
[23Mai2026 12:23:00.399] [modloading-worker-0/DEBUG] [net.neoforged.fml.javafmlmod.AutomaticEventSubscriber/]: Subscribing @EventBusSubscriber class Lnet/mcreator/astraldimension/procedures/SoggyWoodAxeStripProcedure; to the game event bus
[23Mai2026 12:23:00.399] [modloading-worker-0/DEBUG] [net.neoforged.fml.javafmlmod.AutomaticEventSubscriber/LOADING]: Scanning class net.mcreator.astraldimension.procedures.SoggyLogAxeStripProcedure for @SubscribeEvent-annotated methods
[23Mai2026 12:23:00.399] [modloading-worker-0/DEBUG] [net.neoforged.fml.javafmlmod.AutomaticEventSubscriber/]: Subscribing @EventBusSubscriber class Lnet/mcreator/astraldimension/procedures/SoggyLogAxeStripProcedure; to the game event bus
[23Mai2026 12:23:00.399] [modloading-worker-0/DEBUG] [net.neoforged.fml.javafmlmod.AutomaticEventSubscriber/LOADING]: Scanning class net.mcreator.astraldimension.procedures.SmithingTableRClickProcedure for @SubscribeEvent-annotated methods
[23Mai2026 12:23:00.400] [modloading-worker-0/DEBUG] [net.neoforged.fml.javafmlmod.AutomaticEventSubscriber/]: Subscribing @EventBusSubscriber class Lnet/mcreator/astraldimension/procedures/SmithingTableRClickProcedure; to the game event bus
[23Mai2026 12:23:00.400] [modloading-worker-0/DEBUG] [net.neoforged.fml.javafmlmod.AutomaticEventSubscriber/LOADING]: Scanning class net.mcreator.astraldimension.procedures.SmithingTableNetheriteSwordUpgradeProcedure for @SubscribeEvent-annotated methods
[23Mai2026 12:23:00.400] [modloading-worker-0/DEBUG] [net.neoforged.fml.javafmlmod.AutomaticEventSubscriber/]: Subscribing @EventBusSubscriber class Lnet/mcreator/astraldimension/procedures/SmithingTableNetheriteSwordUpgradeProcedure; to the game event bus
[23Mai2026 12:23:00.400] [modloading-worker-0/DEBUG] [net.neoforged.fml.javafmlmod.AutomaticEventSubscriber/LOADING]: Scanning class net.mcreator.astraldimension.procedures.SmithingTableNetheritePickaxeUpgradeProcedure for @SubscribeEvent-annotated methods
[23Mai2026 12:23:00.400] [modloading-worker-0/DEBUG] [net.neoforged.fml.javafmlmod.AutomaticEventSubscriber/]: Subscribing @EventBusSubscriber class Lnet/mcreator/astraldimension/procedures/SmithingTableNetheritePickaxeUpgradeProcedure; to the game event bus
[23Mai2026 12:23:00.401] [modloading-worker-0/DEBUG] [net.neoforged.fml.javafmlmod.AutomaticEventSubscriber/LOADING]: Scanning class net.mcreator.astraldimension.procedures.SmithingTableNetheriteAxeUpgradeProcedure for @SubscribeEvent-annotated methods
[23Mai2026 12:23:00.401] [modloading-worker-0/DEBUG] [net.neoforged.fml.javafmlmod.AutomaticEventSubscriber/]: Subscribing @EventBusSubscriber class Lnet/mcreator/astraldimension/procedures/SmithingTableNetheriteAxeUpgradeProcedure; to the game event bus
[23Mai2026 12:23:00.401] [modloading-worker-0/DEBUG] [net.neoforged.fml.javafmlmod.AutomaticEventSubscriber/LOADING]: Scanning class net.mcreator.astraldimension.procedures.SleepWithPajamaOnProcedure for @SubscribeEvent-annotated methods
[23Mai2026 12:23:00.401] [modloading-worker-0/DEBUG] [net.neoforged.fml.javafmlmod.AutomaticEventSubscriber/]: Subscribing @EventBusSubscriber class Lnet/mcreator/astraldimension/procedures/SleepWithPajamaOnProcedure; to the game event bus
[23Mai2026 12:23:00.401] [modloading-worker-0/DEBUG] [net.neoforged.fml.javafmlmod.AutomaticEventSubscriber/LOADING]: Scanning class net.mcreator.astraldimension.procedures.PostrumObtainEctoplasmProcedure for @SubscribeEvent-annotated methods
[23Mai2026 12:23:00.402] [modloading-worker-0/DEBUG] [net.neoforged.fml.javafmlmod.AutomaticEventSubscriber/]: Subscribing @EventBusSubscriber class Lnet/mcreator/astraldimension/procedures/PostrumObtainEctoplasmProcedure; to the game event bus
[23Mai2026 12:23:00.402] [modloading-worker-0/DEBUG] [net.neoforged.fml.javafmlmod.AutomaticEventSubscriber/LOADING]: Scanning class net.mcreator.astraldimension.procedures.PostrumCellEmptyOnBlockRightClickedProcedure for @SubscribeEvent-annotated methods
[23Mai2026 12:23:00.402] [modloading-worker-0/DEBUG] [net.neoforged.fml.javafmlmod.AutomaticEventSubscriber/]: Subscribing @EventBusSubscriber class Lnet/mcreator/astraldimension/procedures/PostrumCellEmptyOnBlockRightClickedProcedure; to the game event bus
[23Mai2026 12:23:00.402] [modloading-worker-0/DEBUG] [net.neoforged.fml.javafmlmod.AutomaticEventSubscriber/LOADING]: Scanning class net.mcreator.astraldimension.procedures.PostrumCellActivateProcedure for @SubscribeEvent-annotated methods
[23Mai2026 12:23:00.403] [modloading-worker-0/DEBUG] [net.neoforged.fml.javafmlmod.AutomaticEventSubscriber/]: Subscribing @EventBusSubscriber class Lnet/mcreator/astraldimension/procedures/PostrumCellActivateProcedure; to the game event bus
[23Mai2026 12:23:00.403] [modloading-worker-0/DEBUG] [net.neoforged.fml.javafmlmod.AutomaticEventSubscriber/LOADING]: Scanning class net.mcreator.astraldimension.procedures.PlayerRainOfFireProcedure for @SubscribeEvent-annotated methods
[23Mai2026 12:23:00.403] [modloading-worker-0/DEBUG] [net.neoforged.fml.javafmlmod.AutomaticEventSubscriber/]: Subscribing @EventBusSubscriber class Lnet/mcreator/astraldimension/procedures/PlayerRainOfFireProcedure; to the game event bus
[23Mai2026 12:23:00.403] [modloading-worker-0/DEBUG] [net.neoforged.fml.javafmlmod.AutomaticEventSubscriber/LOADING]: Scanning class net.mcreator.astraldimension.procedures.PlayerHoldingNantaStarProcedure for @SubscribeEvent-annotated methods
[23Mai2026 12:23:00.404] [modloading-worker-0/DEBUG] [net.neoforged.fml.javafmlmod.AutomaticEventSubscriber/]: Subscribing @EventBusSubscriber class Lnet/mcreator/astraldimension/procedures/PlayerHoldingNantaStarProcedure; to the game event bus
[23Mai2026 12:23:00.404] [modloading-worker-0/DEBUG] [net.neoforged.fml.javafmlmod.AutomaticEventSubscriber/LOADING]: Scanning class net.mcreator.astraldimension.procedures.PlayerCapturesVillagerWithPodProcedure for @SubscribeEvent-annotated methods
[23Mai2026 12:23:00.404] [modloading-worker-0/DEBUG] [net.neoforged.fml.javafmlmod.AutomaticEventSubscriber/]: Subscribing @EventBusSubscriber class Lnet/mcreator/astraldimension/procedures/PlayerCapturesVillagerWithPodProcedure; to the game event bus
[23Mai2026 12:23:00.405] [modloading-worker-0/DEBUG] [net.neoforged.fml.javafmlmod.AutomaticEventSubscriber/LOADING]: Scanning class net.mcreator.astraldimension.procedures.ObsidianBucketRightclickedOnBlockProcedure for @SubscribeEvent-annotated methods
[23Mai2026 12:23:00.405] [modloading-worker-0/DEBUG] [net.neoforged.fml.javafmlmod.AutomaticEventSubscriber/]: Subscribing @EventBusSubscriber class Lnet/mcreator/astraldimension/procedures/ObsidianBucketRightclickedOnBlockProcedure; to the game event bus
[23Mai2026 12:23:00.405] [modloading-worker-0/DEBUG] [net.neoforged.fml.javafmlmod.AutomaticEventSubscriber/LOADING]: Scanning class net.mcreator.astraldimension.procedures.LuminousLogOnBlockRightClickedProcedure for @SubscribeEvent-annotated methods
[23Mai2026 12:23:00.406] [modloading-worker-0/DEBUG] [net.neoforged.fml.javafmlmod.AutomaticEventSubscriber/]: Subscribing @EventBusSubscriber class Lnet/mcreator/astraldimension/procedures/LuminousLogOnBlockRightClickedProcedure; to the game event bus
[23Mai2026 12:23:00.406] [modloading-worker-0/DEBUG] [net.neoforged.fml.javafmlmod.AutomaticEventSubscriber/LOADING]: Scanning class net.mcreator.astraldimension.procedures.LuminiousWoodAxeStripProcedure for @SubscribeEvent-annotated methods
[23Mai2026 12:23:00.406] [modloading-worker-0/DEBUG] [net.neoforged.fml.javafmlmod.AutomaticEventSubscriber/]: Subscribing @EventBusSubscriber class Lnet/mcreator/astraldimension/procedures/LuminiousWoodAxeStripProcedure; to the game event bus
[23Mai2026 12:23:00.406] [modloading-worker-0/DEBUG] [net.neoforged.fml.javafmlmod.AutomaticEventSubscriber/LOADING]: Scanning class net.mcreator.astraldimension.procedures.HarshBackpackCancelDropProcedure for @SubscribeEvent-annotated methods
[23Mai2026 12:23:00.407] [modloading-worker-0/DEBUG] [net.neoforged.fml.javafmlmod.AutomaticEventSubscriber/]: Subscribing @EventBusSubscriber class Lnet/mcreator/astraldimension/procedures/HarshBackpackCancelDropProcedure; to the game event bus
[23Mai2026 12:23:00.407] [modloading-worker-0/DEBUG] [net.neoforged.fml.javafmlmod.AutomaticEventSubscriber/LOADING]: Scanning class net.mcreator.astraldimension.procedures.GlowstoneBlockBrokenByPlayerProcedure for @SubscribeEvent-annotated methods
[23Mai2026 12:23:00.407] [modloading-worker-0/DEBUG] [net.neoforged.fml.javafmlmod.AutomaticEventSubscriber/]: Subscribing @EventBusSubscriber class Lnet/mcreator/astraldimension/procedures/GlowstoneBlockBrokenByPlayerProcedure; to the game event bus
[23Mai2026 12:23:00.407] [modloading-worker-0/DEBUG] [net.neoforged.fml.javafmlmod.AutomaticEventSubscriber/LOADING]: Scanning class net.mcreator.astraldimension.procedures.GiantRainOfFireProcedure for @SubscribeEvent-annotated methods
[23Mai2026 12:23:00.408] [modloading-worker-0/DEBUG] [net.neoforged.fml.javafmlmod.AutomaticEventSubscriber/]: Subscribing @EventBusSubscriber class Lnet/mcreator/astraldimension/procedures/GiantRainOfFireProcedure; to the game event bus
[23Mai2026 12:23:00.408] [modloading-worker-0/DEBUG] [net.neoforged.fml.javafmlmod.AutomaticEventSubscriber/LOADING]: Scanning class net.mcreator.astraldimension.procedures.FullLucidArmorCheckProcedure for @SubscribeEvent-annotated methods
[23Mai2026 12:23:00.409] [modloading-worker-0/DEBUG] [net.neoforged.fml.javafmlmod.AutomaticEventSubscriber/]: Subscribing @EventBusSubscriber class Lnet/mcreator/astraldimension/procedures/FullLucidArmorCheckProcedure; to the game event bus
[23Mai2026 12:23:00.409] [modloading-worker-0/DEBUG] [net.neoforged.fml.javafmlmod.AutomaticEventSubscriber/LOADING]: Scanning class net.mcreator.astraldimension.procedures.EntityNearFieryCactusProcedure for @SubscribeEvent-annotated methods
[23Mai2026 12:23:00.409] [modloading-worker-0/DEBUG] [net.neoforged.fml.javafmlmod.AutomaticEventSubscriber/]: Subscribing @EventBusSubscriber class Lnet/mcreator/astraldimension/procedures/EntityNearFieryCactusProcedure; to the game event bus
[23Mai2026 12:23:00.410] [modloading-worker-0/DEBUG] [net.neoforged.fml.javafmlmod.AutomaticEventSubscriber/LOADING]: Scanning class net.mcreator.astraldimension.procedures.EntityInElectricWaterProcedure for @SubscribeEvent-annotated methods
[23Mai2026 12:23:00.410] [modloading-worker-0/DEBUG] [net.neoforged.fml.javafmlmod.AutomaticEventSubscriber/]: Subscribing @EventBusSubscriber class Lnet/mcreator/astraldimension/procedures/EntityInElectricWaterProcedure; to the game event bus
[23Mai2026 12:23:00.410] [modloading-worker-0/DEBUG] [net.neoforged.fml.javafmlmod.AutomaticEventSubscriber/LOADING]: Scanning class net.mcreator.astraldimension.procedures.DebrisPaneOnBlockRightClickedProcedure for @SubscribeEvent-annotated methods
[23Mai2026 12:23:00.411] [modloading-worker-0/DEBUG] [net.neoforged.fml.javafmlmod.AutomaticEventSubscriber/]: Subscribing @EventBusSubscriber class Lnet/mcreator/astraldimension/procedures/DebrisPaneOnBlockRightClickedProcedure; to the game event bus
[23Mai2026 12:23:00.411] [modloading-worker-0/DEBUG] [net.neoforged.fml.javafmlmod.AutomaticEventSubscriber/LOADING]: Scanning class net.mcreator.astraldimension.procedures.CureCorruptedOuterDebrisProcedure for @SubscribeEvent-annotated methods
[23Mai2026 12:23:00.411] [modloading-worker-0/DEBUG] [net.neoforged.fml.javafmlmod.AutomaticEventSubscriber/]: Subscribing @EventBusSubscriber class Lnet/mcreator/astraldimension/procedures/CureCorruptedOuterDebrisProcedure; to the game event bus
[23Mai2026 12:23:00.412] [modloading-worker-0/DEBUG] [net.neoforged.fml.javafmlmod.AutomaticEventSubscriber/LOADING]: Scanning class net.mcreator.astraldimension.procedures.CureCorruptedAstralStoneProcedure for @SubscribeEvent-annotated methods
[23Mai2026 12:23:00.412] [modloading-worker-0/DEBUG] [net.neoforged.fml.javafmlmod.AutomaticEventSubscriber/]: Subscribing @EventBusSubscriber class Lnet/mcreator/astraldimension/procedures/CureCorruptedAstralStoneProcedure; to the game event bus
[23Mai2026 12:23:00.412] [modloading-worker-0/DEBUG] [net.neoforged.fml.javafmlmod.AutomaticEventSubscriber/LOADING]: Scanning class net.mcreator.astraldimension.procedures.CreateDragonStatueProcedure for @SubscribeEvent-annotated methods
[23Mai2026 12:23:00.412] [modloading-worker-0/DEBUG] [net.neoforged.fml.javafmlmod.AutomaticEventSubscriber/]: Subscribing @EventBusSubscriber class Lnet/mcreator/astraldimension/procedures/CreateDragonStatueProcedure; to the game event bus
[23Mai2026 12:23:00.413] [modloading-worker-0/DEBUG] [net.neoforged.fml.javafmlmod.AutomaticEventSubscriber/LOADING]: Scanning class net.mcreator.astraldimension.procedures.BucketBreaksProcedure for @SubscribeEvent-annotated methods
[23Mai2026 12:23:00.413] [modloading-worker-0/DEBUG] [net.neoforged.fml.javafmlmod.AutomaticEventSubscriber/]: Subscribing @EventBusSubscriber class Lnet/mcreator/astraldimension/procedures/BucketBreaksProcedure; to the game event bus
[23Mai2026 12:23:00.413] [modloading-worker-0/DEBUG] [net.neoforged.fml.javafmlmod.AutomaticEventSubscriber/LOADING]: Scanning class net.mcreator.astraldimension.procedures.BedClickProcedure for @SubscribeEvent-annotated methods
[23Mai2026 12:23:00.413] [modloading-worker-0/DEBUG] [net.neoforged.fml.javafmlmod.AutomaticEventSubscriber/]: Subscribing @EventBusSubscriber class Lnet/mcreator/astraldimension/procedures/BedClickProcedure; to the game event bus
[23Mai2026 12:23:00.413] [modloading-worker-0/DEBUG] [net.neoforged.fml.javafmlmod.AutomaticEventSubscriber/LOADING]: Scanning class net.mcreator.astraldimension.procedures.BackpackCancelDropProcedure for @SubscribeEvent-annotated methods
[23Mai2026 12:23:00.414] [modloading-worker-0/DEBUG] [net.neoforged.fml.javafmlmod.AutomaticEventSubscriber/]: Subscribing @EventBusSubscriber class Lnet/mcreator/astraldimension/procedures/BackpackCancelDropProcedure; to the game event bus
[23Mai2026 12:23:00.414] [modloading-worker-0/DEBUG] [net.neoforged.fml.javafmlmod.AutomaticEventSubscriber/LOADING]: Scanning class net.mcreator.astraldimension.potion.VoidWalkerMobEffect for @SubscribeEvent-annotated methods
[23Mai2026 12:23:00.414] [modloading-worker-0/DEBUG] [net.neoforged.fml.javafmlmod.AutomaticEventSubscriber/]: Subscribing @EventBusSubscriber class Lnet/mcreator/astraldimension/potion/VoidWalkerMobEffect; to the mod event bus of mod astral_dimension
[23Mai2026 12:23:00.415] [modloading-worker-0/DEBUG] [net.neoforged.fml.javafmlmod.AutomaticEventSubscriber/LOADING]: Scanning class net.mcreator.astraldimension.network.MagmaWingsFlyMessage for @SubscribeEvent-annotated methods
[23Mai2026 12:23:00.416] [modloading-worker-0/DEBUG] [net.neoforged.fml.javafmlmod.AutomaticEventSubscriber/]: Subscribing @EventBusSubscriber class Lnet/mcreator/astraldimension/network/MagmaWingsFlyMessage; to the mod event bus of mod astral_dimension
[23Mai2026 12:23:00.417] [modloading-worker-0/DEBUG] [net.neoforged.fml.javafmlmod.AutomaticEventSubscriber/LOADING]: Scanning class net.mcreator.astraldimension.network.AstraniteCauldronGUIButtonMessage for @SubscribeEvent-annotated methods
[23Mai2026 12:23:00.418] [modloading-worker-0/DEBUG] [net.neoforged.fml.javafmlmod.AutomaticEventSubscriber/]: Subscribing @EventBusSubscriber class Lnet/mcreator/astraldimension/network/AstraniteCauldronGUIButtonMessage; to the mod event bus of mod astral_dimension
[23Mai2026 12:23:00.418] [modloading-worker-0/DEBUG] [net.neoforged.fml.javafmlmod.AutomaticEventSubscriber/LOADING]: Scanning class net.mcreator.astraldimension.network.AstralDimensionModVariables for @SubscribeEvent-annotated methods
[23Mai2026 12:23:00.418] [modloading-worker-0/DEBUG] [net.neoforged.fml.javafmlmod.AutomaticEventSubscriber/]: Subscribing @EventBusSubscriber class Lnet/mcreator/astraldimension/network/AstralDimensionModVariables; to the mod event bus of mod astral_dimension
[23Mai2026 12:23:00.418] [modloading-worker-0/DEBUG] [net.neoforged.fml.javafmlmod.AutomaticEventSubscriber/LOADING]: Scanning class net.mcreator.astraldimension.network.AstralDimensionModVariables$EventBusVariableHandlers for @SubscribeEvent-annotated methods
[23Mai2026 12:23:00.419] [modloading-worker-0/DEBUG] [net.neoforged.fml.javafmlmod.AutomaticEventSubscriber/]: Subscribing @EventBusSubscriber class Lnet/mcreator/astraldimension/network/AstralDimensionModVariables$EventBusVariableHandlers; to the game event bus
[23Mai2026 12:23:00.419] [modloading-worker-0/DEBUG] [net.neoforged.fml.javafmlmod.AutomaticEventSubscriber/LOADING]: Scanning class net.mcreator.astraldimension.item.VoidBootsItem for @SubscribeEvent-annotated methods
[23Mai2026 12:23:00.419] [modloading-worker-0/DEBUG] [net.neoforged.fml.javafmlmod.AutomaticEventSubscriber/]: Subscribing @EventBusSubscriber class Lnet/mcreator/astraldimension/item/VoidBootsItem; to the mod event bus of mod astral_dimension
[23Mai2026 12:23:00.419] [modloading-worker-0/DEBUG] [net.neoforged.fml.javafmlmod.AutomaticEventSubscriber/LOADING]: Scanning class net.mcreator.astraldimension.item.TormentedItem for @SubscribeEvent-annotated methods
[23Mai2026 12:23:00.419] [modloading-worker-0/DEBUG] [net.neoforged.fml.javafmlmod.AutomaticEventSubscriber/]: Subscribing @EventBusSubscriber class Lnet/mcreator/astraldimension/item/TormentedItem; to the mod event bus of mod astral_dimension
[23Mai2026 12:23:00.420] [modloading-worker-0/DEBUG] [net.neoforged.fml.javafmlmod.AutomaticEventSubscriber/LOADING]: Scanning class net.mcreator.astraldimension.item.SupremeItem for @SubscribeEvent-annotated methods
[23Mai2026 12:23:00.420] [modloading-worker-0/DEBUG] [net.neoforged.fml.javafmlmod.AutomaticEventSubscriber/]: Subscribing @EventBusSubscriber class Lnet/mcreator/astraldimension/item/SupremeItem; to the mod event bus of mod astral_dimension
[23Mai2026 12:23:00.420] [modloading-worker-0/DEBUG] [net.neoforged.fml.javafmlmod.AutomaticEventSubscriber/LOADING]: Scanning class net.mcreator.astraldimension.item.PajamaItem for @SubscribeEvent-annotated methods
[23Mai2026 12:23:00.420] [modloading-worker-0/DEBUG] [net.neoforged.fml.javafmlmod.AutomaticEventSubscriber/]: Subscribing @EventBusSubscriber class Lnet/mcreator/astraldimension/item/PajamaItem; to the mod event bus of mod astral_dimension
[23Mai2026 12:23:00.420] [modloading-worker-0/DEBUG] [net.neoforged.fml.javafmlmod.AutomaticEventSubscriber/LOADING]: Scanning class net.mcreator.astraldimension.item.MagmaWingsItem for @SubscribeEvent-annotated methods
[23Mai2026 12:23:00.420] [modloading-worker-0/DEBUG] [net.neoforged.fml.javafmlmod.AutomaticEventSubscriber/]: Subscribing @EventBusSubscriber class Lnet/mcreator/astraldimension/item/MagmaWingsItem; to the mod event bus of mod astral_dimension
[23Mai2026 12:23:00.420] [modloading-worker-0/DEBUG] [net.neoforged.fml.javafmlmod.AutomaticEventSubscriber/LOADING]: Scanning class net.mcreator.astraldimension.item.LucidArmorItem for @SubscribeEvent-annotated methods
[23Mai2026 12:23:00.421] [modloading-worker-0/DEBUG] [net.neoforged.fml.javafmlmod.AutomaticEventSubscriber/]: Subscribing @EventBusSubscriber class Lnet/mcreator/astraldimension/item/LucidArmorItem; to the mod event bus of mod astral_dimension
[23Mai2026 12:23:00.421] [modloading-worker-0/DEBUG] [net.neoforged.fml.javafmlmod.AutomaticEventSubscriber/LOADING]: Scanning class net.mcreator.astraldimension.item.inventory.HarshBackpackInventoryCapability for @SubscribeEvent-annotated methods
[23Mai2026 12:23:00.422] [modloading-worker-0/DEBUG] [net.neoforged.fml.javafmlmod.AutomaticEventSubscriber/]: Subscribing @EventBusSubscriber class Lnet/mcreator/astraldimension/item/inventory/HarshBackpackInventoryCapability; to the game event bus
[23Mai2026 12:23:00.422] [modloading-worker-0/DEBUG] [net.neoforged.fml.javafmlmod.AutomaticEventSubscriber/LOADING]: Scanning class net.mcreator.astraldimension.item.inventory.DiaryInventoryCapability for @SubscribeEvent-annotated methods
[23Mai2026 12:23:00.422] [modloading-worker-0/DEBUG] [net.neoforged.fml.javafmlmod.AutomaticEventSubscriber/]: Subscribing @EventBusSubscriber class Lnet/mcreator/astraldimension/item/inventory/DiaryInventoryCapability; to the game event bus
[23Mai2026 12:23:00.423] [modloading-worker-0/DEBUG] [net.neoforged.fml.javafmlmod.AutomaticEventSubscriber/LOADING]: Scanning class net.mcreator.astraldimension.item.inventory.BackpackInventoryCapability for @SubscribeEvent-annotated methods
[23Mai2026 12:23:00.423] [modloading-worker-0/DEBUG] [net.neoforged.fml.javafmlmod.AutomaticEventSubscriber/]: Subscribing @EventBusSubscriber class Lnet/mcreator/astraldimension/item/inventory/BackpackInventoryCapability; to the game event bus
[23Mai2026 12:23:00.423] [modloading-worker-0/DEBUG] [net.neoforged.fml.javafmlmod.AutomaticEventSubscriber/LOADING]: Scanning class net.mcreator.astraldimension.item.HarshLeatherArmorItem for @SubscribeEvent-annotated methods
[23Mai2026 12:23:00.423] [modloading-worker-0/DEBUG] [net.neoforged.fml.javafmlmod.AutomaticEventSubscriber/]: Subscribing @EventBusSubscriber class Lnet/mcreator/astraldimension/item/HarshLeatherArmorItem; to the mod event bus of mod astral_dimension
[23Mai2026 12:23:00.423] [modloading-worker-0/DEBUG] [net.neoforged.fml.javafmlmod.AutomaticEventSubscriber/LOADING]: Scanning class net.mcreator.astraldimension.item.AstraniteArmorItem for @SubscribeEvent-annotated methods
[23Mai2026 12:23:00.423] [modloading-worker-0/DEBUG] [net.neoforged.fml.javafmlmod.AutomaticEventSubscriber/]: Subscribing @EventBusSubscriber class Lnet/mcreator/astraldimension/item/AstraniteArmorItem; to the mod event bus of mod astral_dimension
[23Mai2026 12:23:00.423] [modloading-worker-0/DEBUG] [net.neoforged.fml.javafmlmod.AutomaticEventSubscriber/LOADING]: Scanning class net.mcreator.astraldimension.item.AmethystNecklaceItem for @SubscribeEvent-annotated methods
[23Mai2026 12:23:00.423] [modloading-worker-0/DEBUG] [net.neoforged.fml.javafmlmod.AutomaticEventSubscriber/]: Subscribing @EventBusSubscriber class Lnet/mcreator/astraldimension/item/AmethystNecklaceItem; to the mod event bus of mod astral_dimension
[23Mai2026 12:23:00.423] [modloading-worker-0/DEBUG] [net.neoforged.fml.javafmlmod.AutomaticEventSubscriber/LOADING]: Scanning class net.mcreator.astraldimension.init.EntityAnimationFactory for @SubscribeEvent-annotated methods
[23Mai2026 12:23:00.424] [modloading-worker-0/DEBUG] [net.neoforged.fml.javafmlmod.AutomaticEventSubscriber/]: Subscribing @EventBusSubscriber class Lnet/mcreator/astraldimension/init/EntityAnimationFactory; to the game event bus
[23Mai2026 12:23:00.424] [modloading-worker-0/DEBUG] [net.neoforged.fml.javafmlmod.AutomaticEventSubscriber/LOADING]: Scanning class net.mcreator.astraldimension.init.AstralDimensionModTabs for @SubscribeEvent-annotated methods
[23Mai2026 12:23:00.424] [modloading-worker-0/DEBUG] [net.neoforged.fml.javafmlmod.AutomaticEventSubscriber/]: Subscribing @EventBusSubscriber class Lnet/mcreator/astraldimension/init/AstralDimensionModTabs; to the mod event bus of mod astral_dimension
[23Mai2026 12:23:00.424] [modloading-worker-0/DEBUG] [net.neoforged.fml.javafmlmod.AutomaticEventSubscriber/LOADING]: Scanning class net.mcreator.astraldimension.init.AstralDimensionModScreens for @SubscribeEvent-annotated methods
[23Mai2026 12:23:00.424] [modloading-worker-0/DEBUG] [net.neoforged.fml.javafmlmod.AutomaticEventSubscriber/]: Subscribing @EventBusSubscriber class Lnet/mcreator/astraldimension/init/AstralDimensionModScreens; to the mod event bus of mod astral_dimension
[23Mai2026 12:23:00.424] [modloading-worker-0/DEBUG] [net.neoforged.fml.javafmlmod.AutomaticEventSubscriber/LOADING]: Scanning class net.mcreator.astraldimension.init.AstralDimensionModParticles for @SubscribeEvent-annotated methods
[23Mai2026 12:23:00.425] [modloading-worker-0/DEBUG] [net.neoforged.fml.javafmlmod.AutomaticEventSubscriber/]: Subscribing @EventBusSubscriber class Lnet/mcreator/astraldimension/init/AstralDimensionModParticles; to the mod event bus of mod astral_dimension
[23Mai2026 12:23:00.425] [modloading-worker-0/DEBUG] [net.neoforged.fml.javafmlmod.AutomaticEventSubscriber/LOADING]: Scanning class net.mcreator.astraldimension.init.AstralDimensionModModels for @SubscribeEvent-annotated methods
[23Mai2026 12:23:00.425] [modloading-worker-0/DEBUG] [net.neoforged.fml.javafmlmod.AutomaticEventSubscriber/]: Subscribing @EventBusSubscriber class Lnet/mcreator/astraldimension/init/AstralDimensionModModels; to the mod event bus of mod astral_dimension
[23Mai2026 12:23:00.426] [modloading-worker-0/DEBUG] [net.neoforged.fml.javafmlmod.AutomaticEventSubscriber/LOADING]: Scanning class net.mcreator.astraldimension.init.AstralDimensionModKeyMappings for @SubscribeEvent-annotated methods
[23Mai2026 12:23:00.426] [modloading-worker-0/DEBUG] [net.neoforged.fml.javafmlmod.AutomaticEventSubscriber/]: Subscribing @EventBusSubscriber class Lnet/mcreator/astraldimension/init/AstralDimensionModKeyMappings; to the mod event bus of mod astral_dimension
[23Mai2026 12:23:00.426] [modloading-worker-0/DEBUG] [net.neoforged.fml.javafmlmod.AutomaticEventSubscriber/LOADING]: Scanning class net.mcreator.astraldimension.init.AstralDimensionModKeyMappings$KeyEventListener for @SubscribeEvent-annotated methods
[23Mai2026 12:23:00.426] [modloading-worker-0/DEBUG] [net.neoforged.fml.javafmlmod.AutomaticEventSubscriber/]: Subscribing @EventBusSubscriber class Lnet/mcreator/astraldimension/init/AstralDimensionModKeyMappings$KeyEventListener; to the game event bus
[23Mai2026 12:23:00.427] [modloading-worker-0/DEBUG] [net.neoforged.fml.javafmlmod.AutomaticEventSubscriber/LOADING]: Scanning class net.mcreator.astraldimension.init.AstralDimensionModItems for @SubscribeEvent-annotated methods
[23Mai2026 12:23:00.427] [modloading-worker-0/DEBUG] [net.neoforged.fml.javafmlmod.AutomaticEventSubscriber/]: Subscribing @EventBusSubscriber class Lnet/mcreator/astraldimension/init/AstralDimensionModItems; to the mod event bus of mod astral_dimension
[23Mai2026 12:23:00.427] [modloading-worker-0/DEBUG] [net.neoforged.fml.javafmlmod.AutomaticEventSubscriber/LOADING]: Scanning class net.mcreator.astraldimension.init.AstralDimensionModFluids$FluidsClientSideHandler for @SubscribeEvent-annotated methods
[23Mai2026 12:23:00.427] [modloading-worker-0/DEBUG] [net.neoforged.fml.javafmlmod.AutomaticEventSubscriber/]: Subscribing @EventBusSubscriber class Lnet/mcreator/astraldimension/init/AstralDimensionModFluids$FluidsClientSideHandler; to the mod event bus of mod astral_dimension
[23Mai2026 12:23:00.427] [modloading-worker-0/DEBUG] [net.neoforged.fml.javafmlmod.AutomaticEventSubscriber/LOADING]: Scanning class net.mcreator.astraldimension.init.AstralDimensionModEntityRenderers for @SubscribeEvent-annotated methods
[23Mai2026 12:23:00.428] [modloading-worker-0/DEBUG] [net.neoforged.fml.javafmlmod.AutomaticEventSubscriber/]: Subscribing @EventBusSubscriber class Lnet/mcreator/astraldimension/init/AstralDimensionModEntityRenderers; to the mod event bus of mod astral_dimension
[23Mai2026 12:23:00.428] [modloading-worker-0/DEBUG] [net.neoforged.fml.javafmlmod.AutomaticEventSubscriber/LOADING]: Scanning class net.mcreator.astraldimension.init.AstralDimensionModEntities for @SubscribeEvent-annotated methods
[23Mai2026 12:23:00.428] [modloading-worker-0/DEBUG] [net.neoforged.fml.javafmlmod.AutomaticEventSubscriber/]: Subscribing @EventBusSubscriber class Lnet/mcreator/astraldimension/init/AstralDimensionModEntities; to the mod event bus of mod astral_dimension
[23Mai2026 12:23:00.428] [modloading-worker-0/DEBUG] [net.neoforged.fml.javafmlmod.AutomaticEventSubscriber/LOADING]: Scanning class net.mcreator.astraldimension.init.AstralDimensionModBlockEntities for @SubscribeEvent-annotated methods
[23Mai2026 12:23:00.428] [modloading-worker-0/DEBUG] [net.neoforged.fml.javafmlmod.AutomaticEventSubscriber/]: Subscribing @EventBusSubscriber class Lnet/mcreator/astraldimension/init/AstralDimensionModBlockEntities; to the mod event bus of mod astral_dimension
[23Mai2026 12:23:00.428] [modloading-worker-0/DEBUG] [net.neoforged.fml.javafmlmod.AutomaticEventSubscriber/LOADING]: Scanning class net.mcreator.astraldimension.fluid.types.WitheringVoidLiquidFluidType for @SubscribeEvent-annotated methods
[23Mai2026 12:23:00.429] [modloading-worker-0/DEBUG] [net.neoforged.fml.javafmlmod.AutomaticEventSubscriber/]: Subscribing @EventBusSubscriber class Lnet/mcreator/astraldimension/fluid/types/WitheringVoidLiquidFluidType; to the mod event bus of mod astral_dimension
[23Mai2026 12:23:00.430] [modloading-worker-0/DEBUG] [net.neoforged.fml.javafmlmod.AutomaticEventSubscriber/LOADING]: Scanning class net.mcreator.astraldimension.fluid.types.WitheringVoidBlockFluidType for @SubscribeEvent-annotated methods
[23Mai2026 12:23:00.430] [modloading-worker-0/DEBUG] [net.neoforged.fml.javafmlmod.AutomaticEventSubscriber/]: Subscribing @EventBusSubscriber class Lnet/mcreator/astraldimension/fluid/types/WitheringVoidBlockFluidType; to the mod event bus of mod astral_dimension
[23Mai2026 12:23:00.430] [modloading-worker-0/DEBUG] [net.neoforged.fml.javafmlmod.AutomaticEventSubscriber/LOADING]: Scanning class net.mcreator.astraldimension.block.listener.ClientListener for @SubscribeEvent-annotated methods
[23Mai2026 12:23:00.431] [modloading-worker-0/DEBUG] [net.neoforged.fml.javafmlmod.AutomaticEventSubscriber/]: Subscribing @EventBusSubscriber class Lnet/mcreator/astraldimension/block/listener/ClientListener; to the mod event bus of mod astral_dimension
[23Mai2026 12:23:01.374] [modloading-sync-worker/DEBUG] [mixin/]: Mixing world.BiomeManagerAccessor from the_bumblezone-common.mixins.json into net.minecraft.world.level.biome.BiomeManager
[23Mai2026 12:23:01.374] [modloading-sync-worker/DEBUG] [mixin/]: the_bumblezone-common.mixins.json:world.BiomeManagerAccessor from mod the_bumblezone: Class version 65 required is higher than the class version supported by the current version of Mixin (JAVA_17 supports class version 61)
[23Mai2026 12:23:04.597] [modloading-sync-worker/DEBUG] [net.neoforged.fml.config.ConfigTracker/CONFIG]: Loading configs type CLIENT
[23Mai2026 12:23:04.608] [modloading-sync-worker/DEBUG] [net.neoforged.fml.config.ConfigTracker/CONFIG]: Loaded TOML config file D:\# Minecraft Modding\Spawner\SimpleGPS\run\config\the_bumblezone\client.toml
[23Mai2026 12:23:04.613] [modloading-sync-worker/DEBUG] [net.neoforged.fml.config.ConfigTracker/CONFIG]: Watching TOML config file D:\# Minecraft Modding\Spawner\SimpleGPS\run\config\the_bumblezone\client.toml for changes
[23Mai2026 12:23:04.614] [modloading-sync-worker/DEBUG] [net.neoforged.neoforge.common.NeoForgeConfig/FORGEMOD]: Loaded NeoForge config file neoforge-client.toml
[23Mai2026 12:23:04.614] [modloading-sync-worker/DEBUG] [net.neoforged.fml.config.ConfigTracker/CONFIG]: Loaded TOML config file D:\# Minecraft Modding\Spawner\SimpleGPS\run\config\neoforge-client.toml
[23Mai2026 12:23:04.615] [modloading-sync-worker/DEBUG] [net.neoforged.fml.config.ConfigTracker/CONFIG]: Watching TOML config file D:\# Minecraft Modding\Spawner\SimpleGPS\run\config\neoforge-client.toml for changes
[23Mai2026 12:23:04.615] [modloading-sync-worker/DEBUG] [net.neoforged.fml.config.ConfigTracker/CONFIG]: Loaded TOML config file D:\# Minecraft Modding\Spawner\SimpleGPS\run\config\undergarden-client.toml
[23Mai2026 12:23:04.615] [modloading-sync-worker/DEBUG] [net.neoforged.fml.config.ConfigTracker/CONFIG]: Watching TOML config file D:\# Minecraft Modding\Spawner\SimpleGPS\run\config\undergarden-client.toml for changes
[23Mai2026 12:23:04.617] [modloading-sync-worker/DEBUG] [net.neoforged.fml.config.ConfigTracker/CONFIG]: Loaded TOML config file D:\# Minecraft Modding\Spawner\SimpleGPS\run\config\twilightforest-client.toml
[23Mai2026 12:23:04.617] [modloading-sync-worker/DEBUG] [net.neoforged.fml.config.ConfigTracker/CONFIG]: Watching TOML config file D:\# Minecraft Modding\Spawner\SimpleGPS\run\config\twilightforest-client.toml for changes
[23Mai2026 12:23:04.618] [modloading-sync-worker/DEBUG] [net.neoforged.fml.config.ConfigTracker/CONFIG]: Loaded TOML config file D:\# Minecraft Modding\Spawner\SimpleGPS\run\config\reliquary-client.toml
[23Mai2026 12:23:04.619] [modloading-sync-worker/DEBUG] [net.neoforged.fml.config.ConfigTracker/CONFIG]: Watching TOML config file D:\# Minecraft Modding\Spawner\SimpleGPS\run\config\reliquary-client.toml for changes
[23Mai2026 12:23:04.619] [modloading-sync-worker/DEBUG] [net.neoforged.fml.config.ConfigTracker/CONFIG]: Loading configs type COMMON
[23Mai2026 12:23:04.620] [modloading-sync-worker/DEBUG] [net.neoforged.neoforge.common.NeoForgeConfig/FORGEMOD]: Loaded NeoForge config file neoforge-common.toml
[23Mai2026 12:23:04.620] [modloading-sync-worker/DEBUG] [net.neoforged.fml.config.ConfigTracker/CONFIG]: Loaded TOML config file D:\# Minecraft Modding\Spawner\SimpleGPS\run\config\neoforge-common.toml
[23Mai2026 12:23:04.620] [modloading-sync-worker/DEBUG] [net.neoforged.fml.config.ConfigTracker/CONFIG]: Watching TOML config file D:\# Minecraft Modding\Spawner\SimpleGPS\run\config\neoforge-common.toml for changes
[23Mai2026 12:23:04.623] [modloading-sync-worker/DEBUG] [net.neoforged.fml.config.ConfigTracker/CONFIG]: Loaded TOML config file D:\# Minecraft Modding\Spawner\SimpleGPS\run\config\the_bumblezone\general.toml
[23Mai2026 12:23:04.624] [modloading-sync-worker/DEBUG] [net.neoforged.fml.config.ConfigTracker/CONFIG]: Watching TOML config file D:\# Minecraft Modding\Spawner\SimpleGPS\run\config\the_bumblezone\general.toml for changes
[23Mai2026 12:23:04.625] [modloading-sync-worker/DEBUG] [net.neoforged.fml.config.ConfigTracker/CONFIG]: Loaded TOML config file D:\# Minecraft Modding\Spawner\SimpleGPS\run\config\the_bumblezone\worldgen.toml
[23Mai2026 12:23:04.626] [modloading-sync-worker/DEBUG] [net.neoforged.fml.config.ConfigTracker/CONFIG]: Watching TOML config file D:\# Minecraft Modding\Spawner\SimpleGPS\run\config\the_bumblezone\worldgen.toml for changes
[23Mai2026 12:23:04.627] [modloading-sync-worker/DEBUG] [net.neoforged.fml.config.ConfigTracker/CONFIG]: Loaded TOML config file D:\# Minecraft Modding\Spawner\SimpleGPS\run\config\the_bumblezone\dimension.toml
[23Mai2026 12:23:04.627] [modloading-sync-worker/DEBUG] [net.neoforged.fml.config.ConfigTracker/CONFIG]: Watching TOML config file D:\# Minecraft Modding\Spawner\SimpleGPS\run\config\the_bumblezone\dimension.toml for changes
[23Mai2026 12:23:04.628] [modloading-sync-worker/DEBUG] [net.neoforged.fml.config.ConfigTracker/CONFIG]: Loaded TOML config file D:\# Minecraft Modding\Spawner\SimpleGPS\run\config\the_bumblezone\bee_aggression.toml
[23Mai2026 12:23:04.629] [modloading-sync-worker/DEBUG] [net.neoforged.fml.config.ConfigTracker/CONFIG]: Watching TOML config file D:\# Minecraft Modding\Spawner\SimpleGPS\run\config\the_bumblezone\bee_aggression.toml for changes
[23Mai2026 12:23:04.631] [modloading-sync-worker/DEBUG] [net.neoforged.fml.config.ConfigTracker/CONFIG]: Loaded TOML config file D:\# Minecraft Modding\Spawner\SimpleGPS\run\config\the_bumblezone\mod_compatibility.toml
[23Mai2026 12:23:04.632] [modloading-sync-worker/DEBUG] [net.neoforged.fml.config.ConfigTracker/CONFIG]: Watching TOML config file D:\# Minecraft Modding\Spawner\SimpleGPS\run\config\the_bumblezone\mod_compatibility.toml for changes
[23Mai2026 12:23:04.632] [modloading-sync-worker/DEBUG] [net.neoforged.fml.config.ConfigTracker/CONFIG]: Loaded TOML config file D:\# Minecraft Modding\Spawner\SimpleGPS\run\config\undergarden-common.toml
[23Mai2026 12:23:04.633] [modloading-sync-worker/DEBUG] [net.neoforged.fml.config.ConfigTracker/CONFIG]: Watching TOML config file D:\# Minecraft Modding\Spawner\SimpleGPS\run\config\undergarden-common.toml for changes
[23Mai2026 12:23:04.634] [modloading-sync-worker/DEBUG] [net.neoforged.fml.config.ConfigTracker/CONFIG]: Loaded TOML config file D:\# Minecraft Modding\Spawner\SimpleGPS\run\config\twilightforest-common.toml
[23Mai2026 12:23:04.634] [modloading-sync-worker/DEBUG] [net.neoforged.fml.config.ConfigTracker/CONFIG]: Watching TOML config file D:\# Minecraft Modding\Spawner\SimpleGPS\run\config\twilightforest-common.toml for changes
[23Mai2026 12:23:04.638] [modloading-sync-worker/DEBUG] [net.neoforged.fml.config.ConfigTracker/CONFIG]: Loaded TOML config file D:\# Minecraft Modding\Spawner\SimpleGPS\run\config\reliquary-common.toml
[23Mai2026 12:23:04.639] [modloading-sync-worker/DEBUG] [net.neoforged.fml.config.ConfigTracker/CONFIG]: Watching TOML config file D:\# Minecraft Modding\Spawner\SimpleGPS\run\config\reliquary-common.toml for changes
[23Mai2026 12:23:04.682] [Render thread/DEBUG] [mixin/]: Mixing client.TextureManagerMixin from geckolib.mixins.json into net.minecraft.client.renderer.texture.TextureManager
[23Mai2026 12:23:04.683] [Render thread/DEBUG] [mixin/]: geckolib.mixins.json:client.TextureManagerMixin from mod geckolib: Class version 65 required is higher than the class version supported by the current version of Mixin (JAVA_17 supports class version 61)
[23Mai2026 12:23:04.688] [Render thread/DEBUG] [mixin/]: Mixing client.DynamicTextureMixin from journeymap.mixins.json into net.minecraft.client.renderer.texture.DynamicTexture
[23Mai2026 12:23:04.688] [Render thread/DEBUG] [mixin/]: journeymap.mixins.json:client.DynamicTextureMixin from mod journeymap: Class version 65 required is higher than the class version supported by the current version of Mixin (JAVA_17 supports class version 61)
[23Mai2026 12:23:04.688] [Render thread/DEBUG] [mixin/]: Renaming synthetic method lambda$journeymap$onClose$0(Lnet/minecraft/client/renderer/texture/DynamicTexture;)V to md378903$journeymap$lambda$journeymap$onClose$0$0 in journeymap.mixins.json:client.DynamicTextureMixin from mod journeymap
[23Mai2026 12:23:04.695] [Render thread/DEBUG] [mixin/]: journeymap.mixins.json:client.DynamicTextureMixin from mod journeymap->@Inject::journeymap$onClose(Lorg/spongepowered/asm/mixin/injection/callback/CallbackInfo;)V doesn't use it's CallbackInfo
[23Mai2026 12:23:04.695] [Render thread/DEBUG] [mixin/]: journeymap.mixins.json:client.DynamicTextureMixin from mod journeymap->@Inject::journeymap$onClose(Lorg/spongepowered/asm/mixin/injection/callback/CallbackInfo;)V has 0 override(s) in child classes
[23Mai2026 12:23:04.695] [Render thread/DEBUG] [mixin/]: journeymap.mixins.json:client.DynamicTextureMixin from mod journeymap->@Inject::journeymap$onClose(Lorg/spongepowered/asm/mixin/injection/callback/CallbackInfo;)V won't be passed a CallbackInfo as a result
[23Mai2026 12:23:04.699] [Render thread/DEBUG] [mixin/]: Mixing client.HttpTextureMixin from journeymap.mixins.json into net.minecraft.client.renderer.texture.HttpTexture
[23Mai2026 12:23:04.699] [Render thread/DEBUG] [mixin/]: journeymap.mixins.json:client.HttpTextureMixin from mod journeymap: Class version 65 required is higher than the class version supported by the current version of Mixin (JAVA_17 supports class version 61)
[23Mai2026 12:23:04.700] [Render thread/DEBUG] [mixin/]: journeymap.mixins.json:client.HttpTextureMixin from mod journeymap->@Inject::journeymap$upload(Lcom/mojang/blaze3d/platform/NativeImage;Lorg/spongepowered/asm/mixin/injection/callback/CallbackInfo;)V doesn't use it's CallbackInfo
[23Mai2026 12:23:04.700] [Render thread/DEBUG] [mixin/]: journeymap.mixins.json:client.HttpTextureMixin from mod journeymap->@Inject::journeymap$upload(Lcom/mojang/blaze3d/platform/NativeImage;Lorg/spongepowered/asm/mixin/injection/callback/CallbackInfo;)V has 0 override(s) in child classes
[23Mai2026 12:23:04.700] [Render thread/DEBUG] [mixin/]: journeymap.mixins.json:client.HttpTextureMixin from mod journeymap->@Inject::journeymap$upload(Lcom/mojang/blaze3d/platform/NativeImage;Lorg/spongepowered/asm/mixin/injection/callback/CallbackInfo;)V won't be passed a CallbackInfo as a result
[23Mai2026 12:23:04.705] [Render thread/DEBUG] [mixin/]: Mixing client.SoundManagerAccessor from the_bumblezone-common.mixins.json into net.minecraft.client.sounds.SoundManager
[23Mai2026 12:23:04.705] [Render thread/DEBUG] [mixin/]: the_bumblezone-common.mixins.json:client.SoundManagerAccessor from mod the_bumblezone: Class version 65 required is higher than the class version supported by the current version of Mixin (JAVA_17 supports class version 61)
[23Mai2026 12:23:04.710] [Render thread/DEBUG] [mixin/]: Mixing client.SoundEngineAccessor from the_bumblezone-common.mixins.json into net.minecraft.client.sounds.SoundEngine
[23Mai2026 12:23:04.710] [Render thread/DEBUG] [mixin/]: the_bumblezone-common.mixins.json:client.SoundEngineAccessor from mod the_bumblezone: Class version 65 required is higher than the class version supported by the current version of Mixin (JAVA_17 supports class version 61)
[23Mai2026 12:23:04.739] [Render thread/DEBUG] [mixin/]: Mixing client.MusicManagerMixin from the_bumblezone-common.mixins.json into net.minecraft.client.sounds.MusicManager
[23Mai2026 12:23:04.739] [Render thread/DEBUG] [mixin/]: the_bumblezone-common.mixins.json:client.MusicManagerMixin from mod the_bumblezone: Class version 65 required is higher than the class version supported by the current version of Mixin (JAVA_17 supports class version 61)
[23Mai2026 12:23:04.740] [Render thread/DEBUG] [mixin/]: the_bumblezone-common.mixins.json:client.MusicManagerMixin from mod the_bumblezone->@Inject::bumblezone$stopTickingMusicManager(Lorg/spongepowered/asm/mixin/injection/callback/CallbackInfo;)V does use it's CallbackInfo
[23Mai2026 12:23:04.778] [Render thread/DEBUG] [mixin/]: Mixing client.LevelRendererMixin from geckolib.mixins.json into net.minecraft.client.renderer.LevelRenderer
[23Mai2026 12:23:04.778] [Render thread/DEBUG] [mixin/]: geckolib.mixins.json:client.LevelRendererMixin from mod geckolib: Class version 65 required is higher than the class version supported by the current version of Mixin (JAVA_17 supports class version 61)
[23Mai2026 12:23:04.778] [Render thread/DEBUG] [mixin/]: Renaming synthetic method lambda$geckolib$captureRenderedEntities$0(I)D to md378903$geckolib$lambda$geckolib$captureRenderedEntities$0$0 in geckolib.mixins.json:client.LevelRendererMixin from mod geckolib
[23Mai2026 12:23:04.778] [Render thread/DEBUG] [mixin/]: Mixing client.LevelRendererMixin from the_bumblezone-common.mixins.json into net.minecraft.client.renderer.LevelRenderer
[23Mai2026 12:23:04.779] [Render thread/DEBUG] [mixin/]: the_bumblezone-common.mixins.json:client.LevelRendererMixin from mod the_bumblezone: Class version 65 required is higher than the class version supported by the current version of Mixin (JAVA_17 supports class version 61)
[23Mai2026 12:23:04.789] [Render thread/DEBUG] [mixin/]: geckolib.mixins.json:client.LevelRendererMixin from mod geckolib->@Inject::geckolib$captureRenderedEntities(Lnet/minecraft/client/DeltaTracker;ZLnet/minecraft/client/Camera;Lnet/minecraft/client/renderer/GameRenderer;Lnet/minecraft/client/renderer/LightTexture;Lorg/joml/Matrix4f;Lorg/joml/Matrix4f;Lorg/spongepowered/asm/mixin/injection/callback/CallbackInfo;)V doesn't use it's CallbackInfo
[23Mai2026 12:23:04.789] [Render thread/DEBUG] [mixin/]: geckolib.mixins.json:client.LevelRendererMixin from mod geckolib->@Inject::geckolib$captureRenderedEntities(Lnet/minecraft/client/DeltaTracker;ZLnet/minecraft/client/Camera;Lnet/minecraft/client/renderer/GameRenderer;Lnet/minecraft/client/renderer/LightTexture;Lorg/joml/Matrix4f;Lorg/joml/Matrix4f;Lorg/spongepowered/asm/mixin/injection/callback/CallbackInfo;)V has 0 override(s) in child classes
[23Mai2026 12:23:04.789] [Render thread/DEBUG] [mixin/]: geckolib.mixins.json:client.LevelRendererMixin from mod geckolib->@Inject::geckolib$captureRenderedEntities(Lnet/minecraft/client/DeltaTracker;ZLnet/minecraft/client/Camera;Lnet/minecraft/client/renderer/GameRenderer;Lnet/minecraft/client/renderer/LightTexture;Lorg/joml/Matrix4f;Lorg/joml/Matrix4f;Lorg/spongepowered/asm/mixin/injection/callback/CallbackInfo;)V won't be passed a CallbackInfo as a result
[23Mai2026 12:23:04.807] [Render thread/DEBUG] [mixin/]: Mixing client.ClientHooksMixin from journeymap.neoforge.mixins.json into net.neoforged.neoforge.client.ClientHooks
[23Mai2026 12:23:04.808] [Render thread/DEBUG] [mixin/]: journeymap.neoforge.mixins.json:client.ClientHooksMixin from mod journeymap: Class version 65 required is higher than the class version supported by the current version of Mixin (JAVA_17 supports class version 61)
[23Mai2026 12:23:04.809] [Render thread/DEBUG] [mixin/]: journeymap.neoforge.mixins.json:client.ClientHooksMixin from mod journeymap->@Inject::preLayerScreenEvent(Lnet/minecraft/client/gui/screens/Screen;Lnet/minecraft/client/gui/GuiGraphics;IIFLorg/spongepowered/asm/mixin/injection/callback/CallbackInfo;)V doesn't use it's CallbackInfo
[23Mai2026 12:23:04.835] [Render thread/DEBUG] [mixin/]: Mixing client.BlockRenderDispatcherAccessor from the_bumblezone-common.mixins.json into net.minecraft.client.renderer.block.BlockRenderDispatcher
[23Mai2026 12:23:04.835] [Render thread/DEBUG] [mixin/]: the_bumblezone-common.mixins.json:client.BlockRenderDispatcherAccessor from mod the_bumblezone: Class version 65 required is higher than the class version supported by the current version of Mixin (JAVA_17 supports class version 61)
[23Mai2026 12:23:04.844] [Render thread/DEBUG] [mixin/]: Mixing ModelBakeryMixin from athena.mixins.json into net.minecraft.client.resources.model.ModelBakery
[23Mai2026 12:23:04.845] [Render thread/DEBUG] [mixin/]: athena.mixins.json:ModelBakeryMixin from mod athena: Class version 65 required is higher than the class version supported by the current version of Mixin (JAVA_17 supports class version 61)
[23Mai2026 12:23:04.845] [Render thread/DEBUG] [mixin/]: Mixing ModelBakeryMixin from athena-neoforge.mixins.json into net.minecraft.client.resources.model.ModelBakery
[23Mai2026 12:23:04.845] [Render thread/DEBUG] [mixin/]: athena-neoforge.mixins.json:ModelBakeryMixin from mod athena: Class version 65 required is higher than the class version supported by the current version of Mixin (JAVA_17 supports class version 61)
[23Mai2026 12:23:04.848] [Render thread/DEBUG] [mixin/]: athena.mixins.json:ModelBakeryMixin from mod athena->@Inject::stitch$onStart(Lnet/minecraft/client/color/block/BlockColors;Lnet/minecraft/util/profiling/ProfilerFiller;Ljava/util/Map;Ljava/util/Map;Lorg/spongepowered/asm/mixin/injection/callback/CallbackInfo;)V doesn't use it's CallbackInfo
[23Mai2026 12:23:04.848] [Render thread/DEBUG] [mixin/]: athena.mixins.json:ModelBakeryMixin from mod athena->@Inject::stitch$onStart(Lnet/minecraft/client/color/block/BlockColors;Lnet/minecraft/util/profiling/ProfilerFiller;Ljava/util/Map;Ljava/util/Map;Lorg/spongepowered/asm/mixin/injection/callback/CallbackInfo;)V has 0 override(s) in child classes
[23Mai2026 12:23:04.848] [Render thread/DEBUG] [mixin/]: athena.mixins.json:ModelBakeryMixin from mod athena->@Inject::stitch$onStart(Lnet/minecraft/client/color/block/BlockColors;Lnet/minecraft/util/profiling/ProfilerFiller;Ljava/util/Map;Ljava/util/Map;Lorg/spongepowered/asm/mixin/injection/callback/CallbackInfo;)V won't be passed a CallbackInfo as a result
[23Mai2026 12:23:04.878] [Render thread/DEBUG] [mixin/]: Mixing client.ParticleEngineAccessor from the_bumblezone-common.mixins.json into net.minecraft.client.particle.ParticleEngine
[23Mai2026 12:23:04.878] [Render thread/DEBUG] [mixin/]: the_bumblezone-common.mixins.json:client.ParticleEngineAccessor from mod the_bumblezone: Class version 65 required is higher than the class version supported by the current version of Mixin (JAVA_17 supports class version 61)
[23Mai2026 12:23:04.966] [Render thread/DEBUG] [mixin/]: Mixing client.GuiMixin from journeymap.mixins.json into net.minecraft.client.gui.Gui
[23Mai2026 12:23:04.966] [Render thread/DEBUG] [mixin/]: journeymap.mixins.json:client.GuiMixin from mod journeymap: Class version 65 required is higher than the class version supported by the current version of Mixin (JAVA_17 supports class version 61)
[23Mai2026 12:23:04.975] [Render thread/DEBUG] [mixin/]: journeymap.mixins.json:client.GuiMixin from mod journeymap->@Inject::renderPre(Lnet/minecraft/client/gui/GuiGraphics;Lnet/minecraft/client/DeltaTracker;Lorg/spongepowered/asm/mixin/injection/callback/CallbackInfo;)V doesn't use it's CallbackInfo
[23Mai2026 12:23:04.975] [Render thread/DEBUG] [mixin/]: journeymap.mixins.json:client.GuiMixin from mod journeymap->@Inject::renderPre(Lnet/minecraft/client/gui/GuiGraphics;Lnet/minecraft/client/DeltaTracker;Lorg/spongepowered/asm/mixin/injection/callback/CallbackInfo;)V has 0 override(s) in child classes
[23Mai2026 12:23:04.975] [Render thread/DEBUG] [mixin/]: journeymap.mixins.json:client.GuiMixin from mod journeymap->@Inject::renderPre(Lnet/minecraft/client/gui/GuiGraphics;Lnet/minecraft/client/DeltaTracker;Lorg/spongepowered/asm/mixin/injection/callback/CallbackInfo;)V won't be passed a CallbackInfo as a result
[23Mai2026 12:23:05.010] [Render thread/DEBUG] [mixin/]: Mixing client.ModelPartMixin from journeymap.mixins.json into net.minecraft.client.model.geom.ModelPart
[23Mai2026 12:23:05.010] [Render thread/DEBUG] [mixin/]: journeymap.mixins.json:client.ModelPartMixin from mod journeymap: Class version 65 required is higher than the class version supported by the current version of Mixin (JAVA_17 supports class version 61)
[23Mai2026 12:23:05.014] [Render thread/INFO] [net.neoforged.neoforge.gametest.GameTestHooks/]: Enabled Gametest Namespaces: [simplegps]
[23Mai2026 12:23:05.080] [Render thread/DEBUG] [mixin/]: Mixing blocks.BlockEntityRenderersAccessor from the_bumblezone-common.mixins.json into net.minecraft.client.renderer.blockentity.BlockEntityRenderers
[23Mai2026 12:23:05.080] [Render thread/DEBUG] [mixin/]: the_bumblezone-common.mixins.json:blocks.BlockEntityRenderersAccessor from mod the_bumblezone: Class version 65 required is higher than the class version supported by the current version of Mixin (JAVA_17 supports class version 61)
[23Mai2026 12:23:05.080] [Render thread/DEBUG] [mixin/]: Renaming @Invoker method bumblezone$callRegister(Lnet/minecraft/world/level/block/entity/BlockEntityType;Lnet/minecraft/client/renderer/blockentity/BlockEntityRendererProvider;)V to bumblezone$callRegister$the_bumblezone_$md$378903$0 in the_bumblezone-common.mixins.json:blocks.BlockEntityRenderersAccessor from mod the_bumblezone
[23Mai2026 12:23:05.091] [Render thread/DEBUG] [mixin/]: Mixing client.EntityRenderersAccessor from the_bumblezone-common.mixins.json into net.minecraft.client.renderer.entity.EntityRenderers
[23Mai2026 12:23:05.091] [Render thread/DEBUG] [mixin/]: the_bumblezone-common.mixins.json:client.EntityRenderersAccessor from mod the_bumblezone: Class version 65 required is higher than the class version supported by the current version of Mixin (JAVA_17 supports class version 61)
[23Mai2026 12:23:05.091] [Render thread/DEBUG] [mixin/]: Renaming @Accessor method bumblezone$getPROVIDERS()Ljava/util/Map; to bumblezone$getPROVIDERS$the_bumblezone_$md$378903$0 in the_bumblezone-common.mixins.json:client.EntityRenderersAccessor from mod the_bumblezone
[23Mai2026 12:23:05.098] [Render thread/DEBUG] [mixin/]: Mixing client.HumanoidArmorLayerMixin from geckolib.mixins.json into net.minecraft.client.renderer.entity.layers.HumanoidArmorLayer
[23Mai2026 12:23:05.099] [Render thread/DEBUG] [mixin/]: geckolib.mixins.json:client.HumanoidArmorLayerMixin from mod geckolib: Class version 65 required is higher than the class version supported by the current version of Mixin (JAVA_17 supports class version 61)
[23Mai2026 12:23:05.117] [Render thread/DEBUG] [mixin/]: Mixing client.EnderDragonRendererMixin from journeymap.mixins.json into net.minecraft.client.renderer.entity.EnderDragonRenderer
[23Mai2026 12:23:05.117] [Render thread/DEBUG] [mixin/]: journeymap.mixins.json:client.EnderDragonRendererMixin from mod journeymap: Class version 65 required is higher than the class version supported by the current version of Mixin (JAVA_17 supports class version 61)
[23Mai2026 12:23:05.133] [Render thread/DEBUG] [mixin/]: Mixing client.PufferfishRendererMixin from journeymap.mixins.json into net.minecraft.client.renderer.entity.PufferfishRenderer
[23Mai2026 12:23:05.134] [Render thread/DEBUG] [mixin/]: journeymap.mixins.json:client.PufferfishRendererMixin from mod journeymap: Class version 65 required is higher than the class version supported by the current version of Mixin (JAVA_17 supports class version 61)
[23Mai2026 12:23:05.135] [Render thread/DEBUG] [mixin/]: Mixing client.RabbitModelMixin from journeymap.mixins.json into net.minecraft.client.model.RabbitModel
[23Mai2026 12:23:05.135] [Render thread/DEBUG] [mixin/]: journeymap.mixins.json:client.RabbitModelMixin from mod journeymap: Class version 65 required is higher than the class version supported by the current version of Mixin (JAVA_17 supports class version 61)
[23Mai2026 12:23:05.143] [Render thread/DEBUG] [mixin/]: Mixing client.TropicalFishRendererMixin from journeymap.mixins.json into net.minecraft.client.renderer.entity.TropicalFishRenderer
[23Mai2026 12:23:05.143] [Render thread/DEBUG] [mixin/]: journeymap.mixins.json:client.TropicalFishRendererMixin from mod journeymap: Class version 65 required is higher than the class version supported by the current version of Mixin (JAVA_17 supports class version 61)
[23Mai2026 12:23:05.200] [Render thread/INFO] [journeymap/]: Registering Keybinds
[23Mai2026 12:23:05.277] [Render thread/INFO] [net.minecraft.server.packs.resources.ReloadableResourceManager/]: Reloading ResourceManager: vanilla, mod_resources, mod/resourcefullib, mod/geckolib, mod/undergarden, mod/commonnetworking, mod/the_bumblezone, mod/simplegps, mod/twilightforest, mod/reliquary, mod/journeymap_api, mod/athena, mod/journeymap, mod/neoforge, mod/astral_dimension
[23Mai2026 12:23:05.301] [Worker-Main-7/INFO] [journeymap/]: Found @JourneyMapPlugin: journeymap.api.plugins.LoadedChunkOverlayPlugin
[23Mai2026 12:23:05.319] [Worker-Main-6/DEBUG] [reliquary/reliquary]: [reliquary] Starting calculation of potion combinations
[23Mai2026 12:23:05.408] [Worker-Main-6/DEBUG] [reliquary/reliquary]: [reliquary] Done with potion combinations
[23Mai2026 12:23:05.414] [NeoForge Version Check/INFO] [net.neoforged.fml.VersionChecker/]: [twilightforest] Starting version check at https://gh.tamaized.com/TeamTwilight/twilightforest/update.json?m=1.21.1&l=NeoForge&v=21.1.224
[23Mai2026 12:23:05.499] [Render thread/DEBUG] [net.neoforged.fml.DeferredWorkQueue/LOADING]: Dispatching synchronous work for work queue Common setup: 8 jobs
[23Mai2026 12:23:05.551] [Worker-Main-8/INFO] [net.minecraft.client.gui.font.providers.UnihexProvider/]: Found unifont_all_no_pua-15.1.05.hex, loading
[23Mai2026 12:23:05.598] [Render thread/DEBUG] [net.neoforged.fml.DeferredWorkQueue/LOADING]: Synchronous work queue completed in 96.23 ms
[23Mai2026 12:23:05.655] [Worker-Main-14/INFO] [net.minecraft.client.gui.font.providers.UnihexProvider/]: Found unifont_jp_patch-15.1.05.hex, loading
[23Mai2026 12:23:05.700] [Render thread/DEBUG] [net.neoforged.fml.DeferredWorkQueue/LOADING]: Dispatching synchronous work for work queue Sided setup: 8 jobs
[23Mai2026 12:23:05.768] [Render thread/INFO] [journeymap/]: Journeymap Initializing
[23Mai2026 12:23:05.770] [Render thread/DEBUG] [journeymap/]: Handler registered: journeymap.client.event.NeoForgeKeyEvents
[23Mai2026 12:23:05.771] [Render thread/DEBUG] [journeymap/]: Handler registered: journeymap.client.event.NeoForgeChatEvents
[23Mai2026 12:23:05.773] [Render thread/DEBUG] [journeymap/]: Handler registered: journeymap.client.event.NeoForgeHudOverlayEvents
[23Mai2026 12:23:05.774] [Render thread/DEBUG] [journeymap/]: Handler registered: journeymap.client.event.NeoForgeWorldEvent
[23Mai2026 12:23:05.776] [Render thread/DEBUG] [journeymap/]: Handler registered: journeymap.client.event.NeoForgeChunkEvents
[23Mai2026 12:23:05.778] [Render thread/DEBUG] [journeymap/]: Handler registered: journeymap.client.event.NeoForgeClientTickEvent
[23Mai2026 12:23:05.785] [Render thread/DEBUG] [journeymap/]: Handler registered: journeymap.client.event.NeoForgeRenderLevelStageEvent
[23Mai2026 12:23:05.789] [Render thread/DEBUG] [journeymap/]: Handler registered: journeymap.client.event.NeoForgeLoggedInEvent
[23Mai2026 12:23:05.791] [Render thread/DEBUG] [journeymap/]: Handler registered: journeymap.client.event.NeoForgeScreenEvents
[23Mai2026 12:23:05.830] [Worker-Main-14/WARN] [net.minecraft.client.renderer.texture.SpriteLoader/]: Texture astral_dimension:block/lucid_bell with size 64x35 limits mip level from 4 to 0
[23Mai2026 12:23:06.229] [Render thread/DEBUG] [net.neoforged.fml.DeferredWorkQueue/LOADING]: Synchronous work queue completed in 528.6 ms
[23Mai2026 12:23:06.407] [NeoForge Version Check/DEBUG] [net.neoforged.fml.VersionChecker/]: [twilightforest] Received version check data:
{
  "homepage": "https://minecraft.curseforge.com/projects/the-twilight-forest",
  "promos": {
	"1.20.2-latest": "4.4.1977",
	"1.20.2-recommended": "4.4.1977",
	"1.20.1-latest": "4.3.1893",
	"1.20.1-recommended": "4.3.1893",
	"1.19.4-latest": "4.2.1696",
	"1.19.4-recommended": "4.2.1696",
	"1.18.2-latest": "4.1.1494",
	"1.18.2-recommended": "4.1.1494",
	"1.17.1-latest": "4.0.943",
	"1.17.1-recommended": "4.0.943",
	"1.16.5-latest": "4.0.870",
	"1.16.5-recommended": "4.0.870",
	"1.12.2-latest": "3.11.1021",
	"1.12.2-recommended": "3.11.1021",
	"1.7.10-latest": "2.4.3",
	"1.7.10-recommended": "2.4.3"
  }
}
[23Mai2026 12:23:06.409] [NeoForge Version Check/INFO] [net.neoforged.fml.VersionChecker/]: [twilightforest] Found status: BETA Current: 4.7.3196 Target: null
[23Mai2026 12:23:06.409] [NeoForge Version Check/INFO] [net.neoforged.fml.VersionChecker/]: [journeymap] Starting version check at https://neoforge.curseupdate.com/32274/journeymap
[23Mai2026 12:23:06.486] [NeoForge Version Check/DEBUG] [net.neoforged.fml.VersionChecker/]: [journeymap] Received version check data:
{"promos":{"1.20.1-latest":"5.9.18","1.20.1-recommended":"5.9.18","1.20.2-latest":"5.9.22","1.20.2-recommended":"5.9.22","1.20.3-latest":"5.9.18","1.20.3-recommended":"5.9.18","1.20.4-latest":"5.10.0","1.20.4-recommended":"5.10.0","1.20.5-latest":"5.9.27","1.20.5-recommended":"5.9.27","1.20.6-latest":"5.10.0","1.20.6-recommended":"5.10.0","1.21-latest":"1.21-6.0.0-beta.27","1.21.1-latest":"1.21.1-6.0.0-beta.52","1.21.4-latest":"1.21.4-6.0.0-beta.45","1.21.5-latest":"1.21.5-6.0.0-beta.52","1.21.6-latest":"1.21.6-6.0.0-beta.52","1.21.7-latest":"1.21.7-6.0.0-beta.53","1.21.8-latest":"1.21.8-6.0.0-beta.52"},"homepage":"https://www.curseforge.com/minecraft/mc-mods/journeymap"}
[23Mai2026 12:23:06.486] [NeoForge Version Check/INFO] [net.neoforged.fml.VersionChecker/]: [journeymap] Found status: BETA Current: 1.21.1-6.0.0-beta.52 Target: 1.21.1-6.0.0-beta.52
[23Mai2026 12:23:06.601] [Worker-Main-11/WARN] [net.minecraft.client.resources.model.ModelBakery/]: Unable to load model: 'minecraft:amethyst_helmet' referenced from: astral_dimension:block/amethyst_helmet: java.io.FileNotFoundException: minecraft:models/amethyst_helmet.json
[23Mai2026 12:23:06.602] [Worker-Main-11/WARN] [net.minecraft.client.resources.model.ModelBakery/]: Unable to load model: 'minecraft:amethyst_lantern' referenced from: astral_dimension:block/amethyst_lantern: java.io.FileNotFoundException: minecraft:models/amethyst_lantern.json
[23Mai2026 12:23:06.603] [Worker-Main-11/WARN] [net.minecraft.client.resources.model.ModelBakery/]: Unable to load model: 'minecraft:fiery_cactus' referenced from: astral_dimension:block/fiery_cactus: java.io.FileNotFoundException: minecraft:models/fiery_cactus.json
[23Mai2026 12:23:06.604] [Worker-Main-11/WARN] [net.minecraft.client.resources.model.ModelBakery/]: Unable to load model: 'minecraft:void_worm_egg' referenced from: astral_dimension:block/void_worm_egg: java.io.FileNotFoundException: minecraft:models/void_worm_egg.json
[23Mai2026 12:23:06.617] [Worker-Main-11/WARN] [net.minecraft.client.resources.model.ModelBakery/]: Unable to load model: 'minecraft:shade_chest' referenced from: astral_dimension:block/shade_chest: java.io.FileNotFoundException: minecraft:models/shade_chest.json
[23Mai2026 12:23:06.628] [Worker-Main-11/WARN] [net.minecraft.client.resources.model.ModelBakery/]: Unable to load model: 'minecraft:astranite_cauldron' referenced from: astral_dimension:block/astranite_cauldron: java.io.FileNotFoundException: minecraft:models/astranite_cauldron.json
[23Mai2026 12:23:06.628] [Worker-Main-11/WARN] [net.minecraft.client.resources.model.ModelBakery/]: Unable to load model: 'minecraft:solar_shrub' referenced from: astral_dimension:block/solar_shrub: java.io.FileNotFoundException: minecraft:models/solar_shrub.json
[23Mai2026 12:23:06.630] [Worker-Main-11/WARN] [net.minecraft.client.resources.model.ModelBakery/]: Unable to load model: 'minecraft:large_solar_shrub' referenced from: astral_dimension:block/large_solar_shrub: java.io.FileNotFoundException: minecraft:models/large_solar_shrub.json
[23Mai2026 12:23:06.630] [Worker-Main-11/WARN] [net.minecraft.client.resources.model.ModelBakery/]: Unable to load model: 'minecraft:firestorm_egg' referenced from: astral_dimension:block/firestorm_egg: java.io.FileNotFoundException: minecraft:models/firestorm_egg.json
[23Mai2026 12:23:06.641] [Worker-Main-11/WARN] [net.minecraft.client.resources.model.ModelBakery/]: Unable to load model: 'minecraft:hot_cake' referenced from: astral_dimension:block/hot_cake: java.io.FileNotFoundException: minecraft:models/hot_cake.json
[23Mai2026 12:23:06.641] [Worker-Main-11/WARN] [net.minecraft.client.resources.model.ModelBakery/]: Unable to load model: 'minecraft:hot_cake_2' referenced from: astral_dimension:block/hot_cake_2: java.io.FileNotFoundException: minecraft:models/hot_cake_2.json
[23Mai2026 12:23:06.641] [Worker-Main-11/WARN] [net.minecraft.client.resources.model.ModelBakery/]: Unable to load model: 'minecraft:hot_cake_3' referenced from: astral_dimension:block/hot_cake_3: java.io.FileNotFoundException: minecraft:models/hot_cake_3.json
[23Mai2026 12:23:06.641] [Worker-Main-11/WARN] [net.minecraft.client.resources.model.ModelBakery/]: Unable to load model: 'minecraft:hot_cake_4' referenced from: astral_dimension:block/hot_cake_4: java.io.FileNotFoundException: minecraft:models/hot_cake_4.json
[23Mai2026 12:23:06.641] [Worker-Main-11/WARN] [net.minecraft.client.resources.model.ModelBakery/]: Unable to load model: 'minecraft:hot_cake_5' referenced from: astral_dimension:block/hot_cake_5: java.io.FileNotFoundException: minecraft:models/hot_cake_5.json
[23Mai2026 12:23:06.642] [Worker-Main-11/WARN] [net.minecraft.client.resources.model.ModelBakery/]: Unable to load model: 'minecraft:sparkly_cake' referenced from: astral_dimension:block/sparkly_cake: java.io.FileNotFoundException: minecraft:models/sparkly_cake.json
[23Mai2026 12:23:06.642] [Worker-Main-11/WARN] [net.minecraft.client.resources.model.ModelBakery/]: Unable to load model: 'minecraft:sparkly_cake_2' referenced from: astral_dimension:block/sparkly_cake_2: java.io.FileNotFoundException: minecraft:models/sparkly_cake_2.json
[23Mai2026 12:23:06.642] [Worker-Main-11/WARN] [net.minecraft.client.resources.model.ModelBakery/]: Unable to load model: 'minecraft:sparkly_cake_3' referenced from: astral_dimension:block/sparkly_cake_3: java.io.FileNotFoundException: minecraft:models/sparkly_cake_3.json
[23Mai2026 12:23:06.642] [Worker-Main-11/WARN] [net.minecraft.client.resources.model.ModelBakery/]: Unable to load model: 'minecraft:sparkly_cake_4' referenced from: astral_dimension:block/sparkly_cake_4: java.io.FileNotFoundException: minecraft:models/sparkly_cake_4.json
[23Mai2026 12:23:06.642] [Worker-Main-11/WARN] [net.minecraft.client.resources.model.ModelBakery/]: Unable to load model: 'minecraft:sparkly_cake_5' referenced from: astral_dimension:block/sparkly_cake_5: java.io.FileNotFoundException: minecraft:models/sparkly_cake_5.json
[23Mai2026 12:23:06.642] [Worker-Main-11/WARN] [net.minecraft.client.resources.model.ModelBakery/]: Unable to load model: 'minecraft:ghoulish_pie' referenced from: astral_dimension:block/ghoulish_pie: java.io.FileNotFoundException: minecraft:models/ghoulish_pie.json
[23Mai2026 12:23:06.642] [Worker-Main-11/WARN] [net.minecraft.client.resources.model.ModelBakery/]: Unable to load model: 'minecraft:ghoulish_pie_2' referenced from: astral_dimension:block/ghoulish_pie_2: java.io.FileNotFoundException: minecraft:models/ghoulish_pie_2.json
[23Mai2026 12:23:06.642] [Worker-Main-11/WARN] [net.minecraft.client.resources.model.ModelBakery/]: Unable to load model: 'minecraft:ghoulish_pie_3' referenced from: astral_dimension:block/ghoulish_pie_3: java.io.FileNotFoundException: minecraft:models/ghoulish_pie_3.json
[23Mai2026 12:23:06.642] [Worker-Main-11/WARN] [net.minecraft.client.resources.model.ModelBakery/]: Unable to load model: 'minecraft:ghoulish_pie_4' referenced from: astral_dimension:block/ghoulish_pie_4: java.io.FileNotFoundException: minecraft:models/ghoulish_pie_4.json
[23Mai2026 12:23:06.642] [Worker-Main-11/WARN] [net.minecraft.client.resources.model.ModelBakery/]: Unable to load model: 'minecraft:ghoulish_pie_5' referenced from: astral_dimension:block/ghoulish_pie_5: java.io.FileNotFoundException: minecraft:models/ghoulish_pie_5.json
[23Mai2026 12:23:06.643] [Worker-Main-11/WARN] [net.minecraft.client.resources.model.ModelBakery/]: Unable to load model: 'minecraft:magma_puffball' referenced from: astral_dimension:block/magma_puffball: java.io.FileNotFoundException: minecraft:models/magma_puffball.json
[23Mai2026 12:23:06.643] [Worker-Main-11/WARN] [net.minecraft.client.resources.model.ModelBakery/]: Unable to load model: 'minecraft:astranite_cage' referenced from: astral_dimension:block/astranite_cage: java.io.FileNotFoundException: minecraft:models/astranite_cage.json
[23Mai2026 12:23:06.660] [Worker-Main-11/WARN] [net.minecraft.client.resources.model.ModelBakery/]: Unable to load model: 'minecraft:megvin_egg' referenced from: astral_dimension:block/megvin_egg: java.io.FileNotFoundException: minecraft:models/megvin_egg.json
[23Mai2026 12:23:06.663] [Worker-Main-11/WARN] [net.minecraft.client.resources.model.ModelBakery/]: Unable to load model: 'minecraft:sewer_void_worm_egg' referenced from: astral_dimension:block/sewer_void_worm_egg: java.io.FileNotFoundException: minecraft:models/sewer_void_worm_egg.json
[23Mai2026 12:23:06.663] [Worker-Main-11/WARN] [net.minecraft.client.resources.model.ModelBakery/]: Unable to load model: 'minecraft:lucid_bell' referenced from: astral_dimension:block/lucid_bell: java.io.FileNotFoundException: minecraft:models/lucid_bell.json
[23Mai2026 12:23:06.666] [Worker-Main-11/WARN] [net.minecraft.client.resources.model.ModelBakery/]: Unable to load model: 'minecraft:supreme_altar' referenced from: astral_dimension:block/supreme_altar: java.io.FileNotFoundException: minecraft:models/supreme_altar.json
[23Mai2026 12:23:06.666] [Worker-Main-11/WARN] [net.minecraft.client.resources.model.ModelBakery/]: Unable to load model: 'minecraft:supreme_altar_ready' referenced from: astral_dimension:block/supreme_altar_ready: java.io.FileNotFoundException: minecraft:models/supreme_altar_ready.json
[23Mai2026 12:23:07.806] [Worker-Main-11/WARN] [net.minecraft.client.resources.model.ModelManager/]: Missing textures in model astral_dimension:sludge_plant_stage_3#inventory:
    minecraft:textures/atlas/blocks.png:astral_dimension:item/sludgy_seeds
[23Mai2026 12:23:07.807] [Worker-Main-11/WARN] [net.minecraft.client.resources.model.ModelManager/]: Missing textures in model astral_dimension:lucid_bell#facing=south:
    minecraft:textures/atlas/blocks.png:astral_dimension:block/
[23Mai2026 12:23:07.807] [Worker-Main-11/WARN] [net.minecraft.client.resources.model.ModelManager/]: Missing textures in model astral_dimension:lucid_bell#facing=east:
    minecraft:textures/atlas/blocks.png:astral_dimension:block/
[23Mai2026 12:23:07.807] [Worker-Main-11/WARN] [net.minecraft.client.resources.model.ModelManager/]: Missing textures in model astral_dimension:lucid_bell_cooldown#facing=west:
    minecraft:textures/atlas/blocks.png:astral_dimension:block/
[23Mai2026 12:23:07.808] [Worker-Main-11/WARN] [net.minecraft.client.resources.model.ModelManager/]: Missing textures in model astral_dimension:astral_trophy_spinning#inventory:
    minecraft:textures/atlas/blocks.png:minecraft:block/astral_trophy
[23Mai2026 12:23:07.808] [Worker-Main-11/WARN] [net.minecraft.client.resources.model.ModelManager/]: Missing textures in model astral_dimension:sludge_plant_stage_4#inventory:
    minecraft:textures/atlas/blocks.png:astral_dimension:item/sludgy_seeds
[23Mai2026 12:23:07.808] [Worker-Main-11/WARN] [net.minecraft.client.resources.model.ModelManager/]: Missing textures in model astral_dimension:sludge_plant_stage_2#inventory:
    minecraft:textures/atlas/blocks.png:astral_dimension:item/sludgy_seeds
[23Mai2026 12:23:07.808] [Worker-Main-11/WARN] [net.minecraft.client.resources.model.ModelManager/]: Missing textures in model astral_dimension:lucid_bell_cooldown#facing=east:
    minecraft:textures/atlas/blocks.png:astral_dimension:block/
[23Mai2026 12:23:07.808] [Worker-Main-11/WARN] [net.minecraft.client.resources.model.ModelManager/]: Missing textures in model astral_dimension:abandoned_wand#facing=north:
    minecraft:textures/atlas/blocks.png:astral_dimension:block/
[23Mai2026 12:23:07.808] [Worker-Main-11/WARN] [net.minecraft.client.resources.model.ModelManager/]: Missing textures in model astral_dimension:sludge_plant_stage_5#inventory:
    minecraft:textures/atlas/blocks.png:astral_dimension:item/sludgy_seeds
[23Mai2026 12:23:07.808] [Worker-Main-11/WARN] [net.minecraft.client.resources.model.ModelManager/]: Missing textures in model astral_dimension:lucid_bell#facing=north:
    minecraft:textures/atlas/blocks.png:astral_dimension:block/
[23Mai2026 12:23:07.808] [Worker-Main-11/WARN] [net.minecraft.client.resources.model.ModelManager/]: Missing textures in model astral_dimension:sewer_void_worm_egg#:
    minecraft:textures/atlas/blocks.png:astral_dimension:block/
[23Mai2026 12:23:07.808] [Worker-Main-11/WARN] [net.minecraft.client.resources.model.ModelManager/]: Missing textures in model astral_dimension:lucid_bell_cooldown#facing=north:
    minecraft:textures/atlas/blocks.png:astral_dimension:block/
[23Mai2026 12:23:07.808] [Worker-Main-11/WARN] [net.minecraft.client.resources.model.ModelManager/]: Missing textures in model astral_dimension:lucid_bell_cooldown#facing=south:
    minecraft:textures/atlas/blocks.png:astral_dimension:block/
[23Mai2026 12:23:07.808] [Worker-Main-11/WARN] [net.minecraft.client.resources.model.ModelManager/]: Missing textures in model astral_dimension:abandoned_wand#facing=south:
    minecraft:textures/atlas/blocks.png:astral_dimension:block/
[23Mai2026 12:23:07.808] [Worker-Main-11/WARN] [net.minecraft.client.resources.model.ModelManager/]: Missing textures in model astral_dimension:abandoned_wand#facing=east:
    minecraft:textures/atlas/blocks.png:astral_dimension:block/
[23Mai2026 12:23:07.808] [Worker-Main-11/WARN] [net.minecraft.client.resources.model.ModelManager/]: Missing textures in model astral_dimension:lucid_bell#facing=west:
    minecraft:textures/atlas/blocks.png:astral_dimension:block/
[23Mai2026 12:23:07.808] [Worker-Main-11/WARN] [net.minecraft.client.resources.model.ModelManager/]: Missing textures in model astral_dimension:abandoned_wand#facing=west:
    minecraft:textures/atlas/blocks.png:astral_dimension:block/
[23Mai2026 12:23:07.957] [Render thread/DEBUG] [net.neoforged.fml.DeferredWorkQueue/LOADING]: Dispatching synchronous work for work queue Complete loading of 14 mods: 2 jobs
[23Mai2026 12:23:08.472] [Render thread/DEBUG] [net.neoforged.fml.DeferredWorkQueue/LOADING]: Synchronous work queue completed in 514.3 ms
[23Mai2026 12:23:08.637] [Render thread/WARN] [net.minecraft.client.sounds.SoundEngine/]: Missing sound for event: minecraft:item.goat_horn.play
[23Mai2026 12:23:08.637] [Render thread/WARN] [net.minecraft.client.sounds.SoundEngine/]: Missing sound for event: minecraft:entity.goat.screaming.horn_break
[23Mai2026 12:23:08.702] [Render thread/INFO] [com.mojang.blaze3d.audio.Library/]: OpenAL initialized on device OpenAL Soft on Voicemeeter Input (VB-Audio Voicemeeter VAIO)
[23Mai2026 12:23:08.703] [Render thread/INFO] [net.minecraft.client.sounds.SoundEngine/SOUNDS]: Sound engine started
[23Mai2026 12:23:08.824] [Render thread/INFO] [net.minecraft.client.renderer.texture.TextureAtlas/]: Created: 2048x1024x4 minecraft:textures/atlas/blocks.png-atlas
[23Mai2026 12:23:08.837] [Render thread/INFO] [net.minecraft.client.renderer.texture.TextureAtlas/]: Created: 512x256x4 minecraft:textures/atlas/signs.png-atlas
[23Mai2026 12:23:08.837] [Render thread/INFO] [net.minecraft.client.renderer.texture.TextureAtlas/]: Created: 512x512x4 minecraft:textures/atlas/banner_patterns.png-atlas
[23Mai2026 12:23:08.837] [Render thread/INFO] [net.minecraft.client.renderer.texture.TextureAtlas/]: Created: 512x512x4 minecraft:textures/atlas/shield_patterns.png-atlas
[23Mai2026 12:23:08.838] [Render thread/INFO] [net.minecraft.client.renderer.texture.TextureAtlas/]: Created: 2048x1024x4 minecraft:textures/atlas/armor_trims.png-atlas
[23Mai2026 12:23:08.842] [Render thread/INFO] [net.minecraft.client.renderer.texture.TextureAtlas/]: Created: 128x64x4 minecraft:textures/atlas/decorated_pot.png-atlas
[23Mai2026 12:23:08.842] [Render thread/INFO] [net.minecraft.client.renderer.texture.TextureAtlas/]: Created: 512x512x4 minecraft:textures/atlas/chest.png-atlas
[23Mai2026 12:23:08.843] [Render thread/INFO] [net.minecraft.client.renderer.texture.TextureAtlas/]: Created: 512x256x4 minecraft:textures/atlas/shulker_boxes.png-atlas
[23Mai2026 12:23:08.843] [Render thread/INFO] [net.minecraft.client.renderer.texture.TextureAtlas/]: Created: 512x256x4 minecraft:textures/atlas/beds.png-atlas
[23Mai2026 12:23:08.849] [Render thread/DEBUG] [mixin/]: Mixing client.LlamaModelMixin from journeymap.mixins.json into net.minecraft.client.model.LlamaModel
[23Mai2026 12:23:08.849] [Render thread/DEBUG] [mixin/]: journeymap.mixins.json:client.LlamaModelMixin from mod journeymap: Class version 65 required is higher than the class version supported by the current version of Mixin (JAVA_17 supports class version 61)
[23Mai2026 12:23:08.932] [Render thread/DEBUG] [mixin/]: Mixing client.EnderDragonRendererMixin$EnderDragonModelMixin from journeymap.mixins.json into net.minecraft.client.renderer.entity.EnderDragonRenderer$DragonModel
[23Mai2026 12:23:08.932] [Render thread/DEBUG] [mixin/]: journeymap.mixins.json:client.EnderDragonRendererMixin$EnderDragonModelMixin from mod journeymap: Class version 65 required is higher than the class version supported by the current version of Mixin (JAVA_17 supports class version 61)
[23Mai2026 12:23:08.967] [Render thread/INFO] [net.minecraft.client.renderer.texture.TextureAtlas/]: Created: 512x256x0 minecraft:textures/atlas/particles.png-atlas
[23Mai2026 12:23:08.970] [Render thread/INFO] [net.minecraft.client.renderer.texture.TextureAtlas/]: Created: 512x256x0 minecraft:textures/atlas/paintings.png-atlas
[23Mai2026 12:23:08.970] [Render thread/INFO] [net.minecraft.client.renderer.texture.TextureAtlas/]: Created: 256x128x0 minecraft:textures/atlas/mob_effects.png-atlas
[23Mai2026 12:23:08.971] [Render thread/INFO] [net.minecraft.client.renderer.texture.TextureAtlas/]: Created: 64x64x0 minecraft:textures/atlas/map_decorations.png-atlas
[23Mai2026 12:23:08.971] [Render thread/INFO] [net.minecraft.client.renderer.texture.TextureAtlas/]: Created: 1024x512x0 minecraft:textures/atlas/gui.png-atlas
[23Mai2026 12:23:08.992] [Render thread/WARN] [net.minecraft.client.renderer.ShaderInstance/]: Shader rendertype_entity_translucent_emissive could not find sampler named Sampler2 in the specified shader program.
[23Mai2026 12:23:09.027] [Render thread/WARN] [net.minecraft.client.renderer.ShaderInstance/]: Shader journeymap:sepia_3 could not find uniform named ColorModulator in the specified shader program.
[23Mai2026 12:23:09.028] [Render thread/WARN] [net.minecraft.client.renderer.ShaderInstance/]: Shader journeymap:sepia_2 could not find uniform named ColorModulator in the specified shader program.
[23Mai2026 12:23:09.029] [Render thread/WARN] [net.minecraft.client.renderer.ShaderInstance/]: Shader journeymap:sepia_1 could not find uniform named ColorModulator in the specified shader program.
[23Mai2026 12:23:09.038] [Render thread/INFO] [net.minecraft.client.renderer.texture.TextureAtlas/]: Created: 512x512x0 twilightforest:textures/atlas/magic_paintings.png-atlas
[23Mai2026 12:23:09.044] [Render thread/INFO] [net.neoforged.neoforge.client.entity.animation.json.AnimationLoader/]: Loaded 0 entity animations
[23Mai2026 12:23:09.065] [Render thread/DEBUG] [twilightforest/]: Registered ISTER listener
[23Mai2026 12:24:55.350] [Render thread/DEBUG] [mixin/]: Mixing client.EditBoxAccessor from journeymap.mixins.json into net.minecraft.client.gui.components.EditBox
[23Mai2026 12:24:55.351] [Render thread/DEBUG] [mixin/]: journeymap.mixins.json:client.EditBoxAccessor from mod journeymap: Class version 65 required is higher than the class version supported by the current version of Mixin (JAVA_17 supports class version 61)
[23Mai2026 12:24:57.013] [Render thread/DEBUG] [mixin/]: Mixing gameplay.ServerPlayerGameModeMixin from the_bumblezone-common.mixins.json into net.minecraft.server.level.ServerPlayerGameMode
[23Mai2026 12:24:57.013] [Render thread/DEBUG] [mixin/]: the_bumblezone-common.mixins.json:gameplay.ServerPlayerGameModeMixin from mod the_bumblezone: Class version 65 required is higher than the class version supported by the current version of Mixin (JAVA_17 supports class version 61)
[23Mai2026 12:24:58.180] [Render thread/INFO] [net.minecraft.world.item.crafting.RecipeManager/]: Loaded 2754 recipes
[23Mai2026 12:24:58.406] [Render thread/INFO] [net.minecraft.advancements.AdvancementTree/]: Loaded 2543 advancements
[23Mai2026 12:24:58.416] [Render thread/DEBUG] [twilightforest/]: Loaded Stalactite twilightforest:twilight/stalactites/entries/hill_stone_stalactite.json for config medium_hollow_hill
[23Mai2026 12:24:58.416] [Render thread/DEBUG] [twilightforest/]: Loaded Stalactite twilightforest:twilight/stalactites/entries/iron_stalactite.json for config medium_hollow_hill
[23Mai2026 12:24:58.416] [Render thread/DEBUG] [twilightforest/]: Loaded Stalactite twilightforest:twilight/stalactites/entries/coal_stalactite.json for config medium_hollow_hill
[23Mai2026 12:24:58.417] [Render thread/DEBUG] [twilightforest/]: Loaded Stalactite twilightforest:twilight/stalactites/entries/copper_stalactite.json for config medium_hollow_hill
[23Mai2026 12:24:58.417] [Render thread/DEBUG] [twilightforest/]: Loaded Stalactite twilightforest:twilight/stalactites/entries/glowstone_stalactite.json for config medium_hollow_hill
[23Mai2026 12:24:58.417] [Render thread/DEBUG] [twilightforest/]: Loaded Stalactite twilightforest:twilight/stalactites/entries/gold_stalactite.json for config medium_hollow_hill
[23Mai2026 12:24:58.417] [Render thread/DEBUG] [twilightforest/]: Loaded Stalactite twilightforest:twilight/stalactites/entries/redstone_stalactite.json for config medium_hollow_hill
[23Mai2026 12:24:58.417] [Render thread/DEBUG] [twilightforest/]: Loaded Stalactite twilightforest:twilight/stalactites/entries/hill_stone_stalactite.json for config medium_hollow_hill
[23Mai2026 12:24:58.417] [Render thread/DEBUG] [twilightforest/]: Loaded Stalactite twilightforest:twilight/stalactites/entries/ice_stalactite.json for config yeti_cave
[23Mai2026 12:24:58.417] [Render thread/DEBUG] [twilightforest/]: Loaded Stalactite twilightforest:twilight/stalactites/entries/packed_ice_stalactite.json for config yeti_cave
[23Mai2026 12:24:58.417] [Render thread/DEBUG] [twilightforest/]: Loaded Stalactite twilightforest:twilight/stalactites/entries/blue_ice_stalactite.json for config yeti_cave
[23Mai2026 12:24:58.417] [Render thread/DEBUG] [twilightforest/]: Loaded Stalactite twilightforest:twilight/stalactites/entries/hill_stone_stalactite.json for config large_hollow_hill
[23Mai2026 12:24:58.417] [Render thread/DEBUG] [twilightforest/]: Loaded Stalactite twilightforest:twilight/stalactites/entries/iron_stalactite.json for config large_hollow_hill
[23Mai2026 12:24:58.417] [Render thread/DEBUG] [twilightforest/]: Loaded Stalactite twilightforest:twilight/stalactites/entries/coal_stalactite.json for config large_hollow_hill
[23Mai2026 12:24:58.417] [Render thread/DEBUG] [twilightforest/]: Loaded Stalactite twilightforest:twilight/stalactites/entries/copper_stalactite.json for config large_hollow_hill
[23Mai2026 12:24:58.417] [Render thread/DEBUG] [twilightforest/]: Loaded Stalactite twilightforest:twilight/stalactites/entries/glowstone_stalactite.json for config large_hollow_hill
[23Mai2026 12:24:58.418] [Render thread/DEBUG] [twilightforest/]: Loaded Stalactite twilightforest:twilight/stalactites/entries/gold_stalactite.json for config large_hollow_hill
[23Mai2026 12:24:58.418] [Render thread/DEBUG] [twilightforest/]: Loaded Stalactite twilightforest:twilight/stalactites/entries/redstone_stalactite.json for config large_hollow_hill
[23Mai2026 12:24:58.418] [Render thread/DEBUG] [twilightforest/]: Loaded Stalactite twilightforest:twilight/stalactites/entries/diamond_stalactite.json for config large_hollow_hill
[23Mai2026 12:24:58.418] [Render thread/DEBUG] [twilightforest/]: Loaded Stalactite twilightforest:twilight/stalactites/entries/lapis_stalactite.json for config large_hollow_hill
[23Mai2026 12:24:58.418] [Render thread/DEBUG] [twilightforest/]: Loaded Stalactite twilightforest:twilight/stalactites/entries/emerald_stalactite.json for config large_hollow_hill
[23Mai2026 12:24:58.418] [Render thread/DEBUG] [twilightforest/]: Loaded Stalactite twilightforest:twilight/stalactites/entries/hill_stone_stalactite.json for config large_hollow_hill
[23Mai2026 12:24:58.418] [Render thread/DEBUG] [twilightforest/]: Loaded Stalactite twilightforest:twilight/stalactites/entries/iron_stalactite.json for config hydra_lair
[23Mai2026 12:24:58.418] [Render thread/DEBUG] [twilightforest/]: Loaded Stalactite twilightforest:twilight/stalactites/entries/coal_stalactite.json for config hydra_lair
[23Mai2026 12:24:58.418] [Render thread/DEBUG] [twilightforest/]: Loaded Stalactite twilightforest:twilight/stalactites/entries/copper_stalactite.json for config hydra_lair
[23Mai2026 12:24:58.418] [Render thread/DEBUG] [twilightforest/]: Loaded Stalactite twilightforest:twilight/stalactites/entries/glowstone_stalactite.json for config hydra_lair
[23Mai2026 12:24:58.418] [Render thread/DEBUG] [twilightforest/]: Loaded Stalactite twilightforest:twilight/stalactites/entries/gold_stalactite.json for config hydra_lair
[23Mai2026 12:24:58.418] [Render thread/DEBUG] [twilightforest/]: Loaded Stalactite twilightforest:twilight/stalactites/entries/redstone_stalactite.json for config hydra_lair
[23Mai2026 12:24:58.418] [Render thread/DEBUG] [twilightforest/]: Loaded Stalactite twilightforest:twilight/stalactites/entries/hill_stone_stalactite.json for config hydra_lair
[23Mai2026 12:24:58.418] [Render thread/DEBUG] [twilightforest/]: Loaded Stalactite twilightforest:twilight/stalactites/entries/hill_stone_stalactite.json for config small_hollow_hill
[23Mai2026 12:24:58.418] [Render thread/DEBUG] [twilightforest/]: Loaded Stalactite twilightforest:twilight/stalactites/entries/iron_stalactite.json for config small_hollow_hill
[23Mai2026 12:24:58.418] [Render thread/DEBUG] [twilightforest/]: Loaded Stalactite twilightforest:twilight/stalactites/entries/coal_stalactite.json for config small_hollow_hill
[23Mai2026 12:24:58.418] [Render thread/DEBUG] [twilightforest/]: Loaded Stalactite twilightforest:twilight/stalactites/entries/copper_stalactite.json for config small_hollow_hill
[23Mai2026 12:24:58.418] [Render thread/DEBUG] [twilightforest/]: Loaded Stalactite twilightforest:twilight/stalactites/entries/glowstone_stalactite.json for config small_hollow_hill
[23Mai2026 12:24:58.418] [Render thread/DEBUG] [twilightforest/]: Loaded Stalactite twilightforest:twilight/stalactites/entries/hill_stone_stalactite.json for config small_hollow_hill
[23Mai2026 12:24:58.418] [Render thread/DEBUG] [twilightforest/]: Loaded Stalactite twilightforest:twilight/stalactites/entries/hill_stone_stalactite.json for config troll_cave
[23Mai2026 12:24:58.418] [Render thread/DEBUG] [twilightforest/]: Loaded Stalactite twilightforest:twilight/stalactites/entries/hill_stone_stalactite.json for config troll_cave
[23Mai2026 12:24:58.483] [Render thread/DEBUG] [twilightforest/]: Questing Ram quest set by mod twilightforest
[23Mai2026 12:25:00.885] [Render thread/DEBUG] [net.neoforged.neoforge.common.CommonHooks/WP]: Gathered mod list to write to world save Test
[23Mai2026 12:25:00.918] [Server thread/INFO] [net.minecraft.client.server.IntegratedServer/]: Starting integrated minecraft server version 1.21.1
[23Mai2026 12:25:00.919] [Server thread/INFO] [net.minecraft.server.MinecraftServer/]: Generating keypair
[23Mai2026 12:25:00.984] [Server thread/DEBUG] [net.neoforged.fml.config.ConfigTracker/CONFIG]: Loading configs type SERVER
[23Mai2026 12:25:00.986] [Server thread/DEBUG] [net.neoforged.neoforge.common.NeoForgeConfig/FORGEMOD]: Loaded NeoForge config file neoforge-server.toml
[23Mai2026 12:25:00.986] [Server thread/DEBUG] [net.neoforged.fml.config.ConfigTracker/CONFIG]: Loaded TOML config file D:\# Minecraft Modding\Spawner\SimpleGPS\run\config\neoforge-server.toml
[23Mai2026 12:25:00.986] [Server thread/DEBUG] [net.neoforged.fml.config.ConfigTracker/CONFIG]: Watching TOML config file D:\# Minecraft Modding\Spawner\SimpleGPS\run\config\neoforge-server.toml for changes
[23Mai2026 12:25:00.988] [Server thread/DEBUG] [net.neoforged.fml.config.ConfigTracker/CONFIG]: Loaded TOML config file D:\# Minecraft Modding\Spawner\SimpleGPS\run\config\journeymap-server.toml
[23Mai2026 12:25:00.988] [Server thread/DEBUG] [net.neoforged.fml.config.ConfigTracker/CONFIG]: Watching TOML config file D:\# Minecraft Modding\Spawner\SimpleGPS\run\config\journeymap-server.toml for changes
[23Mai2026 12:25:01.020] [Server thread/WARN] [net.neoforged.neoforge.server.ServerLifecycleHooks/]: Detected minecraft:magma_cube that was registered with MONSTER mob category but was added under CREATURE mob category for astral_dimension:fiery_birch_forest biome! Mobs should be added to biomes under the same mob category that the mob was registered as to prevent mob cap spawning issues.
[23Mai2026 12:25:01.020] [Server thread/WARN] [net.neoforged.neoforge.server.ServerLifecycleHooks/]: Detected minecraft:magma_cube that was registered with MONSTER mob category but was added under CREATURE mob category for astral_dimension:fiery_forest biome! Mobs should be added to biomes under the same mob category that the mob was registered as to prevent mob cap spawning issues.
[23Mai2026 12:25:01.033] [Server thread/WARN] [net.neoforged.neoforge.server.ServerLifecycleHooks/]: Detected minecraft:magma_cube that was registered with MONSTER mob category but was added under CREATURE mob category for astral_dimension:soul_fiery_forest biome! Mobs should be added to biomes under the same mob category that the mob was registered as to prevent mob cap spawning issues.
[23Mai2026 12:25:01.088] [Server thread/DEBUG] [mixin/]: Mixing server.ChunkMapAccessor from journeymap.mixins.json into net.minecraft.server.level.ChunkMap
[23Mai2026 12:25:01.088] [Server thread/DEBUG] [mixin/]: journeymap.mixins.json:server.ChunkMapAccessor from mod journeymap: Class version 65 required is higher than the class version supported by the current version of Mixin (JAVA_17 supports class version 61)
[23Mai2026 12:25:01.785] [Server thread/INFO] [net.minecraft.server.MinecraftServer/]: Preparing start region for dimension minecraft:overworld
[23Mai2026 12:25:02.093] [progressListener/INFO] [net.minecraft.server.level.progress.LoggerChunkProgressListener/]: Einstiegsbereich wird vorbereitet: 0 %
[23Mai2026 12:25:02.244] [Server thread/INFO] [net.neoforged.neoforge.server.permission.PermissionAPI/]: Successfully initialized permission handler neoforge:default_handler
[23Mai2026 12:25:02.246] [Server thread/WARN] [net.neoforged.neoforge.common.TagConventionLogWarning/]: 
   Dev warning - Legacy Tags detected. Please migrate your 'forge' namespace tags to the 'c' namespace! See net.neoforged.neoforge.common.Tags.java for all tags.
   NOTE: Many tags have been moved around or renamed. Some new ones were added so please review the new tags.
    And make sure you follow tag conventions for new tags! The convention is `c` with nouns generally being plural and adjectives being singular.
   You can disable this message in NeoForge's common config by setting `logLegacyTagWarnings` to "SILENCED" or see individual tags with "DEV_VERBOSE".

[23Mai2026 12:25:02.257] [progressListener/INFO] [net.minecraft.server.level.progress.LoggerChunkProgressListener/]: Time elapsed: 463 ms
[23Mai2026 12:25:02.300] [Server thread/DEBUG] [mixin/]: Mixing entities.MobSpawnLocationMixin from the_bumblezone-common.mixins.json into net.minecraft.world.level.NaturalSpawner
[23Mai2026 12:25:02.300] [Server thread/DEBUG] [mixin/]: the_bumblezone-common.mixins.json:entities.MobSpawnLocationMixin from mod the_bumblezone: Class version 65 required is higher than the class version supported by the current version of Mixin (JAVA_17 supports class version 61)
[23Mai2026 12:25:02.301] [Server thread/DEBUG] [mixin/]: the_bumblezone-common.mixins.json:entities.MobSpawnLocationMixin from mod the_bumblezone->@Inject::bumblezone$spawnEntitiesInChunk(Lnet/minecraft/world/entity/MobCategory;Lnet/minecraft/server/level/ServerLevel;Lnet/minecraft/world/level/chunk/ChunkAccess;Lnet/minecraft/core/BlockPos;Lnet/minecraft/world/level/NaturalSpawner$SpawnPredicate;Lnet/minecraft/world/level/NaturalSpawner$AfterSpawnCallback;Lorg/spongepowered/asm/mixin/injection/callback/CallbackInfo;)V does use it's CallbackInfo
[23Mai2026 12:25:02.311] [Server thread/INFO] [net.minecraft.client.server.IntegratedServer/]: Changing view distance to 12, from 10
[23Mai2026 12:25:02.312] [Server thread/INFO] [net.minecraft.client.server.IntegratedServer/]: Changing simulation distance to 12, from 0
[23Mai2026 12:25:02.334] [entity-deserializer/DEBUG] [mixin/]: Mixing entities.AmphibiousNodeEvaluatorMixin from the_bumblezone-common.mixins.json into net.minecraft.world.level.pathfinder.AmphibiousNodeEvaluator
[23Mai2026 12:25:02.334] [entity-deserializer/DEBUG] [mixin/]: the_bumblezone-common.mixins.json:entities.AmphibiousNodeEvaluatorMixin from mod the_bumblezone: Class version 65 required is higher than the class version supported by the current version of Mixin (JAVA_17 supports class version 61)
[23Mai2026 12:25:02.388] [Render thread/DEBUG] [io.netty.channel.MultithreadEventLoopGroup/]: -Dio.netty.eventLoopThreads: 32
[23Mai2026 12:25:02.418] [Render thread/DEBUG] [io.netty.util.concurrent.GlobalEventExecutor/]: -Dio.netty.globalEventExecutor.quietPeriodSeconds: 1
[23Mai2026 12:25:02.438] [Render thread/DEBUG] [io.netty.channel.nio.NioEventLoop/]: -Dio.netty.noKeySetOptimization: false
[23Mai2026 12:25:02.438] [Render thread/DEBUG] [io.netty.channel.nio.NioEventLoop/]: -Dio.netty.selectorAutoRebuildThreshold: 512
[23Mai2026 12:25:02.446] [Render thread/DEBUG] [io.netty.util.internal.PlatformDependent/]: org.jctools-core.MpscChunkedArrayQueue: available
[23Mai2026 12:25:02.509] [entity-deserializer/DEBUG] [mixin/]: Mixing entities.FlyNodeEvaluatorMixin from the_bumblezone-common.mixins.json into net.minecraft.world.level.pathfinder.FlyNodeEvaluator
[23Mai2026 12:25:02.509] [entity-deserializer/DEBUG] [mixin/]: the_bumblezone-common.mixins.json:entities.FlyNodeEvaluatorMixin from mod the_bumblezone: Class version 65 required is higher than the class version supported by the current version of Mixin (JAVA_17 supports class version 61)
[23Mai2026 12:25:02.520] [Render thread/DEBUG] [io.netty.channel.DefaultChannelId/]: -Dio.netty.processId: 19600 (auto-detected)
[23Mai2026 12:25:02.527] [Render thread/DEBUG] [io.netty.util.NetUtil/]: -Djava.net.preferIPv4Stack: false
[23Mai2026 12:25:02.527] [Render thread/DEBUG] [io.netty.util.NetUtil/]: -Djava.net.preferIPv6Addresses: system
[23Mai2026 12:25:02.533] [Render thread/DEBUG] [io.netty.util.NetUtilInitializations/]: Loopback interface: loopback_0 (Software Loopback Interface 1, 0:0:0:0:0:0:0:1)
[23Mai2026 12:25:02.536] [Render thread/DEBUG] [io.netty.util.NetUtil/]: Failed to get SOMAXCONN from sysctl and file \proc\sys\net\core\somaxconn. Default: 200
[23Mai2026 12:25:02.538] [Render thread/DEBUG] [io.netty.channel.DefaultChannelId/]: -Dio.netty.machineId: 10:ff:e0:ff:fe:91:05:a1 (auto-detected)
[23Mai2026 12:25:02.674] [Render thread/DEBUG] [io.netty.util.Recycler/]: -Dio.netty.recycler.maxCapacityPerThread: 4096
[23Mai2026 12:25:02.674] [Render thread/DEBUG] [io.netty.util.Recycler/]: -Dio.netty.recycler.ratio: 8
[23Mai2026 12:25:02.674] [Render thread/DEBUG] [io.netty.util.Recycler/]: -Dio.netty.recycler.chunkSize: 32
[23Mai2026 12:25:02.674] [Render thread/DEBUG] [io.netty.util.Recycler/]: -Dio.netty.recycler.blocking: false
[23Mai2026 12:25:02.674] [Render thread/DEBUG] [io.netty.util.Recycler/]: -Dio.netty.recycler.batchFastThreadLocalOnly: true
[23Mai2026 12:25:02.767] [Netty Server IO #1/DEBUG] [net.neoforged.neoforge.network.filters.NetworkFilters/]: Injected net.neoforged.neoforge.network.filters.GenericPacketSplitter@4b9e33e0 into net.minecraft.network.Connection@4ad1c69b
[23Mai2026 12:25:02.776] [Netty Local Client IO #0/DEBUG] [net.neoforged.neoforge.network.filters.NetworkFilters/]: Injected net.neoforged.neoforge.network.filters.GenericPacketSplitter@11756032 into net.minecraft.network.Connection@4d8c3fa0
[23Mai2026 12:25:03.034] [Render thread/DEBUG] [mixin/]: Mixing client.ClientPacketListenerMixin from journeymap.mixins.json into net.minecraft.client.multiplayer.ClientPacketListener
[23Mai2026 12:25:03.035] [Render thread/DEBUG] [mixin/]: journeymap.mixins.json:client.ClientPacketListenerMixin from mod journeymap: Class version 65 required is higher than the class version supported by the current version of Mixin (JAVA_17 supports class version 61)
[23Mai2026 12:25:03.038] [Render thread/DEBUG] [mixin/]: Mixing client.NeoClientPacketListenerMixin from journeymap.neoforge.mixins.json into net.minecraft.client.multiplayer.ClientPacketListener
[23Mai2026 12:25:03.038] [Render thread/DEBUG] [mixin/]: journeymap.neoforge.mixins.json:client.NeoClientPacketListenerMixin from mod journeymap: Class version 65 required is higher than the class version supported by the current version of Mixin (JAVA_17 supports class version 61)
[23Mai2026 12:25:03.038] [Render thread/DEBUG] [mixin/]: Mixing client.ClientPacketListenerMixin from the_bumblezone-common.mixins.json into net.minecraft.client.multiplayer.ClientPacketListener
[23Mai2026 12:25:03.039] [Render thread/DEBUG] [mixin/]: the_bumblezone-common.mixins.json:client.ClientPacketListenerMixin from mod the_bumblezone: Class version 65 required is higher than the class version supported by the current version of Mixin (JAVA_17 supports class version 61)
[23Mai2026 12:25:03.042] [Render thread/DEBUG] [mixin/]: journeymap.mixins.json:client.ClientPacketListenerMixin from mod journeymap->@Inject::journeymap_handleLogin(Lnet/minecraft/network/protocol/game/ClientboundLoginPacket;Lorg/spongepowered/asm/mixin/injection/callback/CallbackInfo;)V doesn't use it's CallbackInfo
[23Mai2026 12:25:03.042] [Render thread/DEBUG] [mixin/]: journeymap.mixins.json:client.ClientPacketListenerMixin from mod journeymap->@Inject::journeymap_handleLogin(Lnet/minecraft/network/protocol/game/ClientboundLoginPacket;Lorg/spongepowered/asm/mixin/injection/callback/CallbackInfo;)V has 0 override(s) in child classes
[23Mai2026 12:25:03.042] [Render thread/DEBUG] [mixin/]: journeymap.mixins.json:client.ClientPacketListenerMixin from mod journeymap->@Inject::journeymap_handleLogin(Lnet/minecraft/network/protocol/game/ClientboundLoginPacket;Lorg/spongepowered/asm/mixin/injection/callback/CallbackInfo;)V won't be passed a CallbackInfo as a result
[23Mai2026 12:25:03.042] [Render thread/DEBUG] [mixin/]: journeymap.mixins.json:client.ClientPacketListenerMixin from mod journeymap->@Inject::journeymap_handleRespawn(Lnet/minecraft/network/protocol/game/ClientboundRespawnPacket;Lorg/spongepowered/asm/mixin/injection/callback/CallbackInfo;)V doesn't use it's CallbackInfo
[23Mai2026 12:25:03.042] [Render thread/DEBUG] [mixin/]: journeymap.mixins.json:client.ClientPacketListenerMixin from mod journeymap->@Inject::journeymap_handleRespawn(Lnet/minecraft/network/protocol/game/ClientboundRespawnPacket;Lorg/spongepowered/asm/mixin/injection/callback/CallbackInfo;)V has 0 override(s) in child classes
[23Mai2026 12:25:03.042] [Render thread/DEBUG] [mixin/]: journeymap.mixins.json:client.ClientPacketListenerMixin from mod journeymap->@Inject::journeymap_handleRespawn(Lnet/minecraft/network/protocol/game/ClientboundRespawnPacket;Lorg/spongepowered/asm/mixin/injection/callback/CallbackInfo;)V won't be passed a CallbackInfo as a result
[23Mai2026 12:25:03.042] [Render thread/DEBUG] [mixin/]: journeymap.mixins.json:client.ClientPacketListenerMixin from mod journeymap->@Inject::journeymap_handleDisguisedChat_onClientChatEventReceived(Lnet/minecraft/network/protocol/game/ClientboundDisguisedChatPacket;Lorg/spongepowered/asm/mixin/injection/callback/CallbackInfo;)V does use it's CallbackInfo
[23Mai2026 12:25:03.042] [Render thread/DEBUG] [mixin/]: journeymap.neoforge.mixins.json:client.NeoClientPacketListenerMixin from mod journeymap->@Inject::jm$SendUnsignedCommandMixin(Ljava/lang/String;Lorg/spongepowered/asm/mixin/injection/callback/CallbackInfoReturnable;)V does use it's CallbackInfoReturnable
[23Mai2026 12:25:03.042] [Render thread/DEBUG] [mixin/]: the_bumblezone-common.mixins.json:client.ClientPacketListenerMixin from mod the_bumblezone->@Inject::bumblezone$syncHorseUUID1(Lnet/minecraft/network/protocol/game/ClientboundAddEntityPacket;Lorg/spongepowered/asm/mixin/injection/callback/CallbackInfo;Lnet/minecraft/world/entity/Entity;)V doesn't use it's CallbackInfo
[23Mai2026 12:25:03.042] [Render thread/DEBUG] [mixin/]: the_bumblezone-common.mixins.json:client.ClientPacketListenerMixin from mod the_bumblezone->@Inject::bumblezone$syncHorseUUID1(Lnet/minecraft/network/protocol/game/ClientboundAddEntityPacket;Lorg/spongepowered/asm/mixin/injection/callback/CallbackInfo;Lnet/minecraft/world/entity/Entity;)V has 0 override(s) in child classes
[23Mai2026 12:25:03.042] [Render thread/DEBUG] [mixin/]: the_bumblezone-common.mixins.json:client.ClientPacketListenerMixin from mod the_bumblezone->@Inject::bumblezone$syncHorseUUID1(Lnet/minecraft/network/protocol/game/ClientboundAddEntityPacket;Lorg/spongepowered/asm/mixin/injection/callback/CallbackInfo;Lnet/minecraft/world/entity/Entity;)V won't be passed a CallbackInfo as a result
[23Mai2026 12:25:03.061] [Netty Server IO #1/DEBUG] [net.neoforged.neoforge.network.filters.NetworkFilters/]: Injected net.neoforged.neoforge.network.filters.GenericPacketSplitter@6dc3039d into net.minecraft.network.Connection@4ad1c69b
[23Mai2026 12:25:03.062] [Server thread/DEBUG] [mixin/]: Mixing gameplay.ItemCooldownsAccessor from the_bumblezone-common.mixins.json into net.minecraft.world.item.ItemCooldowns
[23Mai2026 12:25:03.062] [Server thread/DEBUG] [mixin/]: the_bumblezone-common.mixins.json:gameplay.ItemCooldownsAccessor from mod the_bumblezone: Class version 65 required is higher than the class version supported by the current version of Mixin (JAVA_17 supports class version 61)
[23Mai2026 12:25:03.076] [Server thread/DEBUG] [mixin/]: Mixing entities.PlayerAdvancementsAccessor from the_bumblezone-common.mixins.json into net.minecraft.server.PlayerAdvancements
[23Mai2026 12:25:03.076] [Server thread/DEBUG] [mixin/]: the_bumblezone-common.mixins.json:entities.PlayerAdvancementsAccessor from mod the_bumblezone: Class version 65 required is higher than the class version supported by the current version of Mixin (JAVA_17 supports class version 61)
[23Mai2026 12:25:03.126] [Server thread/INFO] [net.minecraft.server.players.PlayerList/]: Dev[local:E:e0461225] logged in with entity id 42 at (-14.089308902303626, 63.0, 58.48224138358966)
[23Mai2026 12:25:03.128] [Server thread/DEBUG] [mixin/]: Mixing entities.ServerGamePacketListenerImplMixin from the_bumblezone-common.mixins.json into net.minecraft.server.network.ServerGamePacketListenerImpl
[23Mai2026 12:25:03.128] [Server thread/DEBUG] [mixin/]: the_bumblezone-common.mixins.json:entities.ServerGamePacketListenerImplMixin from mod the_bumblezone: Class version 65 required is higher than the class version supported by the current version of Mixin (JAVA_17 supports class version 61)
[23Mai2026 12:25:03.128] [Server thread/DEBUG] [mixin/]: Mixing gameplay.ServerGamePacketListenerImplAccessor from the_bumblezone-common.mixins.json into net.minecraft.server.network.ServerGamePacketListenerImpl
[23Mai2026 12:25:03.128] [Server thread/DEBUG] [mixin/]: the_bumblezone-common.mixins.json:gameplay.ServerGamePacketListenerImplAccessor from mod the_bumblezone: Class version 65 required is higher than the class version supported by the current version of Mixin (JAVA_17 supports class version 61)
[23Mai2026 12:25:03.148] [Render thread/DEBUG] [mixin/]: Mixing client.MultiPlayerGameModeMixin from the_bumblezone-common.mixins.json into net.minecraft.client.multiplayer.MultiPlayerGameMode
[23Mai2026 12:25:03.148] [Render thread/DEBUG] [mixin/]: the_bumblezone-common.mixins.json:client.MultiPlayerGameModeMixin from mod the_bumblezone: Class version 65 required is higher than the class version supported by the current version of Mixin (JAVA_17 supports class version 61)
[23Mai2026 12:25:03.218] [Server thread/INFO] [net.minecraft.server.MinecraftServer/]: Dev hat das Spiel betreten
[23Mai2026 12:25:03.309] [Server thread/DEBUG] [mixin/]: Mixing loot.LootParamsMixin from the_bumblezone-common.mixins.json into net.minecraft.world.level.storage.loot.LootParams
[23Mai2026 12:25:03.309] [Server thread/DEBUG] [mixin/]: the_bumblezone-common.mixins.json:loot.LootParamsMixin from mod the_bumblezone: Class version 65 required is higher than the class version supported by the current version of Mixin (JAVA_17 supports class version 61)
[23Mai2026 12:25:03.736] [Render thread/INFO] [net.minecraft.advancements.AdvancementTree/]: Loaded 203 advancements
[23Mai2026 12:25:04.080] [Server thread/DEBUG] [mixin/]: Mixing world.StructureTemplateAccessor from the_bumblezone-common.mixins.json into net.minecraft.world.level.levelgen.structure.templatesystem.StructureTemplate
[23Mai2026 12:25:04.080] [Server thread/DEBUG] [mixin/]: the_bumblezone-common.mixins.json:world.StructureTemplateAccessor from mod the_bumblezone: Class version 65 required is higher than the class version supported by the current version of Mixin (JAVA_17 supports class version 61)
[23Mai2026 12:25:04.081] [Server thread/DEBUG] [mixin/]: Mixing world.StructureTemplateMixin from the_bumblezone-common.mixins.json into net.minecraft.world.level.levelgen.structure.templatesystem.StructureTemplate
[23Mai2026 12:25:04.081] [Server thread/DEBUG] [mixin/]: the_bumblezone-common.mixins.json:world.StructureTemplateMixin from mod the_bumblezone: Class version 65 required is higher than the class version supported by the current version of Mixin (JAVA_17 supports class version 61)
[23Mai2026 12:25:05.409] [Render thread/INFO] [net.minecraft.client.gui.components.ChatComponent/]: [System] [CHAT] JourneyMap: Drücke [J]
[23Mai2026 12:25:07.751] [Render thread/INFO] [net.minecraft.client.gui.components.ChatComponent/]: [System] [CHAT] [GPS] Navigiere zu: 9
[23Mai2026 12:25:14.163] [Server thread/INFO] [net.minecraft.client.server.IntegratedServer/]: Saving and pausing game...
[23Mai2026 12:25:14.178] [Server thread/INFO] [net.minecraft.server.MinecraftServer/]: Saving chunks for level 'ServerLevel[Test]'/minecraft:overworld
[23Mai2026 12:25:14.195] [Server thread/INFO] [net.minecraft.server.MinecraftServer/]: Saving chunks for level 'ServerLevel[Test]'/undergarden:undergarden
[23Mai2026 12:25:14.195] [Server thread/INFO] [net.minecraft.server.MinecraftServer/]: Saving chunks for level 'ServerLevel[Test]'/astral_dimension:astral_dimension
[23Mai2026 12:25:14.196] [Server thread/INFO] [net.minecraft.server.MinecraftServer/]: Saving chunks for level 'ServerLevel[Test]'/the_bumblezone:the_bumblezone
[23Mai2026 12:25:14.196] [Server thread/INFO] [net.minecraft.server.MinecraftServer/]: Saving chunks for level 'ServerLevel[Test]'/minecraft:the_end
[23Mai2026 12:25:14.196] [Server thread/INFO] [net.minecraft.server.MinecraftServer/]: Saving chunks for level 'ServerLevel[Test]'/twilightforest:twilight_forest
[23Mai2026 12:25:14.196] [Server thread/INFO] [net.minecraft.server.MinecraftServer/]: Saving chunks for level 'ServerLevel[Test]'/minecraft:the_nether
[23Mai2026 12:25:14.196] [Server thread/INFO] [net.minecraft.server.MinecraftServer/]: Saving chunks for level 'ServerLevel[Test]'/astral_dimension:setback
[23Mai2026 12:25:14.202] [Server thread/DEBUG] [net.neoforged.neoforge.common.CommonHooks/WP]: Gathered mod list to write to world save Test
[23Mai2026 12:25:26.943] [Render thread/INFO] [net.minecraft.server.packs.resources.ReloadableResourceManager/]: Reloading ResourceManager: vanilla, mod_resources, mod/resourcefullib, mod/geckolib, mod/undergarden, mod/commonnetworking, mod/the_bumblezone, mod/simplegps, mod/twilightforest, mod/reliquary, mod/journeymap_api, mod/athena, mod/journeymap, mod/neoforge, mod/astral_dimension
[23Mai2026 12:25:26.949] [Worker-Main-12/INFO] [net.minecraft.client.gui.font.providers.UnihexProvider/]: Found unifont_all_no_pua-15.1.05.hex, loading
[23Mai2026 12:25:26.956] [Worker-Main-14/INFO] [net.minecraft.client.gui.font.providers.UnihexProvider/]: Found unifont_jp_patch-15.1.05.hex, loading
[23Mai2026 12:25:27.114] [Worker-Main-4/WARN] [net.minecraft.client.renderer.texture.SpriteLoader/]: Texture astral_dimension:block/lucid_bell with size 64x35 limits mip level from 4 to 0
[23Mai2026 12:25:27.696] [Worker-Main-14/WARN] [net.minecraft.client.resources.model.ModelBakery/]: Unable to load model: 'minecraft:amethyst_helmet' referenced from: astral_dimension:block/amethyst_helmet: java.io.FileNotFoundException: minecraft:models/amethyst_helmet.json
[23Mai2026 12:25:27.696] [Worker-Main-14/WARN] [net.minecraft.client.resources.model.ModelBakery/]: Unable to load model: 'minecraft:amethyst_lantern' referenced from: astral_dimension:block/amethyst_lantern: java.io.FileNotFoundException: minecraft:models/amethyst_lantern.json
[23Mai2026 12:25:27.697] [Worker-Main-14/WARN] [net.minecraft.client.resources.model.ModelBakery/]: Unable to load model: 'minecraft:fiery_cactus' referenced from: astral_dimension:block/fiery_cactus: java.io.FileNotFoundException: minecraft:models/fiery_cactus.json
[23Mai2026 12:25:27.697] [Worker-Main-14/WARN] [net.minecraft.client.resources.model.ModelBakery/]: Unable to load model: 'minecraft:void_worm_egg' referenced from: astral_dimension:block/void_worm_egg: java.io.FileNotFoundException: minecraft:models/void_worm_egg.json
[23Mai2026 12:25:27.709] [Worker-Main-14/WARN] [net.minecraft.client.resources.model.ModelBakery/]: Unable to load model: 'minecraft:shade_chest' referenced from: astral_dimension:block/shade_chest: java.io.FileNotFoundException: minecraft:models/shade_chest.json
[23Mai2026 12:25:27.717] [Worker-Main-14/WARN] [net.minecraft.client.resources.model.ModelBakery/]: Unable to load model: 'minecraft:astranite_cauldron' referenced from: astral_dimension:block/astranite_cauldron: java.io.FileNotFoundException: minecraft:models/astranite_cauldron.json
[23Mai2026 12:25:27.717] [Worker-Main-14/WARN] [net.minecraft.client.resources.model.ModelBakery/]: Unable to load model: 'minecraft:solar_shrub' referenced from: astral_dimension:block/solar_shrub: java.io.FileNotFoundException: minecraft:models/solar_shrub.json
[23Mai2026 12:25:27.718] [Worker-Main-14/WARN] [net.minecraft.client.resources.model.ModelBakery/]: Unable to load model: 'minecraft:large_solar_shrub' referenced from: astral_dimension:block/large_solar_shrub: java.io.FileNotFoundException: minecraft:models/large_solar_shrub.json
[23Mai2026 12:25:27.719] [Worker-Main-14/WARN] [net.minecraft.client.resources.model.ModelBakery/]: Unable to load model: 'minecraft:firestorm_egg' referenced from: astral_dimension:block/firestorm_egg: java.io.FileNotFoundException: minecraft:models/firestorm_egg.json
[23Mai2026 12:25:27.719] [Worker-Main-14/WARN] [net.minecraft.client.resources.model.ModelBakery/]: Unable to load model: 'minecraft:hot_cake' referenced from: astral_dimension:block/hot_cake: java.io.FileNotFoundException: minecraft:models/hot_cake.json
[23Mai2026 12:25:27.719] [Worker-Main-14/WARN] [net.minecraft.client.resources.model.ModelBakery/]: Unable to load model: 'minecraft:hot_cake_2' referenced from: astral_dimension:block/hot_cake_2: java.io.FileNotFoundException: minecraft:models/hot_cake_2.json
[23Mai2026 12:25:27.719] [Worker-Main-14/WARN] [net.minecraft.client.resources.model.ModelBakery/]: Unable to load model: 'minecraft:hot_cake_3' referenced from: astral_dimension:block/hot_cake_3: java.io.FileNotFoundException: minecraft:models/hot_cake_3.json
[23Mai2026 12:25:27.719] [Worker-Main-14/WARN] [net.minecraft.client.resources.model.ModelBakery/]: Unable to load model: 'minecraft:hot_cake_4' referenced from: astral_dimension:block/hot_cake_4: java.io.FileNotFoundException: minecraft:models/hot_cake_4.json
[23Mai2026 12:25:27.719] [Worker-Main-14/WARN] [net.minecraft.client.resources.model.ModelBakery/]: Unable to load model: 'minecraft:hot_cake_5' referenced from: astral_dimension:block/hot_cake_5: java.io.FileNotFoundException: minecraft:models/hot_cake_5.json
[23Mai2026 12:25:27.719] [Worker-Main-14/WARN] [net.minecraft.client.resources.model.ModelBakery/]: Unable to load model: 'minecraft:sparkly_cake' referenced from: astral_dimension:block/sparkly_cake: java.io.FileNotFoundException: minecraft:models/sparkly_cake.json
[23Mai2026 12:25:27.719] [Worker-Main-14/WARN] [net.minecraft.client.resources.model.ModelBakery/]: Unable to load model: 'minecraft:sparkly_cake_2' referenced from: astral_dimension:block/sparkly_cake_2: java.io.FileNotFoundException: minecraft:models/sparkly_cake_2.json
[23Mai2026 12:25:27.719] [Worker-Main-14/WARN] [net.minecraft.client.resources.model.ModelBakery/]: Unable to load model: 'minecraft:sparkly_cake_3' referenced from: astral_dimension:block/sparkly_cake_3: java.io.FileNotFoundException: minecraft:models/sparkly_cake_3.json
[23Mai2026 12:25:27.719] [Worker-Main-14/WARN] [net.minecraft.client.resources.model.ModelBakery/]: Unable to load model: 'minecraft:sparkly_cake_4' referenced from: astral_dimension:block/sparkly_cake_4: java.io.FileNotFoundException: minecraft:models/sparkly_cake_4.json
[23Mai2026 12:25:27.720] [Worker-Main-14/WARN] [net.minecraft.client.resources.model.ModelBakery/]: Unable to load model: 'minecraft:sparkly_cake_5' referenced from: astral_dimension:block/sparkly_cake_5: java.io.FileNotFoundException: minecraft:models/sparkly_cake_5.json
[23Mai2026 12:25:27.720] [Worker-Main-14/WARN] [net.minecraft.client.resources.model.ModelBakery/]: Unable to load model: 'minecraft:ghoulish_pie' referenced from: astral_dimension:block/ghoulish_pie: java.io.FileNotFoundException: minecraft:models/ghoulish_pie.json
[23Mai2026 12:25:27.720] [Worker-Main-14/WARN] [net.minecraft.client.resources.model.ModelBakery/]: Unable to load model: 'minecraft:ghoulish_pie_2' referenced from: astral_dimension:block/ghoulish_pie_2: java.io.FileNotFoundException: minecraft:models/ghoulish_pie_2.json
[23Mai2026 12:25:27.720] [Worker-Main-14/WARN] [net.minecraft.client.resources.model.ModelBakery/]: Unable to load model: 'minecraft:ghoulish_pie_3' referenced from: astral_dimension:block/ghoulish_pie_3: java.io.FileNotFoundException: minecraft:models/ghoulish_pie_3.json
[23Mai2026 12:25:27.720] [Worker-Main-14/WARN] [net.minecraft.client.resources.model.ModelBakery/]: Unable to load model: 'minecraft:ghoulish_pie_4' referenced from: astral_dimension:block/ghoulish_pie_4: java.io.FileNotFoundException: minecraft:models/ghoulish_pie_4.json
[23Mai2026 12:25:27.720] [Worker-Main-14/WARN] [net.minecraft.client.resources.model.ModelBakery/]: Unable to load model: 'minecraft:ghoulish_pie_5' referenced from: astral_dimension:block/ghoulish_pie_5: java.io.FileNotFoundException: minecraft:models/ghoulish_pie_5.json
[23Mai2026 12:25:27.720] [Worker-Main-14/WARN] [net.minecraft.client.resources.model.ModelBakery/]: Unable to load model: 'minecraft:magma_puffball' referenced from: astral_dimension:block/magma_puffball: java.io.FileNotFoundException: minecraft:models/magma_puffball.json
[23Mai2026 12:25:27.720] [Worker-Main-14/WARN] [net.minecraft.client.resources.model.ModelBakery/]: Unable to load model: 'minecraft:astranite_cage' referenced from: astral_dimension:block/astranite_cage: java.io.FileNotFoundException: minecraft:models/astranite_cage.json
[23Mai2026 12:25:27.734] [Worker-Main-14/WARN] [net.minecraft.client.resources.model.ModelBakery/]: Unable to load model: 'minecraft:megvin_egg' referenced from: astral_dimension:block/megvin_egg: java.io.FileNotFoundException: minecraft:models/megvin_egg.json
[23Mai2026 12:25:27.736] [Worker-Main-14/WARN] [net.minecraft.client.resources.model.ModelBakery/]: Unable to load model: 'minecraft:sewer_void_worm_egg' referenced from: astral_dimension:block/sewer_void_worm_egg: java.io.FileNotFoundException: minecraft:models/sewer_void_worm_egg.json
[23Mai2026 12:25:27.736] [Worker-Main-14/WARN] [net.minecraft.client.resources.model.ModelBakery/]: Unable to load model: 'minecraft:lucid_bell' referenced from: astral_dimension:block/lucid_bell: java.io.FileNotFoundException: minecraft:models/lucid_bell.json
[23Mai2026 12:25:27.738] [Worker-Main-14/WARN] [net.minecraft.client.resources.model.ModelBakery/]: Unable to load model: 'minecraft:supreme_altar' referenced from: astral_dimension:block/supreme_altar: java.io.FileNotFoundException: minecraft:models/supreme_altar.json
[23Mai2026 12:25:27.738] [Worker-Main-14/WARN] [net.minecraft.client.resources.model.ModelBakery/]: Unable to load model: 'minecraft:supreme_altar_ready' referenced from: astral_dimension:block/supreme_altar_ready: java.io.FileNotFoundException: minecraft:models/supreme_altar_ready.json
[23Mai2026 12:25:28.809] [Worker-Main-14/WARN] [net.minecraft.client.resources.model.ModelManager/]: Missing textures in model astral_dimension:sludge_plant_stage_3#inventory:
    minecraft:textures/atlas/blocks.png:astral_dimension:item/sludgy_seeds
[23Mai2026 12:25:28.809] [Worker-Main-14/WARN] [net.minecraft.client.resources.model.ModelManager/]: Missing textures in model astral_dimension:lucid_bell#facing=south:
    minecraft:textures/atlas/blocks.png:astral_dimension:block/
[23Mai2026 12:25:28.809] [Worker-Main-14/WARN] [net.minecraft.client.resources.model.ModelManager/]: Missing textures in model astral_dimension:lucid_bell#facing=east:
    minecraft:textures/atlas/blocks.png:astral_dimension:block/
[23Mai2026 12:25:28.809] [Worker-Main-14/WARN] [net.minecraft.client.resources.model.ModelManager/]: Missing textures in model astral_dimension:lucid_bell_cooldown#facing=west:
    minecraft:textures/atlas/blocks.png:astral_dimension:block/
[23Mai2026 12:25:28.809] [Worker-Main-14/WARN] [net.minecraft.client.resources.model.ModelManager/]: Missing textures in model astral_dimension:astral_trophy_spinning#inventory:
    minecraft:textures/atlas/blocks.png:minecraft:block/astral_trophy
[23Mai2026 12:25:28.809] [Worker-Main-14/WARN] [net.minecraft.client.resources.model.ModelManager/]: Missing textures in model astral_dimension:sludge_plant_stage_4#inventory:
    minecraft:textures/atlas/blocks.png:astral_dimension:item/sludgy_seeds
[23Mai2026 12:25:28.809] [Worker-Main-14/WARN] [net.minecraft.client.resources.model.ModelManager/]: Missing textures in model astral_dimension:sludge_plant_stage_2#inventory:
    minecraft:textures/atlas/blocks.png:astral_dimension:item/sludgy_seeds
[23Mai2026 12:25:28.809] [Worker-Main-14/WARN] [net.minecraft.client.resources.model.ModelManager/]: Missing textures in model astral_dimension:lucid_bell_cooldown#facing=east:
    minecraft:textures/atlas/blocks.png:astral_dimension:block/
[23Mai2026 12:25:28.809] [Worker-Main-14/WARN] [net.minecraft.client.resources.model.ModelManager/]: Missing textures in model astral_dimension:abandoned_wand#facing=north:
    minecraft:textures/atlas/blocks.png:astral_dimension:block/
[23Mai2026 12:25:28.809] [Worker-Main-14/WARN] [net.minecraft.client.resources.model.ModelManager/]: Missing textures in model astral_dimension:sludge_plant_stage_5#inventory:
    minecraft:textures/atlas/blocks.png:astral_dimension:item/sludgy_seeds
[23Mai2026 12:25:28.809] [Worker-Main-14/WARN] [net.minecraft.client.resources.model.ModelManager/]: Missing textures in model astral_dimension:lucid_bell#facing=north:
    minecraft:textures/atlas/blocks.png:astral_dimension:block/
[23Mai2026 12:25:28.809] [Worker-Main-14/WARN] [net.minecraft.client.resources.model.ModelManager/]: Missing textures in model astral_dimension:sewer_void_worm_egg#:
    minecraft:textures/atlas/blocks.png:astral_dimension:block/
[23Mai2026 12:25:28.809] [Worker-Main-14/WARN] [net.minecraft.client.resources.model.ModelManager/]: Missing textures in model astral_dimension:lucid_bell_cooldown#facing=north:
    minecraft:textures/atlas/blocks.png:astral_dimension:block/
[23Mai2026 12:25:28.809] [Worker-Main-14/WARN] [net.minecraft.client.resources.model.ModelManager/]: Missing textures in model astral_dimension:lucid_bell_cooldown#facing=south:
    minecraft:textures/atlas/blocks.png:astral_dimension:block/
[23Mai2026 12:25:28.809] [Worker-Main-14/WARN] [net.minecraft.client.resources.model.ModelManager/]: Missing textures in model astral_dimension:abandoned_wand#facing=south:
    minecraft:textures/atlas/blocks.png:astral_dimension:block/
[23Mai2026 12:25:28.809] [Worker-Main-14/WARN] [net.minecraft.client.resources.model.ModelManager/]: Missing textures in model astral_dimension:abandoned_wand#facing=east:
    minecraft:textures/atlas/blocks.png:astral_dimension:block/
[23Mai2026 12:25:28.809] [Worker-Main-14/WARN] [net.minecraft.client.resources.model.ModelManager/]: Missing textures in model astral_dimension:lucid_bell#facing=west:
    minecraft:textures/atlas/blocks.png:astral_dimension:block/
[23Mai2026 12:25:28.809] [Worker-Main-14/WARN] [net.minecraft.client.resources.model.ModelManager/]: Missing textures in model astral_dimension:abandoned_wand#facing=west:
    minecraft:textures/atlas/blocks.png:astral_dimension:block/
[23Mai2026 12:25:28.924] [Render thread/WARN] [net.minecraft.client.sounds.SoundEngine/]: Missing sound for event: minecraft:item.goat_horn.play
[23Mai2026 12:25:28.924] [Render thread/WARN] [net.minecraft.client.sounds.SoundEngine/]: Missing sound for event: minecraft:entity.goat.screaming.horn_break
[23Mai2026 12:25:28.994] [Render thread/INFO] [com.mojang.blaze3d.audio.Library/]: OpenAL initialized on device OpenAL Soft on Voicemeeter Input (VB-Audio Voicemeeter VAIO)
[23Mai2026 12:25:28.994] [Render thread/INFO] [net.minecraft.client.sounds.SoundEngine/SOUNDS]: Sound engine started
[23Mai2026 12:25:29.053] [Render thread/INFO] [net.minecraft.client.renderer.texture.TextureAtlas/]: Created: 2048x1024x4 minecraft:textures/atlas/blocks.png-atlas
[23Mai2026 12:25:29.078] [Render thread/INFO] [net.minecraft.client.renderer.texture.TextureAtlas/]: Created: 512x256x4 minecraft:textures/atlas/signs.png-atlas
[23Mai2026 12:25:29.079] [Render thread/INFO] [net.minecraft.client.renderer.texture.TextureAtlas/]: Created: 512x512x4 minecraft:textures/atlas/banner_patterns.png-atlas
[23Mai2026 12:25:29.080] [Render thread/INFO] [net.minecraft.client.renderer.texture.TextureAtlas/]: Created: 512x512x4 minecraft:textures/atlas/shield_patterns.png-atlas
[23Mai2026 12:25:29.080] [Render thread/INFO] [net.minecraft.client.renderer.texture.TextureAtlas/]: Created: 2048x1024x4 minecraft:textures/atlas/armor_trims.png-atlas
[23Mai2026 12:25:29.086] [Render thread/INFO] [net.minecraft.client.renderer.texture.TextureAtlas/]: Created: 128x64x4 minecraft:textures/atlas/decorated_pot.png-atlas
[23Mai2026 12:25:29.086] [Render thread/INFO] [net.minecraft.client.renderer.texture.TextureAtlas/]: Created: 512x512x4 minecraft:textures/atlas/chest.png-atlas
[23Mai2026 12:25:29.087] [Render thread/INFO] [net.minecraft.client.renderer.texture.TextureAtlas/]: Created: 512x256x4 minecraft:textures/atlas/shulker_boxes.png-atlas
[23Mai2026 12:25:29.087] [Render thread/INFO] [net.minecraft.client.renderer.texture.TextureAtlas/]: Created: 512x256x4 minecraft:textures/atlas/beds.png-atlas
[23Mai2026 12:25:29.103] [Render thread/INFO] [net.minecraft.client.renderer.texture.TextureAtlas/]: Created: 512x256x0 minecraft:textures/atlas/particles.png-atlas
[23Mai2026 12:25:29.104] [Render thread/INFO] [net.minecraft.client.renderer.texture.TextureAtlas/]: Created: 512x256x0 minecraft:textures/atlas/paintings.png-atlas
[23Mai2026 12:25:29.104] [Render thread/INFO] [net.minecraft.client.renderer.texture.TextureAtlas/]: Created: 256x128x0 minecraft:textures/atlas/mob_effects.png-atlas
[23Mai2026 12:25:29.104] [Render thread/INFO] [net.minecraft.client.renderer.texture.TextureAtlas/]: Created: 64x64x0 minecraft:textures/atlas/map_decorations.png-atlas
[23Mai2026 12:25:29.104] [Render thread/INFO] [net.minecraft.client.renderer.texture.TextureAtlas/]: Created: 1024x512x0 minecraft:textures/atlas/gui.png-atlas
[23Mai2026 12:25:29.114] [Render thread/WARN] [net.minecraft.client.renderer.ShaderInstance/]: Shader rendertype_entity_translucent_emissive could not find sampler named Sampler2 in the specified shader program.
[23Mai2026 12:25:29.133] [Render thread/WARN] [net.minecraft.client.renderer.ShaderInstance/]: Shader journeymap:sepia_3 could not find uniform named ColorModulator in the specified shader program.
[23Mai2026 12:25:29.134] [Render thread/WARN] [net.minecraft.client.renderer.ShaderInstance/]: Shader journeymap:sepia_2 could not find uniform named ColorModulator in the specified shader program.
[23Mai2026 12:25:29.134] [Render thread/WARN] [net.minecraft.client.renderer.ShaderInstance/]: Shader journeymap:sepia_1 could not find uniform named ColorModulator in the specified shader program.
[23Mai2026 12:25:29.142] [Render thread/INFO] [net.minecraft.client.renderer.texture.TextureAtlas/]: Created: 512x512x0 twilightforest:textures/atlas/magic_paintings.png-atlas
[23Mai2026 12:25:29.144] [Render thread/INFO] [net.neoforged.neoforge.client.entity.animation.json.AnimationLoader/]: Loaded 0 entity animations
[23Mai2026 12:25:29.155] [Render thread/DEBUG] [twilightforest/]: Reloaded ISTER!
[23Mai2026 12:25:56.649] [Render thread/INFO] [net.minecraft.client.gui.components.ChatComponent/]: [System] [CHAT] [GPS] Navigate to: 9
[23Mai2026 12:26:02.313] [Server thread/INFO] [net.minecraft.client.server.IntegratedServer/]: Saving and pausing game...
[23Mai2026 12:26:02.321] [Server thread/INFO] [net.minecraft.server.MinecraftServer/]: Saving chunks for level 'ServerLevel[Test]'/minecraft:overworld
[23Mai2026 12:26:02.329] [Server thread/INFO] [net.minecraft.server.MinecraftServer/]: Saving chunks for level 'ServerLevel[Test]'/undergarden:undergarden
[23Mai2026 12:26:02.330] [Server thread/INFO] [net.minecraft.server.MinecraftServer/]: Saving chunks for level 'ServerLevel[Test]'/astral_dimension:astral_dimension
[23Mai2026 12:26:02.330] [Server thread/INFO] [net.minecraft.server.MinecraftServer/]: Saving chunks for level 'ServerLevel[Test]'/the_bumblezone:the_bumblezone
[23Mai2026 12:26:02.330] [Server thread/INFO] [net.minecraft.server.MinecraftServer/]: Saving chunks for level 'ServerLevel[Test]'/minecraft:the_end
[23Mai2026 12:26:02.330] [Server thread/INFO] [net.minecraft.server.MinecraftServer/]: Saving chunks for level 'ServerLevel[Test]'/twilightforest:twilight_forest
[23Mai2026 12:26:02.330] [Server thread/INFO] [net.minecraft.server.MinecraftServer/]: Saving chunks for level 'ServerLevel[Test]'/minecraft:the_nether
[23Mai2026 12:26:02.330] [Server thread/INFO] [net.minecraft.server.MinecraftServer/]: Saving chunks for level 'ServerLevel[Test]'/astral_dimension:setback
[23Mai2026 12:26:02.332] [Server thread/DEBUG] [net.neoforged.neoforge.common.CommonHooks/WP]: Gathered mod list to write to world save Test
[23Mai2026 12:26:02.967] [Server thread/INFO] [net.minecraft.server.network.ServerGamePacketListenerImpl/]: Dev lost connection: Disconnected
[23Mai2026 12:26:02.968] [Server thread/INFO] [net.minecraft.server.MinecraftServer/]: Dev left the game
[23Mai2026 12:26:02.977] [Server thread/INFO] [net.minecraft.server.network.ServerCommonPacketListenerImpl/]: Stopping singleplayer server as player logged out
[23Mai2026 12:26:03.028] [Server thread/INFO] [net.minecraft.server.MinecraftServer/]: Stopping server
[23Mai2026 12:26:03.028] [Server thread/INFO] [net.minecraft.server.MinecraftServer/]: Saving players
[23Mai2026 12:26:03.028] [Server thread/INFO] [net.minecraft.server.MinecraftServer/]: Saving worlds
[23Mai2026 12:26:03.106] [Server thread/INFO] [net.minecraft.server.MinecraftServer/]: Saving chunks for level 'ServerLevel[Test]'/minecraft:overworld
[23Mai2026 12:26:03.197] [Server thread/INFO] [net.minecraft.server.MinecraftServer/]: Saving chunks for level 'ServerLevel[Test]'/undergarden:undergarden
[23Mai2026 12:26:03.199] [Server thread/INFO] [net.minecraft.server.MinecraftServer/]: Saving chunks for level 'ServerLevel[Test]'/astral_dimension:astral_dimension
[23Mai2026 12:26:03.202] [Server thread/INFO] [net.minecraft.server.MinecraftServer/]: Saving chunks for level 'ServerLevel[Test]'/the_bumblezone:the_bumblezone
[23Mai2026 12:26:03.205] [Server thread/INFO] [net.minecraft.server.MinecraftServer/]: Saving chunks for level 'ServerLevel[Test]'/minecraft:the_end
[23Mai2026 12:26:03.208] [Server thread/INFO] [net.minecraft.server.MinecraftServer/]: Saving chunks for level 'ServerLevel[Test]'/twilightforest:twilight_forest
[23Mai2026 12:26:03.211] [Server thread/INFO] [net.minecraft.server.MinecraftServer/]: Saving chunks for level 'ServerLevel[Test]'/minecraft:the_nether
[23Mai2026 12:26:03.214] [Server thread/INFO] [net.minecraft.server.MinecraftServer/]: Saving chunks for level 'ServerLevel[Test]'/astral_dimension:setback
[23Mai2026 12:26:03.221] [Server thread/DEBUG] [net.neoforged.neoforge.common.CommonHooks/WP]: Gathered mod list to write to world save Test
[23Mai2026 12:26:03.228] [Server thread/INFO] [net.minecraft.server.MinecraftServer/]: ThreadedAnvilChunkStorage (Test): All chunks are saved
[23Mai2026 12:26:03.228] [Server thread/INFO] [net.minecraft.server.MinecraftServer/]: ThreadedAnvilChunkStorage (undergarden): All chunks are saved
[23Mai2026 12:26:03.228] [Server thread/INFO] [net.minecraft.server.MinecraftServer/]: ThreadedAnvilChunkStorage (astral_dimension): All chunks are saved
[23Mai2026 12:26:03.228] [Server thread/INFO] [net.minecraft.server.MinecraftServer/]: ThreadedAnvilChunkStorage (the_bumblezone): All chunks are saved
[23Mai2026 12:26:03.228] [Server thread/INFO] [net.minecraft.server.MinecraftServer/]: ThreadedAnvilChunkStorage (DIM1): All chunks are saved
[23Mai2026 12:26:03.228] [Server thread/INFO] [net.minecraft.server.MinecraftServer/]: ThreadedAnvilChunkStorage (twilight_forest): All chunks are saved
[23Mai2026 12:26:03.228] [Server thread/INFO] [net.minecraft.server.MinecraftServer/]: ThreadedAnvilChunkStorage (DIM-1): All chunks are saved
[23Mai2026 12:26:03.228] [Server thread/INFO] [net.minecraft.server.MinecraftServer/]: ThreadedAnvilChunkStorage (setback): All chunks are saved
[23Mai2026 12:26:03.228] [Server thread/INFO] [net.minecraft.server.MinecraftServer/]: ThreadedAnvilChunkStorage: All dimensions are saved
[23Mai2026 12:26:03.242] [Server thread/DEBUG] [net.neoforged.fml.config.ConfigTracker/CONFIG]: Unloading configs type SERVER
[23Mai2026 12:26:10.736] [Render thread/INFO] [net.minecraft.server.packs.resources.ReloadableResourceManager/]: Reloading ResourceManager: vanilla, mod_resources, mod/resourcefullib, mod/geckolib, mod/undergarden, mod/commonnetworking, mod/the_bumblezone, mod/simplegps, mod/twilightforest, mod/reliquary, mod/journeymap_api, mod/athena, mod/journeymap, mod/neoforge, mod/astral_dimension
[23Mai2026 12:26:10.738] [Worker-Main-1/INFO] [net.minecraft.client.gui.font.providers.UnihexProvider/]: Found unifont_all_no_pua-15.1.05.hex, loading
[23Mai2026 12:26:10.740] [Worker-Main-15/INFO] [net.minecraft.client.gui.font.providers.UnihexProvider/]: Found unifont_jp_patch-15.1.05.hex, loading
[23Mai2026 12:26:10.881] [Worker-Main-11/WARN] [net.minecraft.client.renderer.texture.SpriteLoader/]: Texture astral_dimension:block/lucid_bell with size 64x35 limits mip level from 4 to 0
[23Mai2026 12:26:11.224] [Worker-Main-14/WARN] [net.minecraft.client.resources.model.ModelBakery/]: Unable to load model: 'minecraft:amethyst_helmet' referenced from: astral_dimension:block/amethyst_helmet: java.io.FileNotFoundException: minecraft:models/amethyst_helmet.json
[23Mai2026 12:26:11.224] [Worker-Main-14/WARN] [net.minecraft.client.resources.model.ModelBakery/]: Unable to load model: 'minecraft:amethyst_lantern' referenced from: astral_dimension:block/amethyst_lantern: java.io.FileNotFoundException: minecraft:models/amethyst_lantern.json
[23Mai2026 12:26:11.225] [Worker-Main-14/WARN] [net.minecraft.client.resources.model.ModelBakery/]: Unable to load model: 'minecraft:fiery_cactus' referenced from: astral_dimension:block/fiery_cactus: java.io.FileNotFoundException: minecraft:models/fiery_cactus.json
[23Mai2026 12:26:11.225] [Worker-Main-14/WARN] [net.minecraft.client.resources.model.ModelBakery/]: Unable to load model: 'minecraft:void_worm_egg' referenced from: astral_dimension:block/void_worm_egg: java.io.FileNotFoundException: minecraft:models/void_worm_egg.json
[23Mai2026 12:26:11.234] [Worker-Main-14/WARN] [net.minecraft.client.resources.model.ModelBakery/]: Unable to load model: 'minecraft:shade_chest' referenced from: astral_dimension:block/shade_chest: java.io.FileNotFoundException: minecraft:models/shade_chest.json
[23Mai2026 12:26:11.241] [Worker-Main-14/WARN] [net.minecraft.client.resources.model.ModelBakery/]: Unable to load model: 'minecraft:astranite_cauldron' referenced from: astral_dimension:block/astranite_cauldron: java.io.FileNotFoundException: minecraft:models/astranite_cauldron.json
[23Mai2026 12:26:11.242] [Worker-Main-14/WARN] [net.minecraft.client.resources.model.ModelBakery/]: Unable to load model: 'minecraft:solar_shrub' referenced from: astral_dimension:block/solar_shrub: java.io.FileNotFoundException: minecraft:models/solar_shrub.json
[23Mai2026 12:26:11.243] [Worker-Main-14/WARN] [net.minecraft.client.resources.model.ModelBakery/]: Unable to load model: 'minecraft:large_solar_shrub' referenced from: astral_dimension:block/large_solar_shrub: java.io.FileNotFoundException: minecraft:models/large_solar_shrub.json
[23Mai2026 12:26:11.243] [Worker-Main-14/WARN] [net.minecraft.client.resources.model.ModelBakery/]: Unable to load model: 'minecraft:firestorm_egg' referenced from: astral_dimension:block/firestorm_egg: java.io.FileNotFoundException: minecraft:models/firestorm_egg.json
[23Mai2026 12:26:11.243] [Worker-Main-14/WARN] [net.minecraft.client.resources.model.ModelBakery/]: Unable to load model: 'minecraft:hot_cake' referenced from: astral_dimension:block/hot_cake: java.io.FileNotFoundException: minecraft:models/hot_cake.json
[23Mai2026 12:26:11.244] [Worker-Main-14/WARN] [net.minecraft.client.resources.model.ModelBakery/]: Unable to load model: 'minecraft:hot_cake_2' referenced from: astral_dimension:block/hot_cake_2: java.io.FileNotFoundException: minecraft:models/hot_cake_2.json
[23Mai2026 12:26:11.244] [Worker-Main-14/WARN] [net.minecraft.client.resources.model.ModelBakery/]: Unable to load model: 'minecraft:hot_cake_3' referenced from: astral_dimension:block/hot_cake_3: java.io.FileNotFoundException: minecraft:models/hot_cake_3.json
[23Mai2026 12:26:11.244] [Worker-Main-14/WARN] [net.minecraft.client.resources.model.ModelBakery/]: Unable to load model: 'minecraft:hot_cake_4' referenced from: astral_dimension:block/hot_cake_4: java.io.FileNotFoundException: minecraft:models/hot_cake_4.json
[23Mai2026 12:26:11.244] [Worker-Main-14/WARN] [net.minecraft.client.resources.model.ModelBakery/]: Unable to load model: 'minecraft:hot_cake_5' referenced from: astral_dimension:block/hot_cake_5: java.io.FileNotFoundException: minecraft:models/hot_cake_5.json
[23Mai2026 12:26:11.244] [Worker-Main-14/WARN] [net.minecraft.client.resources.model.ModelBakery/]: Unable to load model: 'minecraft:sparkly_cake' referenced from: astral_dimension:block/sparkly_cake: java.io.FileNotFoundException: minecraft:models/sparkly_cake.json
[23Mai2026 12:26:11.244] [Worker-Main-14/WARN] [net.minecraft.client.resources.model.ModelBakery/]: Unable to load model: 'minecraft:sparkly_cake_2' referenced from: astral_dimension:block/sparkly_cake_2: java.io.FileNotFoundException: minecraft:models/sparkly_cake_2.json
[23Mai2026 12:26:11.244] [Worker-Main-14/WARN] [net.minecraft.client.resources.model.ModelBakery/]: Unable to load model: 'minecraft:sparkly_cake_3' referenced from: astral_dimension:block/sparkly_cake_3: java.io.FileNotFoundException: minecraft:models/sparkly_cake_3.json
[23Mai2026 12:26:11.244] [Worker-Main-14/WARN] [net.minecraft.client.resources.model.ModelBakery/]: Unable to load model: 'minecraft:sparkly_cake_4' referenced from: astral_dimension:block/sparkly_cake_4: java.io.FileNotFoundException: minecraft:models/sparkly_cake_4.json
[23Mai2026 12:26:11.244] [Worker-Main-14/WARN] [net.minecraft.client.resources.model.ModelBakery/]: Unable to load model: 'minecraft:sparkly_cake_5' referenced from: astral_dimension:block/sparkly_cake_5: java.io.FileNotFoundException: minecraft:models/sparkly_cake_5.json
[23Mai2026 12:26:11.244] [Worker-Main-14/WARN] [net.minecraft.client.resources.model.ModelBakery/]: Unable to load model: 'minecraft:ghoulish_pie' referenced from: astral_dimension:block/ghoulish_pie: java.io.FileNotFoundException: minecraft:models/ghoulish_pie.json
[23Mai2026 12:26:11.244] [Worker-Main-14/WARN] [net.minecraft.client.resources.model.ModelBakery/]: Unable to load model: 'minecraft:ghoulish_pie_2' referenced from: astral_dimension:block/ghoulish_pie_2: java.io.FileNotFoundException: minecraft:models/ghoulish_pie_2.json
[23Mai2026 12:26:11.244] [Worker-Main-14/WARN] [net.minecraft.client.resources.model.ModelBakery/]: Unable to load model: 'minecraft:ghoulish_pie_3' referenced from: astral_dimension:block/ghoulish_pie_3: java.io.FileNotFoundException: minecraft:models/ghoulish_pie_3.json
[23Mai2026 12:26:11.244] [Worker-Main-14/WARN] [net.minecraft.client.resources.model.ModelBakery/]: Unable to load model: 'minecraft:ghoulish_pie_4' referenced from: astral_dimension:block/ghoulish_pie_4: java.io.FileNotFoundException: minecraft:models/ghoulish_pie_4.json
[23Mai2026 12:26:11.245] [Worker-Main-14/WARN] [net.minecraft.client.resources.model.ModelBakery/]: Unable to load model: 'minecraft:ghoulish_pie_5' referenced from: astral_dimension:block/ghoulish_pie_5: java.io.FileNotFoundException: minecraft:models/ghoulish_pie_5.json
[23Mai2026 12:26:11.245] [Worker-Main-14/WARN] [net.minecraft.client.resources.model.ModelBakery/]: Unable to load model: 'minecraft:magma_puffball' referenced from: astral_dimension:block/magma_puffball: java.io.FileNotFoundException: minecraft:models/magma_puffball.json
[23Mai2026 12:26:11.245] [Worker-Main-14/WARN] [net.minecraft.client.resources.model.ModelBakery/]: Unable to load model: 'minecraft:astranite_cage' referenced from: astral_dimension:block/astranite_cage: java.io.FileNotFoundException: minecraft:models/astranite_cage.json
[23Mai2026 12:26:11.258] [Worker-Main-14/WARN] [net.minecraft.client.resources.model.ModelBakery/]: Unable to load model: 'minecraft:megvin_egg' referenced from: astral_dimension:block/megvin_egg: java.io.FileNotFoundException: minecraft:models/megvin_egg.json
[23Mai2026 12:26:11.261] [Worker-Main-14/WARN] [net.minecraft.client.resources.model.ModelBakery/]: Unable to load model: 'minecraft:sewer_void_worm_egg' referenced from: astral_dimension:block/sewer_void_worm_egg: java.io.FileNotFoundException: minecraft:models/sewer_void_worm_egg.json
[23Mai2026 12:26:11.261] [Worker-Main-14/WARN] [net.minecraft.client.resources.model.ModelBakery/]: Unable to load model: 'minecraft:lucid_bell' referenced from: astral_dimension:block/lucid_bell: java.io.FileNotFoundException: minecraft:models/lucid_bell.json
[23Mai2026 12:26:11.262] [Worker-Main-14/WARN] [net.minecraft.client.resources.model.ModelBakery/]: Unable to load model: 'minecraft:supreme_altar' referenced from: astral_dimension:block/supreme_altar: java.io.FileNotFoundException: minecraft:models/supreme_altar.json
[23Mai2026 12:26:11.262] [Worker-Main-14/WARN] [net.minecraft.client.resources.model.ModelBakery/]: Unable to load model: 'minecraft:supreme_altar_ready' referenced from: astral_dimension:block/supreme_altar_ready: java.io.FileNotFoundException: minecraft:models/supreme_altar_ready.json
[23Mai2026 12:26:11.839] [Worker-Main-14/WARN] [net.minecraft.client.resources.model.ModelManager/]: Missing textures in model astral_dimension:sludge_plant_stage_3#inventory:
    minecraft:textures/atlas/blocks.png:astral_dimension:item/sludgy_seeds
[23Mai2026 12:26:11.840] [Worker-Main-14/WARN] [net.minecraft.client.resources.model.ModelManager/]: Missing textures in model astral_dimension:lucid_bell#facing=south:
    minecraft:textures/atlas/blocks.png:astral_dimension:block/
[23Mai2026 12:26:11.840] [Worker-Main-14/WARN] [net.minecraft.client.resources.model.ModelManager/]: Missing textures in model astral_dimension:lucid_bell#facing=east:
    minecraft:textures/atlas/blocks.png:astral_dimension:block/
[23Mai2026 12:26:11.840] [Worker-Main-14/WARN] [net.minecraft.client.resources.model.ModelManager/]: Missing textures in model astral_dimension:lucid_bell_cooldown#facing=west:
    minecraft:textures/atlas/blocks.png:astral_dimension:block/
[23Mai2026 12:26:11.840] [Worker-Main-14/WARN] [net.minecraft.client.resources.model.ModelManager/]: Missing textures in model astral_dimension:astral_trophy_spinning#inventory:
    minecraft:textures/atlas/blocks.png:minecraft:block/astral_trophy
[23Mai2026 12:26:11.840] [Worker-Main-14/WARN] [net.minecraft.client.resources.model.ModelManager/]: Missing textures in model astral_dimension:sludge_plant_stage_4#inventory:
    minecraft:textures/atlas/blocks.png:astral_dimension:item/sludgy_seeds
[23Mai2026 12:26:11.840] [Worker-Main-14/WARN] [net.minecraft.client.resources.model.ModelManager/]: Missing textures in model astral_dimension:sludge_plant_stage_2#inventory:
    minecraft:textures/atlas/blocks.png:astral_dimension:item/sludgy_seeds
[23Mai2026 12:26:11.840] [Worker-Main-14/WARN] [net.minecraft.client.resources.model.ModelManager/]: Missing textures in model astral_dimension:lucid_bell_cooldown#facing=east:
    minecraft:textures/atlas/blocks.png:astral_dimension:block/
[23Mai2026 12:26:11.840] [Worker-Main-14/WARN] [net.minecraft.client.resources.model.ModelManager/]: Missing textures in model astral_dimension:abandoned_wand#facing=north:
    minecraft:textures/atlas/blocks.png:astral_dimension:block/
[23Mai2026 12:26:11.840] [Worker-Main-14/WARN] [net.minecraft.client.resources.model.ModelManager/]: Missing textures in model astral_dimension:sludge_plant_stage_5#inventory:
    minecraft:textures/atlas/blocks.png:astral_dimension:item/sludgy_seeds
[23Mai2026 12:26:11.840] [Worker-Main-14/WARN] [net.minecraft.client.resources.model.ModelManager/]: Missing textures in model astral_dimension:lucid_bell#facing=north:
    minecraft:textures/atlas/blocks.png:astral_dimension:block/
[23Mai2026 12:26:11.840] [Worker-Main-14/WARN] [net.minecraft.client.resources.model.ModelManager/]: Missing textures in model astral_dimension:sewer_void_worm_egg#:
    minecraft:textures/atlas/blocks.png:astral_dimension:block/
[23Mai2026 12:26:11.840] [Worker-Main-14/WARN] [net.minecraft.client.resources.model.ModelManager/]: Missing textures in model astral_dimension:lucid_bell_cooldown#facing=north:
    minecraft:textures/atlas/blocks.png:astral_dimension:block/
[23Mai2026 12:26:11.840] [Worker-Main-14/WARN] [net.minecraft.client.resources.model.ModelManager/]: Missing textures in model astral_dimension:lucid_bell_cooldown#facing=south:
    minecraft:textures/atlas/blocks.png:astral_dimension:block/
[23Mai2026 12:26:11.840] [Worker-Main-14/WARN] [net.minecraft.client.resources.model.ModelManager/]: Missing textures in model astral_dimension:abandoned_wand#facing=south:
    minecraft:textures/atlas/blocks.png:astral_dimension:block/
[23Mai2026 12:26:11.840] [Worker-Main-14/WARN] [net.minecraft.client.resources.model.ModelManager/]: Missing textures in model astral_dimension:abandoned_wand#facing=east:
    minecraft:textures/atlas/blocks.png:astral_dimension:block/
[23Mai2026 12:26:11.840] [Worker-Main-14/WARN] [net.minecraft.client.resources.model.ModelManager/]: Missing textures in model astral_dimension:lucid_bell#facing=west:
    minecraft:textures/atlas/blocks.png:astral_dimension:block/
[23Mai2026 12:26:11.840] [Worker-Main-14/WARN] [net.minecraft.client.resources.model.ModelManager/]: Missing textures in model astral_dimension:abandoned_wand#facing=west:
    minecraft:textures/atlas/blocks.png:astral_dimension:block/
[23Mai2026 12:26:11.989] [Render thread/WARN] [net.minecraft.client.sounds.SoundEngine/]: Missing sound for event: minecraft:item.goat_horn.play
[23Mai2026 12:26:11.990] [Render thread/WARN] [net.minecraft.client.sounds.SoundEngine/]: Missing sound for event: minecraft:entity.goat.screaming.horn_break
[23Mai2026 12:26:12.057] [Render thread/INFO] [com.mojang.blaze3d.audio.Library/]: OpenAL initialized on device OpenAL Soft on Voicemeeter Input (VB-Audio Voicemeeter VAIO)
[23Mai2026 12:26:12.058] [Render thread/INFO] [net.minecraft.client.sounds.SoundEngine/SOUNDS]: Sound engine started
[23Mai2026 12:26:12.122] [Render thread/INFO] [net.minecraft.client.renderer.texture.TextureAtlas/]: Created: 2048x1024x4 minecraft:textures/atlas/blocks.png-atlas
[23Mai2026 12:26:12.147] [Render thread/INFO] [net.minecraft.client.renderer.texture.TextureAtlas/]: Created: 512x256x4 minecraft:textures/atlas/signs.png-atlas
[23Mai2026 12:26:12.147] [Render thread/INFO] [net.minecraft.client.renderer.texture.TextureAtlas/]: Created: 512x512x4 minecraft:textures/atlas/banner_patterns.png-atlas
[23Mai2026 12:26:12.148] [Render thread/INFO] [net.minecraft.client.renderer.texture.TextureAtlas/]: Created: 512x512x4 minecraft:textures/atlas/shield_patterns.png-atlas
[23Mai2026 12:26:12.148] [Render thread/INFO] [net.minecraft.client.renderer.texture.TextureAtlas/]: Created: 2048x1024x4 minecraft:textures/atlas/armor_trims.png-atlas
[23Mai2026 12:26:12.153] [Render thread/INFO] [net.minecraft.client.renderer.texture.TextureAtlas/]: Created: 128x64x4 minecraft:textures/atlas/decorated_pot.png-atlas
[23Mai2026 12:26:12.153] [Render thread/INFO] [net.minecraft.client.renderer.texture.TextureAtlas/]: Created: 512x512x4 minecraft:textures/atlas/chest.png-atlas
[23Mai2026 12:26:12.153] [Render thread/INFO] [net.minecraft.client.renderer.texture.TextureAtlas/]: Created: 512x256x4 minecraft:textures/atlas/shulker_boxes.png-atlas
[23Mai2026 12:26:12.153] [Render thread/INFO] [net.minecraft.client.renderer.texture.TextureAtlas/]: Created: 512x256x4 minecraft:textures/atlas/beds.png-atlas
[23Mai2026 12:26:12.164] [Render thread/INFO] [net.minecraft.client.renderer.texture.TextureAtlas/]: Created: 512x256x0 minecraft:textures/atlas/particles.png-atlas
[23Mai2026 12:26:12.165] [Render thread/INFO] [net.minecraft.client.renderer.texture.TextureAtlas/]: Created: 512x256x0 minecraft:textures/atlas/paintings.png-atlas
[23Mai2026 12:26:12.165] [Render thread/INFO] [net.minecraft.client.renderer.texture.TextureAtlas/]: Created: 256x128x0 minecraft:textures/atlas/mob_effects.png-atlas
[23Mai2026 12:26:12.165] [Render thread/INFO] [net.minecraft.client.renderer.texture.TextureAtlas/]: Created: 64x64x0 minecraft:textures/atlas/map_decorations.png-atlas
[23Mai2026 12:26:12.165] [Render thread/INFO] [net.minecraft.client.renderer.texture.TextureAtlas/]: Created: 1024x512x0 minecraft:textures/atlas/gui.png-atlas
[23Mai2026 12:26:12.173] [Render thread/WARN] [net.minecraft.client.renderer.ShaderInstance/]: Shader rendertype_entity_translucent_emissive could not find sampler named Sampler2 in the specified shader program.
[23Mai2026 12:26:12.191] [Render thread/WARN] [net.minecraft.client.renderer.ShaderInstance/]: Shader journeymap:sepia_3 could not find uniform named ColorModulator in the specified shader program.
[23Mai2026 12:26:12.191] [Render thread/WARN] [net.minecraft.client.renderer.ShaderInstance/]: Shader journeymap:sepia_2 could not find uniform named ColorModulator in the specified shader program.
[23Mai2026 12:26:12.192] [Render thread/WARN] [net.minecraft.client.renderer.ShaderInstance/]: Shader journeymap:sepia_1 could not find uniform named ColorModulator in the specified shader program.
[23Mai2026 12:26:12.200] [Render thread/INFO] [net.minecraft.client.renderer.texture.TextureAtlas/]: Created: 512x512x0 twilightforest:textures/atlas/magic_paintings.png-atlas
[23Mai2026 12:26:12.202] [Render thread/INFO] [net.neoforged.neoforge.client.entity.animation.json.AnimationLoader/]: Loaded 0 entity animations
[23Mai2026 12:26:12.211] [Render thread/DEBUG] [twilightforest/]: Reloaded ISTER!
[23Mai2026 12:26:53.243] [Render thread/INFO] [net.minecraft.client.Minecraft/]: Stopping!
